{"type":"FeatureCollection","features":[{"type":"Feature","geometry":{"type":"MultiLineString","coordinates":[[[-93.58187,35.20319],[-93.58197,35.20289],[-93.58203,35.20255],[-93.58212,35.20235],[-93.58226,35.20225],[-93.5823,35.20199],[-93.58226,35.20175],[-93.58206,35.20144],[-93.58191,35.2013],[-93.58106,35.20102],[-93.58067,35.20085],[-93.58014,35.20051],[-93.57995,35.20035],[-93.57972,35.19998],[-93.57984,35.19962],[-93.57997,35.19945],[-93.58008,35.19925],[-93.58021,35.19871],[-93.58013,35.1984],[-93.58001,35.19815],[-93.57958,35.19755],[-93.57954,35.19731],[-93.57955,35.19707],[-93.57958,35.19693],[-93.57971,35.19675],[-93.58009,35.19636]]]},"properties":{"id":"96035C","mvum_symbol_name":"Roads open to highway legal vehicles only, Yearlong","surfacetype":"NAT - NATIVE MATERIAL","seasonal":"yearlong","passengervehicle":"open","passengervehicle_datesopen":"01/01-12/31","highclearancevehicle":"open","highclearancevehicle_datesopen":"01/01-12/31","kind":"road"}},{"type":"Feature","geometry":{"type":"MultiLineString","coordinates":[[[-93.62205,35.22341],[-93.62192,35.22366],[-93.62193,35.22414],[-93.62185,35.22431],[-93.62179,35.22438],[-93.62171,35.22442],[-93.62151,35.22438],[-93.62143,35.22433],[-93.6214,35.22422],[-93.62143,35.22375],[-93.62141,35.22353],[-93.62108,35.22314],[-93.62108,35.22303],[-93.62117,35.22299],[-93.62145,35.22301],[-93.62175,35.22329],[-93.62205,35.22341]]]},"properties":{"id":"1608D","name":"COVE LAKE C.G. B","mvum_symbol_name":"Roads open to highway legal vehicles only, Yearlong","surfacetype":"BST - BITUMINOUS SURFACE TREATMENT","seasonal":"yearlong","passengervehicle":"open","passengervehicle_datesopen":"01/01-12/31","highclearancevehicle":"open","highclearancevehicle_datesopen":"01/01-12/31","kind":"road"}},{"type":"Feature","geometry":{"type":"MultiLineString","coordinates":[[[-93.42359,35.15583],[-93.42412,35.15551],[-93.42443,35.15542],[-93.42619,35.15525],[-93.42637,35.15521],[-93.42652,35.1551],[-93.42657,35.15494],[-93.42653,35.15467],[-93.4261,35.15404],[-93.42566,35.15356],[-93.42537,35.15337],[-93.42412,35.15284],[-93.42395,35.15282],[-93.42162,35.15306],[-93.42091,35.15307],[-93.42035,35.153],[-93.41952,35.1528],[-93.41862,35.1525],[-93.41846,35.1524],[-93.41832,35.15225],[-93.41825,35.15215],[-93.41824,35.15201],[-93.41835,35.15181],[-93.41904,35.15115],[-93.41916,35.15105],[-93.41929,35.151],[-93.4196,35.15091],[-93.42026,35.15085],[-93.4212,35.15086],[-93.4214,35.15088],[-93.42193,35.15103],[-93.42222,35.15115],[-93.42246,35.15119],[-93.42263,35.15113],[-93.42315,35.15077],[-93.42358,35.15053],[-93.4239,35.15027],[-93.42435,35.15018],[-93.42468,35.15019],[-93.42499,35.15025],[-93.4252,35.15022],[-93.42524,35.15013],[-93.42527,35.14996],[-93.42527,35.1496]],[[-93.42351,35.15615],[-93.42359,35.15583],[-93.42322,35.15592]]]},"properties":{"id":"1602A","name":"SPRING LAKE REC AREA MAIN ROAD","mvum_symbol_name":"Roads open to highway legal vehicles only, Seasonal","surfacetype":"AC - ASPHALT","seasonal":"seasonal","passengervehicle":"open","passengervehicle_datesopen":"05/30-09/01","highclearancevehicle":"open","highclearancevehicle_datesopen":"05/30-09/01","kind":"road"}},{"type":"Feature","geometry":{"type":"MultiLineString","coordinates":[[[-93.63065,35.23097],[-93.63062,35.23087],[-93.63054,35.23078],[-93.63029,35.23065],[-93.62994,35.23029],[-93.62915,35.23003],[-93.62862,35.22996],[-93.62838,35.2298],[-93.62829,35.2296],[-93.62827,35.22939],[-93.62829,35.22931],[-93.62851,35.22898],[-93.62853,35.22884],[-93.62851,35.22869],[-93.62829,35.22837],[-93.6275,35.22764],[-93.62711,35.22713],[-93.62644,35.2268],[-93.62624,35.22661],[-93.62604,35.22631],[-93.62585,35.22612],[-93.62572,35.22601],[-93.62533,35.22583],[-93.62519,35.22573],[-93.62502,35.22539],[-93.625,35.22527],[-93.62501,35.22517]]]},"properties":{"id":"1608","name":"COVE LAKE","mvum_symbol_name":"Roads open to highway legal vehicles only, Yearlong","surfacetype":"BST - BITUMINOUS SURFACE TREATMENT","seasonal":"yearlong","passengervehicle":"open","passengervehicle_datesopen":"01/01-12/31","highclearancevehicle":"open","highclearancevehicle_datesopen":"01/01-12/31","kind":"road"}},{"type":"Feature","geometry":{"type":"MultiLineString","coordinates":[[[-93.41218,35.2512],[-93.41117,35.25088],[-93.41097,35.25085],[-93.40978,35.25087],[-93.40952,35.25084],[-93.40867,35.25067],[-93.40839,35.25058],[-93.40779,35.25045],[-93.40713,35.25035],[-93.40592,35.25039],[-93.40459,35.25061],[-93.404,35.25059],[-93.40386,35.25057],[-93.40365,35.25047],[-93.40338,35.2502],[-93.40337,35.24998],[-93.40316,35.2498],[-93.40241,35.24942],[-93.401,35.24858],[-93.40053,35.24834],[-93.40018,35.24818],[-93.39981,35.24806],[-93.39946,35.248],[-93.39899,35.24797],[-93.39814,35.24802],[-93.39729,35.24822],[-93.39615,35.24857],[-93.39569,35.24857],[-93.39512,35.2484],[-93.39482,35.24822],[-93.39421,35.24756],[-93.39411,35.24751],[-93.39392,35.24748],[-93.39356,35.24756],[-93.39319,35.24756],[-93.39279,35.24751],[-93.39256,35.24738],[-93.39248,35.24724],[-93.39242,35.24695],[-93.39257,35.24621],[-93.39259,35.2459],[-93.39255,35.24574],[-93.3924,35.24547],[-93.39226,35.24532],[-93.39198,35.24514],[-93.39166,35.24498],[-93.39145,35.24478],[-93.39137,35.24455],[-93.39137,35.24417],[-93.39147,35.24389],[-93.39164,35.24361],[-93.39221,35.24293],[-93.39241,35.24261],[-93.39264,35.24159],[-93.39282,35.24101],[-93.39356,35.23967],[-93.3937,35.23923],[-93.39385,35.23898],[-93.39396,35.23868],[-93.39422,35.23731],[-93.39426,35.23668],[-93.39424,35.23639],[-93.39413,35.23607],[-93.39398,35.23587],[-93.39381,35.23573],[-93.39333,35.23546],[-93.39307,35.23536],[-93.39239,35.23518],[-93.39138,35.23503],[-93.39111,35.23491],[-93.391,35.23479],[-93.39084,35.23442],[-93.39048,35.23409],[-93.39026,35.23395],[-93.38865,35.2333],[-93.38799,35.23309],[-93.3864,35.23268],[-93.38572,35.23256],[-93.3855,35.23247],[-93.38518,35.23217],[-93.38481,35.23166],[-93.38434,35.23111],[-93.38349,35.22988],[-93.38326,35.22962],[-93.38313,35.22952],[-93.3829,35.22944],[-93.38199,35.22933],[-93.38128,35.22908],[-93.38066,35.22858],[-93.38046,35.22845],[-93.37982,35.22823],[-93.37935,35.22786]]]},"properties":{"id":"1694","name":"MCREYNOLDS CEMETARY","mvum_symbol_name":"Roads open to all Vehicles, Yearlong","surfacetype":"IMP - IMPROVED NATIVE MATERIAL","seasonal":"yearlong","passengervehicle":"open","passengervehicle_datesopen":"01/01-12/31","highclearancevehicle":"open","highclearancevehicle_datesopen":"01/01-12/31","atv":"open","atv_datesopen":"01/01-12/31","motorcycle":"open","motorcycle_datesopen":"01/01-12/31","kind":"road"}},{"type":"Feature","geometry":{"type":"MultiLineString","coordinates":[[[-93.65551,35.22628],[-93.65553,35.22647],[-93.65547,35.22665],[-93.65536,35.22684],[-93.65521,35.227],[-93.65498,35.22718],[-93.6547,35.22736],[-93.65397,35.22765],[-93.65372,35.2279],[-93.65349,35.22807],[-93.65339,35.22824],[-93.65332,35.22848],[-93.6533,35.22895],[-93.65325,35.22914],[-93.65258,35.23016],[-93.65268,35.23084],[-93.65275,35.23097],[-93.65323,35.23131],[-93.65336,35.23148],[-93.65345,35.23169],[-93.65355,35.23204],[-93.6535,35.23314],[-93.65337,35.23344],[-93.65368,35.23456]]]},"properties":{"id":"1610A","name":"CORLEY A","mvum_symbol_name":"Roads open to highway legal vehicles only, Yearlong","surfacetype":"NAT - NATIVE MATERIAL","seasonal":"yearlong","passengervehicle":"open","passengervehicle_datesopen":"01/01-12/31","highclearancevehicle":"open","highclearancevehicle_datesopen":"01/01-12/31","kind":"road"}},{"type":"Feature","geometry":{"type":"MultiLineString","coordinates":[[[-93.58088,35.15969],[-93.58061,35.15978],[-93.58029,35.16002],[-93.58026,35.16012],[-93.58026,35.1602],[-93.58036,35.16043],[-93.58034,35.16055],[-93.58019,35.16081],[-93.58032,35.16136],[-93.58026,35.16168],[-93.58018,35.16185],[-93.5802,35.1619],[-93.58018,35.16198],[-93.58008,35.16218],[-93.58003,35.16249],[-93.5802,35.1629],[-93.58009,35.16323],[-93.58005,35.16332],[-93.57985,35.16349],[-93.57966,35.16384],[-93.57928,35.16398],[-93.57913,35.1641],[-93.5791,35.16423],[-93.57914,35.16458],[-93.5794,35.16502],[-93.57956,35.16513],[-93.57995,35.16524],[-93.57995,35.16529],[-93.57985,35.16537],[-93.5798,35.16548],[-93.57985,35.16561],[-93.57996,35.16574],[-93.58002,35.16592],[-93.58004,35.16627],[-93.57995,35.16652],[-93.5797,35.16668],[-93.57968,35.16674],[-93.5797,35.16683],[-93.57983,35.16687],[-93.57998,35.167],[-93.58001,35.16707],[-93.57987,35.16766],[-93.57992,35.16788],[-93.58,35.16801],[-93.58001,35.16808],[-93.5799,35.16817],[-93.57958,35.16815],[-93.5793,35.16824],[-93.5792,35.16822],[-93.57887,35.16798],[-93.57848,35.16783],[-93.57792,35.1677],[-93.57778,35.16768],[-93.57761,35.16772],[-93.57698,35.1677],[-93.57651,35.16781],[-93.57631,35.16789],[-93.57612,35.16802],[-93.57598,35.16816],[-93.57588,35.16817],[-93.57562,35.16799],[-93.57556,35.1679],[-93.57533,35.16777],[-93.57514,35.16771],[-93.57452,35.16764],[-93.57444,35.16766],[-93.57413,35.16799],[-93.57373,35.16833],[-93.57352,35.16864],[-93.57322,35.16877],[-93.57305,35.16894],[-93.57262,35.16893],[-93.57222,35.16917],[-93.57194,35.16941],[-93.5718,35.16956],[-93.57171,35.16962],[-93.57147,35.16968],[-93.57137,35.16982],[-93.57121,35.16992],[-93.57108,35.16996],[-93.57082,35.16995],[-93.57074,35.17],[-93.57056,35.17027],[-93.57049,35.17032],[-93.57008,35.1704],[-93.56981,35.17057],[-93.56973,35.17076],[-93.56947,35.17104],[-93.56931,35.17128],[-93.56926,35.17153],[-93.56914,35.17168],[-93.56902,35.17198],[-93.56915,35.17228],[-93.56916,35.17247]]]},"properties":{"id":"1612B","mvum_symbol_name":"Roads open to all Vehicles, Yearlong","surfacetype":"NAT - NATIVE MATERIAL","seasonal":"yearlong","passengervehicle":"open","passengervehicle_datesopen":"01/01-12/31","highclearancevehicle":"open","highclearancevehicle_datesopen":"01/01-12/31","atv":"open","atv_datesopen":"01/01-12/31","motorcycle":"open","motorcycle_datesopen":"01/01-12/31","kind":"road"}},{"type":"Feature","geometry":{"type":"MultiLineString","coordinates":[[[-93.55079,35.23404],[-93.55026,35.23405],[-93.55015,35.234],[-93.54998,35.2341],[-93.5499,35.2341],[-93.54923,35.23406],[-93.54895,35.23402],[-93.54872,35.23393],[-93.54796,35.23386],[-93.54767,35.23386],[-93.54717,35.23375],[-93.5466,35.23387],[-93.54617,35.23376],[-93.54596,35.23388],[-93.54517,35.23378],[-93.54481,35.23384],[-93.5446,35.23384],[-93.54402,35.23367],[-93.54373,35.23374],[-93.54309,35.23363],[-93.54273,35.23363],[-93.54244,35.23369],[-93.54202,35.2337],[-93.54172,35.23387]]]},"properties":{"id":"96033C","mvum_symbol_name":"Roads open to all Vehicles, Yearlong","surfacetype":"NAT - NATIVE MATERIAL","seasonal":"yearlong","passengervehicle":"open","passengervehicle_datesopen":"01/01-12/31","highclearancevehicle":"open","highclearancevehicle_datesopen":"01/01-12/31","atv":"open","atv_datesopen":"01/01-12/31","motorcycle":"open","motorcycle_datesopen":"01/01-12/31","kind":"road"}},{"type":"Feature","geometry":{"type":"MultiLineString","coordinates":[[[-93.35163,35.18558],[-93.35139,35.19416]]]},"properties":{"id":"1641A","name":"JORDAN BRANCH A","mvum_symbol_name":"Roads open to highway legal vehicles only, Yearlong","surfacetype":"IMP - IMPROVED NATIVE MATERIAL","seasonal":"yearlong","passengervehicle":"open","passengervehicle_datesopen":"01/01-12/31","highclearancevehicle":"open","highclearancevehicle_datesopen":"01/01-12/31","kind":"road"}},{"type":"Feature","geometry":{"type":"MultiLineString","coordinates":[[[-93.62244,35.142],[-93.6221,35.14191],[-93.62195,35.14181],[-93.6219,35.14151],[-93.62147,35.14036],[-93.62147,35.1402],[-93.62127,35.1396],[-93.62113,35.13944],[-93.6211,35.13923],[-93.62099,35.13906],[-93.6207,35.13873],[-93.6205,35.13806],[-93.62048,35.13764],[-93.62035,35.13715],[-93.62037,35.13676],[-93.62045,35.1366],[-93.62047,35.13632],[-93.62028,35.13613],[-93.61961,35.13584],[-93.61954,35.13563],[-93.61957,35.13516]]]},"properties":{"id":"1678C","name":"HALF-A-SNAKE","mvum_symbol_name":"Roads open to highway legal vehicles only, Yearlong","surfacetype":"NAT - NATIVE MATERIAL","seasonal":"yearlong","passengervehicle":"open","passengervehicle_datesopen":"01/01-12/31","highclearancevehicle":"open","highclearancevehicle_datesopen":"01/01-12/31","kind":"road"}},{"type":"Feature","geometry":{"type":"MultiLineString","coordinates":[[[-93.64456,35.17109],[-93.64492,35.17115],[-93.64535,35.17112],[-93.64548,35.17107],[-93.64592,35.17066],[-93.64613,35.17055],[-93.64654,35.17052],[-93.64679,35.17053],[-93.64689,35.17065],[-93.64695,35.17105],[-93.64697,35.17151],[-93.64688,35.17196],[-93.64674,35.17236],[-93.64655,35.17269],[-93.6464,35.17285],[-93.64595,35.17301],[-93.64571,35.17296],[-93.64494,35.17293],[-93.64476,35.17281],[-93.64469,35.17267]]]},"properties":{"id":"1606G","name":"CAMERON BLUFF CAMPGROUND LOOP2","mvum_symbol_name":"Roads open to highway legal vehicles only, Yearlong","surfacetype":"P - PAVED","seasonal":"yearlong","passengervehicle":"open","passengervehicle_datesopen":"01/01-12/31","highclearancevehicle":"open","highclearancevehicle_datesopen":"01/01-12/31","kind":"road"}},{"type":"Feature","geometry":{"type":"MultiLineString","coordinates":[[[-93.68042,35.14133],[-93.68013,35.14117],[-93.67999,35.14105],[-93.67978,35.14058],[-93.67942,35.14003],[-93.67923,35.13945],[-93.67915,35.13938],[-93.67886,35.13931],[-93.67863,35.13932],[-93.67828,35.13941],[-93.67765,35.13944],[-93.67742,35.13953],[-93.67727,35.13954],[-93.67704,35.13943],[-93.67686,35.13925],[-93.67635,35.13895],[-93.67601,35.1388],[-93.67579,35.13858],[-93.67575,35.13833],[-93.67539,35.13804],[-93.67478,35.13767],[-93.67456,35.13751],[-93.67406,35.13736],[-93.67377,35.13718],[-93.67316,35.13667],[-93.673,35.13659],[-93.67277,35.13659],[-93.67249,35.13648],[-93.67226,35.13632]]]},"properties":{"id":"1696A","name":"DELTIC ROW","mvum_symbol_name":"Roads open to highway legal vehicles only, Yearlong","surfacetype":"NAT - NATIVE MATERIAL","seasonal":"yearlong","passengervehicle":"open","passengervehicle_datesopen":"01/01-12/31","highclearancevehicle":"open","highclearancevehicle_datesopen":"01/01-12/31","kind":"road"}},{"type":"Feature","geometry":{"type":"MultiLineString","coordinates":[[[-93.64787,35.16449],[-93.64771,35.16469],[-93.64742,35.16493],[-93.64661,35.16517],[-93.6464,35.16519],[-93.64601,35.16516]]]},"properties":{"id":"1636C","name":"STATE RANGERS HOUSE","mvum_symbol_name":"Roads open to highway legal vehicles only, Yearlong","surfacetype":"AGG - CRUSHED AGGREGATE OR GRAVEL","seasonal":"yearlong","passengervehicle":"open","passengervehicle_datesopen":"01/01-12/31","highclearancevehicle":"open","highclearancevehicle_datesopen":"01/01-12/31","kind":"road"}},{"type":"Feature","geometry":{"type":"MultiLineString","coordinates":[[[-93.51847,35.14176],[-93.51799,35.14235],[-93.51707,35.14335],[-93.51671,35.1438],[-93.51644,35.1443],[-93.51642,35.14445],[-93.51644,35.14464],[-93.5166,35.14508],[-93.5166,35.14528]]]},"properties":{"id":"1621D","mvum_symbol_name":"Roads open to highway legal vehicles only, Yearlong","surfacetype":"NAT - NATIVE MATERIAL","seasonal":"yearlong","passengervehicle":"open","passengervehicle_datesopen":"01/01-12/31","highclearancevehicle":"open","highclearancevehicle_datesopen":"01/01-12/31","kind":"road"}},{"type":"Feature","geometry":{"type":"MultiLineString","coordinates":[[[-93.61857,35.17417],[-93.61772,35.17405],[-93.61617,35.17424],[-93.61504,35.17476]]]},"properties":{"id":"1635","name":"GREENFIELD PICNIC","mvum_symbol_name":"Roads open to highway legal vehicles only, Yearlong","surfacetype":"BST - BITUMINOUS SURFACE TREATMENT","seasonal":"yearlong","passengervehicle":"open","passengervehicle_datesopen":"01/01-12/31","highclearancevehicle":"open","highclearancevehicle_datesopen":"01/01-12/31","kind":"road"}},{"type":"Feature","geometry":{"type":"MultiLineString","coordinates":[[[-93.51154,35.1932],[-93.51258,35.19303],[-93.51402,35.19255],[-93.51555,35.19223],[-93.51572,35.19216],[-93.51657,35.19157],[-93.5174,35.19114],[-93.51757,35.19099],[-93.51769,35.19081],[-93.51781,35.19051],[-93.51808,35.1901],[-93.51857,35.18974],[-93.51977,35.18914],[-93.52026,35.18894],[-93.52077,35.18882],[-93.52156,35.18872],[-93.5217,35.18868],[-93.52187,35.18856],[-93.52232,35.18813],[-93.52244,35.18806],[-93.52268,35.18807],[-93.52344,35.18854],[-93.52385,35.18872],[-93.52435,35.18881],[-93.52455,35.18877],[-93.52474,35.18867],[-93.5248,35.1886],[-93.52484,35.18847],[-93.52483,35.18827],[-93.52468,35.18768],[-93.52469,35.18746],[-93.5248,35.18693],[-93.52498,35.18644],[-93.52542,35.18575],[-93.52626,35.18407],[-93.52643,35.18357],[-93.52652,35.18301],[-93.52653,35.1826],[-93.52666,35.18225],[-93.52685,35.1819],[-93.52711,35.18161],[-93.52861,35.18022],[-93.52871,35.18008],[-93.52885,35.17961],[-93.52889,35.17903],[-93.52887,35.17824],[-93.52889,35.17811],[-93.52895,35.178],[-93.52942,35.17737],[-93.53031,35.1765],[-93.53091,35.17601],[-93.53213,35.17459],[-93.53259,35.17401],[-93.53298,35.17324],[-93.53322,35.17298],[-93.53491,35.17221],[-93.53521,35.17205],[-93.53547,35.17194],[-93.53619,35.17175],[-93.53647,35.17162],[-93.53668,35.1715],[-93.53734,35.17121],[-93.53761,35.17098],[-93.53772,35.17064],[-93.53771,35.16984],[-93.53773,35.16956],[-93.53833,35.16798],[-93.53857,35.16757],[-93.53876,35.16734],[-93.53901,35.16718],[-93.53964,35.16694],[-93.53982,35.16681],[-93.53989,35.16669],[-93.53998,35.1664],[-93.54002,35.16612],[-93.54014,35.16598],[-93.54075,35.16563],[-93.54187,35.16561],[-93.54238,35.16551],[-93.5428,35.16546],[-93.54544,35.16579],[-93.54676,35.16583],[-93.54752,35.16582],[-93.5477,35.16583],[-93.5481,35.16594],[-93.54825,35.16594],[-93.54838,35.16592],[-93.5487,35.16577],[-93.54954,35.16524],[-93.54976,35.1648],[-93.54995,35.16425],[-93.55009,35.16322],[-93.55009,35.16275],[-93.55018,35.16143],[-93.5507,35.16013],[-93.55084,35.15951],[-93.55117,35.15875],[-93.55116,35.15864],[-93.55088,35.15806],[-93.55047,35.15739],[-93.55012,35.15647]]]},"properties":{"id":"1690","name":"VALENTINE RIDGE","mvum_symbol_name":"Roads open to all Vehicles, Yearlong","surfacetype":"NAT - NATIVE MATERIAL","seasonal":"yearlong","passengervehicle":"open","passengervehicle_datesopen":"01/01-12/31","highclearancevehicle":"open","highclearancevehicle_datesopen":"01/01-12/31","atv":"open","atv_datesopen":"01/01-12/31","motorcycle":"open","motorcycle_datesopen":"01/01-12/31","kind":"road"}},{"type":"Feature","geometry":{"type":"MultiLineString","coordinates":[[[-93.49362,35.19435],[-93.49366,35.19166]]]},"properties":{"id":"96061A","mvum_symbol_name":"Roads open to highway legal vehicles only, Yearlong","surfacetype":"NAT - NATIVE MATERIAL","seasonal":"yearlong","passengervehicle":"open","passengervehicle_datesopen":"01/01-12/31","highclearancevehicle":"open","highclearancevehicle_datesopen":"01/01-12/31","kind":"road"}},{"type":"Feature","geometry":{"type":"MultiLineString","coordinates":[[[-93.44288,35.27041],[-93.44291,35.27029],[-93.44302,35.27016],[-93.44895,35.26842],[-93.44971,35.26799]]]},"properties":{"id":"96066D","mvum_symbol_name":"Roads open to all Vehicles, Yearlong","surfacetype":"NAT - NATIVE MATERIAL","seasonal":"yearlong","passengervehicle":"open","passengervehicle_datesopen":"01/01-12/31","highclearancevehicle":"open","highclearancevehicle_datesopen":"01/01-12/31","atv":"open","atv_datesopen":"01/01-12/31","motorcycle":"open","motorcycle_datesopen":"01/01-12/31","kind":"road"}},{"type":"Feature","geometry":{"type":"MultiLineString","coordinates":[[[-93.43184,35.15089],[-93.43232,35.15063],[-93.43237,35.15041],[-93.4321,35.15018],[-93.43134,35.14993],[-93.43067,35.14957],[-93.42985,35.1492],[-93.43002,35.14903],[-93.43115,35.14905],[-93.43153,35.14902],[-93.43188,35.14896],[-93.4324,35.14879],[-93.43286,35.14852],[-93.43317,35.14819],[-93.43354,35.14799],[-93.43443,35.14774],[-93.43577,35.1472],[-93.43622,35.14709],[-93.43762,35.14705],[-93.43815,35.14731],[-93.43931,35.14744],[-93.43958,35.14749],[-93.43987,35.1476],[-93.44185,35.14763],[-93.44235,35.14766],[-93.44373,35.14789],[-93.44539,35.14812],[-93.44636,35.14812],[-93.4469,35.14817],[-93.44799,35.14838],[-93.44834,35.14836],[-93.44909,35.14823],[-93.44947,35.14821],[-93.45143,35.14834],[-93.45211,35.14846],[-93.45226,35.14862],[-93.45261,35.14874],[-93.45311,35.14907],[-93.45343,35.14921],[-93.45384,35.14918],[-93.45396,35.14932],[-93.45413,35.14946],[-93.45441,35.14963],[-93.45456,35.14967],[-93.45493,35.14996],[-93.45548,35.1499],[-93.45574,35.14997],[-93.45592,35.1502],[-93.45618,35.15034],[-93.45746,35.15049],[-93.45807,35.15063],[-93.45854,35.15089],[-93.45902,35.1514],[-93.45937,35.15159],[-93.4595,35.1516],[-93.46018,35.15201],[-93.46067,35.15224],[-93.46173,35.15256],[-93.46202,35.15258],[-93.46234,35.15279],[-93.46243,35.15294],[-93.46223,35.1532],[-93.46191,35.15337],[-93.46133,35.1534],[-93.4611,35.15353],[-93.46032,35.1538],[-93.45989,35.15392],[-93.45914,35.15405],[-93.45853,35.15434],[-93.45854,35.15461],[-93.45898,35.15479],[-93.45968,35.15502],[-93.46014,35.15502],[-93.46078,35.15515],[-93.46136,35.1551],[-93.46163,35.15512],[-93.46224,35.15528],[-93.46274,35.15558],[-93.46306,35.15572],[-93.46318,35.15584],[-93.46347,35.156],[-93.46354,35.15647],[-93.46369,35.15676],[-93.46326,35.15703],[-93.46288,35.15713],[-93.46155,35.15727],[-93.46006,35.15709],[-93.45928,35.1571],[-93.45906,35.15749],[-93.45868,35.15775],[-93.45744,35.15805],[-93.45677,35.15816],[-93.45651,35.15809],[-93.45477,35.15809],[-93.45352,35.15844],[-93.45309,35.15849],[-93.45277,35.15847],[-93.45233,35.15836],[-93.45175,35.15843],[-93.45149,35.15863],[-93.45138,35.15884],[-93.45095,35.15913],[-93.45064,35.15931],[-93.45035,35.15957],[-93.45032,35.15989],[-93.45045,35.16014],[-93.45045,35.16052],[-93.4504,35.16081],[-93.4502,35.16103],[-93.44994,35.16122],[-93.44983,35.16141],[-93.44983,35.16163],[-93.44998,35.16184],[-93.45031,35.1621],[-93.4506,35.16219],[-93.45081,35.16245],[-93.45093,35.16278],[-93.45099,35.16309]]]},"properties":{"id":"1646","name":"WAGNER","mvum_symbol_name":"Roads open to all Vehicles, Yearlong","surfacetype":"NAT - NATIVE MATERIAL","seasonal":"yearlong","passengervehicle":"open","passengervehicle_datesopen":"01/01-12/31","highclearancevehicle":"open","highclearancevehicle_datesopen":"01/01-12/31","atv":"open","atv_datesopen":"01/01-12/31","motorcycle":"open","motorcycle_datesopen":"01/01-12/31","kind":"road"}},{"type":"Feature","geometry":{"type":"MultiLineString","coordinates":[[[-93.65033,35.2323],[-93.65028,35.2324],[-93.65043,35.23373],[-93.65041,35.23386],[-93.65045,35.23423],[-93.6506,35.23467]]]},"properties":{"id":"1610C","mvum_symbol_name":"Roads open to highway legal vehicles only, Yearlong","surfacetype":"NAT - NATIVE MATERIAL","seasonal":"yearlong","passengervehicle":"open","passengervehicle_datesopen":"01/01-12/31","highclearancevehicle":"open","highclearancevehicle_datesopen":"01/01-12/31","kind":"road"}},{"type":"Feature","geometry":{"type":"MultiLineString","coordinates":[[[-93.46969,35.25917],[-93.46965,35.25932],[-93.46966,35.25964],[-93.46985,35.26013],[-93.46989,35.26021],[-93.47008,35.26039],[-93.47014,35.26041],[-93.47038,35.26041],[-93.47054,35.26078],[-93.47058,35.26113],[-93.4705,35.26141],[-93.47046,35.26143],[-93.47035,35.26172],[-93.47023,35.26189],[-93.47,35.26209],[-93.46971,35.26281],[-93.46895,35.26383],[-93.46877,35.2643],[-93.4689,35.26439],[-93.46907,35.26445]]]},"properties":{"id":"1614D","name":"CLAY KNOB","mvum_symbol_name":"Roads open to all Vehicles, Yearlong","surfacetype":"AGG - CRUSHED AGGREGATE OR GRAVEL","seasonal":"yearlong","passengervehicle":"open","passengervehicle_datesopen":"01/01-12/31","highclearancevehicle":"open","highclearancevehicle_datesopen":"01/01-12/31","atv":"open","atv_datesopen":"01/01-12/31","motorcycle":"open","motorcycle_datesopen":"01/01-12/31","kind":"road"}},{"type":"Feature","geometry":{"type":"MultiLineString","coordinates":[[[-93.62501,35.22517],[-93.6251,35.22503],[-93.62507,35.22486],[-93.62492,35.22467],[-93.62481,35.2246],[-93.62287,35.22397],[-93.62254,35.22377],[-93.62213,35.22342],[-93.62205,35.22341]]]},"properties":{"id":"1608A","name":"COVE LAKE BATH HOUSE","mvum_symbol_name":"Roads open to highway legal vehicles only, Yearlong","surfacetype":"BST - BITUMINOUS SURFACE TREATMENT","seasonal":"yearlong","passengervehicle":"open","passengervehicle_datesopen":"01/01-12/31","highclearancevehicle":"open","highclearancevehicle_datesopen":"01/01-12/31","kind":"road"}},{"type":"Feature","geometry":{"type":"MultiLineString","coordinates":[[[-93.54004,35.1661],[-93.5397,35.16594],[-93.53915,35.16586],[-93.53869,35.16571],[-93.53824,35.16573],[-93.53763,35.16586],[-93.53722,35.16586],[-93.53696,35.16608],[-93.53681,35.16633],[-93.53622,35.16709],[-93.536,35.16744],[-93.53513,35.1681],[-93.53505,35.16837],[-93.53502,35.16863],[-93.53506,35.16874],[-93.53507,35.16953],[-93.53504,35.16968],[-93.53452,35.1698],[-93.53403,35.1698],[-93.5333,35.17009],[-93.53261,35.17007],[-93.53226,35.17014],[-93.53201,35.17047],[-93.53198,35.17054],[-93.53176,35.17075],[-93.53123,35.17107],[-93.53089,35.17136],[-93.53,35.17189],[-93.5297,35.172],[-93.52885,35.1724],[-93.52854,35.17247],[-93.52764,35.17291],[-93.52733,35.17303],[-93.52711,35.17318],[-93.52661,35.17338],[-93.52608,35.17354],[-93.52541,35.17354],[-93.52487,35.17367],[-93.52436,35.17388],[-93.52403,35.17439],[-93.52348,35.17499],[-93.52334,35.17521],[-93.52326,35.17544],[-93.52328,35.17567],[-93.52321,35.17604],[-93.52298,35.17644],[-93.52298,35.17664],[-93.52261,35.17727],[-93.52238,35.17732],[-93.52215,35.17729],[-93.52198,35.17713],[-93.52183,35.17689],[-93.52144,35.17669],[-93.52127,35.17668],[-93.52103,35.17674],[-93.52059,35.17669],[-93.5203,35.17669],[-93.51935,35.17684],[-93.51928,35.17674],[-93.51948,35.17659],[-93.51951,35.17641],[-93.51941,35.17624],[-93.51894,35.17604],[-93.5188,35.17586],[-93.51826,35.17541],[-93.51708,35.17481],[-93.51722,35.17451],[-93.51748,35.17415],[-93.5173,35.17403]]]},"properties":{"id":"1656","name":"CRABILL","mvum_symbol_name":"Roads open to all Vehicles, Yearlong","surfacetype":"NAT - NATIVE MATERIAL","seasonal":"yearlong","passengervehicle":"open","passengervehicle_datesopen":"01/01-12/31","highclearancevehicle":"open","highclearancevehicle_datesopen":"01/01-12/31","atv":"open","atv_datesopen":"01/01-12/31","motorcycle":"open","motorcycle_datesopen":"01/01-12/31","kind":"road"}},{"type":"Feature","geometry":{"type":"MultiLineString","coordinates":[[[-93.58161,35.15635],[-93.58161,35.15651],[-93.58176,35.15708],[-93.58176,35.15718],[-93.58152,35.15763],[-93.58152,35.15769],[-93.58166,35.15782],[-93.58164,35.15791],[-93.58142,35.15824],[-93.58145,35.15845],[-93.58138,35.15864],[-93.58138,35.1588],[-93.5815,35.15906],[-93.58149,35.15921],[-93.58138,35.15951],[-93.58088,35.15969]]]},"properties":{"id":"96036A","mvum_symbol_name":"Roads open to all Vehicles, Yearlong","surfacetype":"NAT - NATIVE MATERIAL","seasonal":"yearlong","passengervehicle":"open","passengervehicle_datesopen":"01/01-12/31","highclearancevehicle":"open","highclearancevehicle_datesopen":"01/01-12/31","atv":"open","atv_datesopen":"01/01-12/31","motorcycle":"open","motorcycle_datesopen":"01/01-12/31","kind":"road"}},{"type":"Feature","geometry":{"type":"MultiLineString","coordinates":[[[-93.62395,35.22491],[-93.62424,35.22489],[-93.62452,35.22495],[-93.62488,35.22513],[-93.62502,35.22516]]]},"properties":{"id":"1608C","name":"COVE LAKE C.G. A","mvum_symbol_name":"Roads open to highway legal vehicles only, Yearlong","surfacetype":"AGG - CRUSHED AGGREGATE OR GRAVEL","seasonal":"yearlong","passengervehicle":"open","passengervehicle_datesopen":"01/01-12/31","highclearancevehicle":"open","highclearancevehicle_datesopen":"01/01-12/31","kind":"road"}},{"type":"Feature","geometry":{"type":"MultiLineString","coordinates":[[[-93.59829,35.2628],[-93.59839,35.26344],[-93.59846,35.26414],[-93.59837,35.26424],[-93.59827,35.26431],[-93.59828,35.26622],[-93.59821,35.26651],[-93.59808,35.2666],[-93.59787,35.26669],[-93.59757,35.26666],[-93.59712,35.26659],[-93.59673,35.26641],[-93.59615,35.26633],[-93.59585,35.2662],[-93.59566,35.26623],[-93.59561,35.26631],[-93.59579,35.26647],[-93.59631,35.26677],[-93.59662,35.26747]]]},"properties":{"id":"96067A","mvum_symbol_name":"Roads open to all Vehicles, Yearlong","surfacetype":"NAT - NATIVE MATERIAL","seasonal":"yearlong","passengervehicle":"open","passengervehicle_datesopen":"01/01-12/31","highclearancevehicle":"open","highclearancevehicle_datesopen":"01/01-12/31","atv":"open","atv_datesopen":"01/01-12/31","motorcycle":"open","motorcycle_datesopen":"01/01-12/31","kind":"road"}},{"type":"Feature","geometry":{"type":"MultiLineString","coordinates":[[[-93.42025,35.21466],[-93.42026,35.21469],[-93.42014,35.21482],[-93.4201,35.21494],[-93.42012,35.21504],[-93.42047,35.21529],[-93.42066,35.21551],[-93.42076,35.21575],[-93.42077,35.21599],[-93.4207,35.21633],[-93.42044,35.21684],[-93.4202,35.21716],[-93.41995,35.21742],[-93.4199,35.21786],[-93.41983,35.2181],[-93.41957,35.21848],[-93.4192,35.21894],[-93.41853,35.21957],[-93.41828,35.22022],[-93.41821,35.22032],[-93.41803,35.22037],[-93.41756,35.22031],[-93.41739,35.22031],[-93.41729,35.22035],[-93.41684,35.22101],[-93.4164,35.22128]]]},"properties":{"id":"1650","name":"SHADY GROVE","mvum_symbol_name":"Roads open to all Vehicles, Yearlong","surfacetype":"NAT - NATIVE MATERIAL","seasonal":"yearlong","passengervehicle":"open","passengervehicle_datesopen":"01/01-12/31","highclearancevehicle":"open","highclearancevehicle_datesopen":"01/01-12/31","atv":"open","atv_datesopen":"01/01-12/31","motorcycle":"open","motorcycle_datesopen":"01/01-12/31","kind":"road"}},{"type":"Feature","geometry":{"type":"MultiLineString","coordinates":[[[-93.48,35.27244],[-93.47986,35.27249],[-93.47926,35.27229],[-93.47853,35.2721],[-93.47807,35.27201],[-93.47774,35.2719],[-93.4772,35.27182],[-93.47676,35.27183],[-93.47532,35.27196],[-93.4749,35.27197],[-93.4746,35.27205],[-93.47325,35.27224],[-93.47295,35.27239],[-93.47219,35.27259],[-93.47189,35.27265],[-93.47085,35.27273],[-93.47048,35.27283],[-93.4702,35.27316],[-93.47012,35.27348],[-93.47002,35.2736],[-93.46927,35.27357],[-93.46851,35.27365],[-93.46832,35.27378],[-93.46806,35.27407],[-93.46789,35.27457],[-93.46798,35.27475]]]},"properties":{"id":"1684B","name":"LITTLE HORNE","mvum_symbol_name":"Roads open to highway legal vehicles only, Yearlong","surfacetype":"IMP - IMPROVED NATIVE MATERIAL","seasonal":"yearlong","passengervehicle":"open","passengervehicle_datesopen":"01/01-12/31","highclearancevehicle":"open","highclearancevehicle_datesopen":"01/01-12/31","kind":"road"}},{"type":"Feature","geometry":{"type":"MultiLineString","coordinates":[[[-93.519,35.18952],[-93.51947,35.18974],[-93.5199,35.18977],[-93.5211,35.1895],[-93.52138,35.1895],[-93.52189,35.18991],[-93.52333,35.19039],[-93.52396,35.19056],[-93.52475,35.19057],[-93.52539,35.1905],[-93.52592,35.19036],[-93.52692,35.19003],[-93.52709,35.19002],[-93.52725,35.19006],[-93.52756,35.19025],[-93.52772,35.19032],[-93.52804,35.19039],[-93.52873,35.19043],[-93.53056,35.19082],[-93.5316,35.19088],[-93.53233,35.19107],[-93.53264,35.19106],[-93.53288,35.19104],[-93.53323,35.19088],[-93.53365,35.19062],[-93.53432,35.19011],[-93.5349,35.18986],[-93.53516,35.1896],[-93.53558,35.18891],[-93.53589,35.18856]]]},"properties":{"id":"1690A","name":"LOWER VALENTINE RIDGE","mvum_symbol_name":"Roads open to highway legal vehicles only, Yearlong","surfacetype":"IMP - IMPROVED NATIVE MATERIAL","seasonal":"yearlong","passengervehicle":"open","passengervehicle_datesopen":"01/01-12/31","highclearancevehicle":"open","highclearancevehicle_datesopen":"01/01-12/31","kind":"road"}},{"type":"Feature","geometry":{"type":"MultiLineString","coordinates":[[[-93.50856,35.27133],[-93.5092,35.27102],[-93.50984,35.27052],[-93.51024,35.27029],[-93.51072,35.27008],[-93.51112,35.26995],[-93.51135,35.26991],[-93.51199,35.26987],[-93.51277,35.26975],[-93.51316,35.26978],[-93.51382,35.26987],[-93.51431,35.26989],[-93.51516,35.26976],[-93.51612,35.26955],[-93.5167,35.26949],[-93.51718,35.26949],[-93.51932,35.26981],[-93.52055,35.26986],[-93.52119,35.26993],[-93.52145,35.26998],[-93.52182,35.27012],[-93.52221,35.27038],[-93.52234,35.27035],[-93.52271,35.27034],[-93.5234,35.27054],[-93.52364,35.27052],[-93.52382,35.27038],[-93.52444,35.27015],[-93.5249,35.27005],[-93.52585,35.27016],[-93.52609,35.27012]]]},"properties":{"id":"1680","name":"CANADA","mvum_symbol_name":"Roads open to all Vehicles, Yearlong","surfacetype":"NAT - NATIVE MATERIAL","seasonal":"yearlong","passengervehicle":"open","passengervehicle_datesopen":"01/01-12/31","highclearancevehicle":"open","highclearancevehicle_datesopen":"01/01-12/31","atv":"open","atv_datesopen":"01/01-12/31","motorcycle":"open","motorcycle_datesopen":"01/01-12/31","kind":"road"}},{"type":"Feature","geometry":{"type":"MultiLineString","coordinates":[[[-93.3618,35.17364],[-93.36291,35.17363],[-93.36448,35.1737],[-93.36494,35.17375],[-93.36899,35.17386],[-93.37236,35.17386],[-93.37375,35.17398],[-93.37519,35.17438],[-93.37582,35.17449],[-93.37767,35.17492],[-93.37881,35.17523],[-93.38015,35.17569],[-93.38057,35.17577],[-93.38306,35.17607],[-93.38436,35.17635],[-93.38549,35.17672],[-93.38604,35.17685],[-93.38667,35.17693],[-93.38689,35.17693],[-93.38724,35.17686],[-93.38765,35.17689],[-93.38797,35.17698],[-93.38886,35.17728],[-93.39231,35.17863],[-93.39239,35.17872],[-93.39243,35.17886],[-93.39245,35.17928],[-93.3926,35.17938],[-93.39391,35.17967],[-93.3943,35.17971],[-93.39475,35.17967],[-93.39527,35.17969],[-93.39668,35.17988],[-93.3997,35.18044],[-93.39993,35.18054],[-93.40004,35.18064],[-93.4001,35.18087],[-93.40023,35.18112],[-93.40041,35.18132],[-93.40133,35.18183],[-93.40175,35.18194],[-93.40241,35.18203],[-93.40352,35.18233],[-93.40537,35.18254],[-93.4066,35.18248],[-93.40701,35.18249],[-93.40775,35.18278],[-93.4083,35.18291],[-93.41139,35.18323],[-93.41196,35.18327],[-93.41258,35.18303],[-93.41305,35.18268],[-93.41336,35.18251],[-93.41377,35.18244],[-93.41389,35.18236],[-93.41467,35.18228],[-93.41502,35.18218],[-93.41527,35.18208],[-93.41564,35.18203],[-93.41586,35.18195],[-93.41632,35.18194],[-93.4167,35.1819],[-93.41701,35.1821],[-93.41724,35.18218],[-93.41758,35.18237],[-93.41776,35.18243],[-93.41823,35.18275],[-93.42056,35.1841],[-93.42091,35.18424],[-93.42123,35.18431],[-93.42404,35.18453],[-93.42538,35.18454],[-93.42593,35.18466],[-93.43167,35.18516],[-93.43612,35.18547],[-93.43798,35.18566],[-93.4392,35.1857]]]},"properties":{"id":"1618","name":"NORTH BLUFF","mvum_symbol_name":"Roads open to all Vehicles, Yearlong","surfacetype":"AGG - CRUSHED AGGREGATE OR GRAVEL","seasonal":"yearlong","passengervehicle":"open","passengervehicle_datesopen":"01/01-12/31","highclearancevehicle":"open","highclearancevehicle_datesopen":"01/01-12/31","atv":"open","atv_datesopen":"01/01-12/31","motorcycle":"open","motorcycle_datesopen":"01/01-12/31","kind":"road"}},{"type":"Feature","geometry":{"type":"MultiLineString","coordinates":[[[-93.45351,35.27344],[-93.45277,35.27325],[-93.45153,35.27301],[-93.44791,35.27296],[-93.44777,35.27292],[-93.44749,35.27275],[-93.4467,35.27195],[-93.44638,35.27172],[-93.44553,35.27123],[-93.44423,35.27072],[-93.44415,35.27069],[-93.44415,35.27063],[-93.44421,35.2705],[-93.44437,35.27043],[-93.4458,35.27033],[-93.44641,35.27019],[-93.44675,35.27015],[-93.44797,35.27022],[-93.44946,35.27016],[-93.45076,35.26988],[-93.45185,35.26975],[-93.45316,35.26922],[-93.45409,35.26913],[-93.45609,35.26924],[-93.4589,35.26898],[-93.46051,35.26902],[-93.46141,35.26885],[-93.46221,35.2688],[-93.46255,35.26885],[-93.46278,35.26893],[-93.46315,35.26924],[-93.46332,35.2693],[-93.46455,35.26934],[-93.46691,35.26933],[-93.46761,35.26962],[-93.46792,35.26954],[-93.46801,35.26943],[-93.46832,35.26926],[-93.46882,35.26913],[-93.46907,35.26909],[-93.46979,35.26925],[-93.46989,35.26919]]]},"properties":{"id":"1684","name":"LOWER SHOAL CREEK","mvum_symbol_name":"Roads open to all Vehicles, Yearlong","surfacetype":"NAT - NATIVE MATERIAL","seasonal":"yearlong","passengervehicle":"open","passengervehicle_datesopen":"01/01-12/31","highclearancevehicle":"open","highclearancevehicle_datesopen":"01/01-12/31","atv":"open","atv_datesopen":"01/01-12/31","motorcycle":"open","motorcycle_datesopen":"01/01-12/31","kind":"road"}},{"type":"Feature","geometry":{"type":"MultiLineString","coordinates":[[[-93.35633,35.21499],[-93.35557,35.21492],[-93.3554,35.21474],[-93.35529,35.21468],[-93.35488,35.21465],[-93.35474,35.21462],[-93.35464,35.21452],[-93.3546,35.21446],[-93.35454,35.21406],[-93.35446,35.21384],[-93.35407,35.21334],[-93.35356,35.21262],[-93.35324,35.21226],[-93.35264,35.21148],[-93.35242,35.21104],[-93.35233,35.21079],[-93.35231,35.2105],[-93.35234,35.21013],[-93.35264,35.20974],[-93.3531,35.20924],[-93.35328,35.20837],[-93.35315,35.20749],[-93.35292,35.20683],[-93.3526,35.20635],[-93.35226,35.20596],[-93.35173,35.20559],[-93.35167,35.20539],[-93.3517,35.2053],[-93.35219,35.20507],[-93.35263,35.20493],[-93.35314,35.20468],[-93.35392,35.20466],[-93.35424,35.20457],[-93.35455,35.20457]]]},"properties":{"id":"1642","name":"SPRING MTN","mvum_symbol_name":"Roads open to highway legal vehicles only, Yearlong","surfacetype":"NAT - NATIVE MATERIAL","seasonal":"yearlong","passengervehicle":"open","passengervehicle_datesopen":"01/01-12/31","highclearancevehicle":"open","highclearancevehicle_datesopen":"01/01-12/31","kind":"road"}},{"type":"Feature","geometry":{"type":"MultiLineString","coordinates":[[[-93.71017,35.14277],[-93.70997,35.14288],[-93.70986,35.14325],[-93.7097,35.14345],[-93.70947,35.14366],[-93.70916,35.14382],[-93.70847,35.14396],[-93.70774,35.14383],[-93.70752,35.14383],[-93.70736,35.14386],[-93.70695,35.144],[-93.70666,35.14421],[-93.70647,35.14431],[-93.7059,35.14441],[-93.70553,35.14456],[-93.70536,35.14471],[-93.70502,35.1449],[-93.7043,35.14519]]]},"properties":{"id":"96049B","mvum_symbol_name":"Roads open to highway legal vehicles only, Yearlong","surfacetype":"NAT - NATIVE MATERIAL","seasonal":"yearlong","passengervehicle":"open","passengervehicle_datesopen":"01/01-12/31","highclearancevehicle":"open","highclearancevehicle_datesopen":"01/01-12/31","kind":"road"}},{"type":"Feature","geometry":{"type":"MultiLineString","coordinates":[[[-93.51152,35.20359],[-93.51153,35.20369],[-93.5116,35.20377],[-93.51175,35.20385],[-93.51182,35.20393],[-93.51186,35.20412],[-93.51186,35.20427],[-93.51166,35.20508],[-93.51166,35.20552],[-93.51175,35.20627],[-93.51188,35.20683],[-93.5118,35.20706],[-93.51126,35.20726],[-93.51106,35.20737],[-93.5109,35.20751],[-93.51073,35.20781],[-93.5106,35.20813],[-93.51051,35.20878],[-93.51045,35.20983],[-93.51037,35.21032],[-93.51032,35.21095],[-93.5103,35.21167],[-93.51032,35.21204]]]},"properties":{"id":"1624","name":"HUNTER BRANCH","mvum_symbol_name":"Roads open to highway legal vehicles only, Yearlong","surfacetype":"NAT - NATIVE MATERIAL","seasonal":"yearlong","passengervehicle":"open","passengervehicle_datesopen":"01/01-12/31","highclearancevehicle":"open","highclearancevehicle_datesopen":"01/01-12/31","kind":"road"}},{"type":"Feature","geometry":{"type":"MultiLineString","coordinates":[[[-93.52478,35.18706],[-93.52523,35.18717],[-93.52549,35.18732],[-93.52575,35.1874],[-93.526,35.18741],[-93.52613,35.18752],[-93.52622,35.18767],[-93.52698,35.18807],[-93.52727,35.18816],[-93.52753,35.18831],[-93.52779,35.18841],[-93.52804,35.18854],[-93.52815,35.18865],[-93.52842,35.18872],[-93.52881,35.18872]]]},"properties":{"id":"96027E","mvum_symbol_name":"Roads open to highway legal vehicles only, Yearlong","surfacetype":"NAT - NATIVE MATERIAL","seasonal":"yearlong","passengervehicle":"open","passengervehicle_datesopen":"01/01-12/31","highclearancevehicle":"open","highclearancevehicle_datesopen":"01/01-12/31","kind":"road"}},{"type":"Feature","geometry":{"type":"MultiLineString","coordinates":[[[-93.44415,35.27066],[-93.44295,35.27043]]]},"properties":{"id":"1684A","name":"HORNE","mvum_symbol_name":"Roads open to all Vehicles, Yearlong","surfacetype":"NAT - NATIVE MATERIAL","seasonal":"yearlong","passengervehicle":"open","passengervehicle_datesopen":"01/01-12/31","highclearancevehicle":"open","highclearancevehicle_datesopen":"01/01-12/31","atv":"open","atv_datesopen":"01/01-12/31","motorcycle":"open","motorcycle_datesopen":"01/01-12/31","kind":"road"}},{"type":"Feature","geometry":{"type":"MultiLineString","coordinates":[[[-93.50168,35.26128],[-93.50144,35.2614],[-93.50137,35.26152],[-93.50135,35.26179],[-93.50121,35.26203],[-93.50121,35.26246],[-93.50104,35.26273],[-93.50087,35.26288]]]},"properties":{"id":"1684D","mvum_symbol_name":"Roads open to highway legal vehicles only, Yearlong","surfacetype":"NAT - NATIVE MATERIAL","seasonal":"yearlong","passengervehicle":"open","passengervehicle_datesopen":"01/01-12/31","highclearancevehicle":"open","highclearancevehicle_datesopen":"01/01-12/31","kind":"road"}},{"type":"Feature","geometry":{"type":"MultiLineString","coordinates":[[[-93.68382,35.18434],[-93.68383,35.18472],[-93.6836,35.18569],[-93.68355,35.18682],[-93.68357,35.18758],[-93.6837,35.18808],[-93.68368,35.18833],[-93.6835,35.18873],[-93.6834,35.18905],[-93.68331,35.18961],[-93.6833,35.19024],[-93.68345,35.19076],[-93.68345,35.19105],[-93.6834,35.19153],[-93.68326,35.19192],[-93.68321,35.19294],[-93.68265,35.19366],[-93.68235,35.19412],[-93.68208,35.19461],[-93.682,35.19482],[-93.68176,35.19526],[-93.68161,35.19592],[-93.6816,35.19618],[-93.68146,35.1965],[-93.68079,35.19705],[-93.68059,35.19725],[-93.6804,35.19763],[-93.68032,35.19794],[-93.6804,35.19844],[-93.68038,35.19881],[-93.68025,35.19915],[-93.68,35.19946],[-93.67957,35.19986],[-93.67799,35.20084],[-93.67619,35.20155],[-93.67574,35.20181],[-93.67557,35.20202],[-93.67546,35.20231],[-93.67546,35.20294],[-93.67543,35.20301],[-93.67488,35.20332],[-93.67429,35.20341],[-93.6739,35.20359],[-93.67302,35.20406],[-93.67182,35.20493],[-93.67114,35.2053],[-93.67035,35.20537],[-93.66986,35.2052]]]},"properties":{"id":"1673","name":"BECKETT","mvum_symbol_name":"Roads open to all Vehicles, Yearlong","surfacetype":"NAT - NATIVE MATERIAL","seasonal":"yearlong","passengervehicle":"open","passengervehicle_datesopen":"01/01-12/31","highclearancevehicle":"open","highclearancevehicle_datesopen":"01/01-12/31","atv":"open","atv_datesopen":"01/01-12/31","motorcycle":"open","motorcycle_datesopen":"01/01-12/31","kind":"road"}},{"type":"Feature","geometry":{"type":"MultiLineString","coordinates":[[[-93.43237,35.17256],[-93.43309,35.17278],[-93.43347,35.17286],[-93.43405,35.17314],[-93.43431,35.17316],[-93.43507,35.17375],[-93.43539,35.17388],[-93.43712,35.17481],[-93.43778,35.17506],[-93.43896,35.17569],[-93.43957,35.17596],[-93.44038,35.17645],[-93.44113,35.1767],[-93.44188,35.1769],[-93.44243,35.17732],[-93.44284,35.17773],[-93.44294,35.17772],[-93.44298,35.17774]]]},"properties":{"id":"1645","name":"HOVEY","mvum_symbol_name":"Roads open to highway legal vehicles only, Yearlong","surfacetype":"NAT - NATIVE MATERIAL","seasonal":"yearlong","passengervehicle":"open","passengervehicle_datesopen":"01/01-12/31","highclearancevehicle":"open","highclearancevehicle_datesopen":"01/01-12/31","kind":"road"}},{"type":"Feature","geometry":{"type":"MultiLineString","coordinates":[[[-93.57014,35.17912],[-93.56933,35.17913],[-93.56758,35.17905],[-93.5648,35.17902],[-93.5647,35.17864],[-93.56444,35.17851],[-93.56429,35.17835],[-93.56415,35.17805],[-93.5642,35.17797],[-93.56414,35.17754],[-93.5642,35.17719],[-93.5646,35.17646],[-93.56476,35.17587],[-93.56461,35.17538],[-93.56459,35.17517]]]},"properties":{"id":"1627A","mvum_symbol_name":"Roads open to highway legal vehicles only, Yearlong","surfacetype":"AGG - CRUSHED AGGREGATE OR GRAVEL","seasonal":"yearlong","passengervehicle":"open","passengervehicle_datesopen":"01/01-12/31","highclearancevehicle":"open","highclearancevehicle_datesopen":"01/01-12/31","kind":"road"}},{"type":"Feature","geometry":{"type":"MultiLineString","coordinates":[[[-93.39669,35.15107],[-93.39651,35.15054],[-93.39621,35.15009],[-93.39573,35.14976],[-93.39545,35.14967],[-93.39449,35.14967],[-93.39394,35.14958],[-93.39343,35.14942],[-93.39305,35.14945],[-93.39295,35.14928],[-93.39273,35.14848],[-93.39221,35.14822],[-93.39165,35.14805],[-93.39101,35.14755],[-93.39119,35.14729],[-93.39119,35.14717]]]},"properties":{"id":"96001C","mvum_symbol_name":"Roads open to highway legal vehicles only, Yearlong","surfacetype":"NAT - NATIVE MATERIAL","seasonal":"yearlong","passengervehicle":"open","passengervehicle_datesopen":"01/01-12/31","highclearancevehicle":"open","highclearancevehicle_datesopen":"01/01-12/31","kind":"road"}},{"type":"Feature","geometry":{"type":"MultiLineString","coordinates":[[[-93.62409,35.21465],[-93.6238,35.21452],[-93.62333,35.21417],[-93.62296,35.21358],[-93.62291,35.21311],[-93.62284,35.21294]]]},"properties":{"id":"96043E","mvum_symbol_name":"Roads open to highway legal vehicles only, Yearlong","surfacetype":"NAT - NATIVE MATERIAL","seasonal":"yearlong","passengervehicle":"open","passengervehicle_datesopen":"01/01-12/31","highclearancevehicle":"open","highclearancevehicle_datesopen":"01/01-12/31","kind":"road"}},{"type":"Feature","geometry":{"type":"MultiLineString","coordinates":[[[-93.64745,35.21739],[-93.64769,35.21726],[-93.64791,35.21676],[-93.6482,35.21661],[-93.64848,35.21653],[-93.6489,35.21646],[-93.65015,35.21608],[-93.65053,35.21605],[-93.65087,35.21606],[-93.65178,35.21625],[-93.65196,35.21623],[-93.65238,35.21593],[-93.65251,35.21568],[-93.65269,35.21551],[-93.65289,35.21538],[-93.65314,35.21535],[-93.65341,35.21537],[-93.65371,35.21546],[-93.65454,35.21553],[-93.6561,35.21543],[-93.65636,35.2154],[-93.65655,35.21532],[-93.65636,35.21497],[-93.65644,35.21486],[-93.65651,35.21323],[-93.65675,35.21255],[-93.65711,35.21171],[-93.65744,35.21142],[-93.65787,35.21135],[-93.65824,35.2116],[-93.65843,35.21168],[-93.6587,35.21169],[-93.65878,35.21165],[-93.65905,35.21138],[-93.65933,35.21092],[-93.65942,35.21083],[-93.65991,35.21043],[-93.66031,35.21028],[-93.66115,35.20947],[-93.66117,35.2093],[-93.66091,35.20865],[-93.66091,35.20855],[-93.66096,35.20842],[-93.66124,35.20833],[-93.6616,35.20835],[-93.66181,35.20833],[-93.66232,35.20852],[-93.66347,35.2086],[-93.66392,35.20872],[-93.664,35.20871],[-93.66435,35.20835],[-93.66472,35.20771],[-93.66468,35.20737],[-93.6648,35.20714],[-93.66485,35.20712],[-93.66518,35.2074],[-93.66645,35.20908],[-93.66773,35.20975],[-93.66842,35.21003],[-93.66884,35.21025],[-93.66989,35.21086],[-93.67008,35.21105]]]},"properties":{"id":"1631","mvum_symbol_name":"Roads open to all Vehicles, Yearlong","surfacetype":"NAT - NATIVE MATERIAL","seasonal":"yearlong","passengervehicle":"open","passengervehicle_datesopen":"01/01-12/31","highclearancevehicle":"open","highclearancevehicle_datesopen":"01/01-12/31","atv":"open","atv_datesopen":"01/01-12/31","motorcycle":"open","motorcycle_datesopen":"01/01-12/31","kind":"road"}},{"type":"Feature","geometry":{"type":"MultiLineString","coordinates":[[[-93.38731,35.15596],[-93.38723,35.15573],[-93.38723,35.15549],[-93.38712,35.15512],[-93.38717,35.155],[-93.38717,35.1548],[-93.38711,35.15459],[-93.38701,35.15447],[-93.38691,35.15427],[-93.38696,35.15402],[-93.38699,35.15333],[-93.38698,35.15284],[-93.38703,35.15248],[-93.38703,35.15235],[-93.38698,35.15227],[-93.38613,35.15228],[-93.38574,35.15237],[-93.38479,35.15238],[-93.38385,35.15235],[-93.38355,35.15227],[-93.3832,35.15211],[-93.38245,35.152],[-93.38231,35.152],[-93.38111,35.15152],[-93.38061,35.15149],[-93.38036,35.15157],[-93.37928,35.15157],[-93.37878,35.15154],[-93.37843,35.15142],[-93.37779,35.15126],[-93.37734,35.15131],[-93.37704,35.15103],[-93.37713,35.1507],[-93.37713,35.15042],[-93.37722,35.14988],[-93.37717,35.14968],[-93.37706,35.14948],[-93.37701,35.14924],[-93.3766,35.14887],[-93.37601,35.14872],[-93.37576,35.14872],[-93.37551,35.14868],[-93.37516,35.14856],[-93.37486,35.14857],[-93.37349,35.14873],[-93.37279,35.14866],[-93.37205,35.14883],[-93.37151,35.14904],[-93.37086,35.14921],[-93.37062,35.14925],[-93.37012,35.14926],[-93.36972,35.14886],[-93.36951,35.14857],[-93.36936,35.14825],[-93.36931,35.14801],[-93.3694,35.14776],[-93.36945,35.14752],[-93.36949,35.14723],[-93.36944,35.14703],[-93.36948,35.14686],[-93.36882,35.14589],[-93.36872,35.1454],[-93.36871,35.14516],[-93.36861,35.14492],[-93.36861,35.14467],[-93.36834,35.14386],[-93.36823,35.14369],[-93.36798,35.14344],[-93.36743,35.143],[-93.36737,35.14288],[-93.36678,35.1426],[-93.36627,35.14224],[-93.36617,35.14208],[-93.36612,35.14188],[-93.36631,35.14126],[-93.36654,35.14106]]]},"properties":{"id":"1632","name":"PRAIRIE CREEK","mvum_symbol_name":"Roads open to all Vehicles, Yearlong","surfacetype":"NAT - NATIVE MATERIAL","seasonal":"yearlong","passengervehicle":"open","passengervehicle_datesopen":"01/01-12/31","highclearancevehicle":"open","highclearancevehicle_datesopen":"01/01-12/31","atv":"open","atv_datesopen":"01/01-12/31","motorcycle":"open","motorcycle_datesopen":"01/01-12/31","kind":"road"}},{"type":"Feature","geometry":{"type":"MultiLineString","coordinates":[[[-93.71919,35.15312],[-93.71995,35.15153],[-93.72,35.15136],[-93.72024,35.15114]]]},"properties":{"id":"96049A","name":"GRADY FLAT","mvum_symbol_name":"Roads open to highway legal vehicles only, Yearlong","surfacetype":"NAT - NATIVE MATERIAL","seasonal":"yearlong","passengervehicle":"open","passengervehicle_datesopen":"01/01-12/31","highclearancevehicle":"open","highclearancevehicle_datesopen":"01/01-12/31","kind":"road"}},{"type":"Feature","geometry":{"type":"MultiLineString","coordinates":[[[-93.40604,35.15526],[-93.406,35.15477],[-93.40597,35.1526],[-93.40603,35.15193],[-93.40601,35.15175],[-93.40595,35.15163],[-93.40584,35.15153],[-93.405,35.15141],[-93.40487,35.15133],[-93.40478,35.15134],[-93.40476,35.15131],[-93.40421,35.15117],[-93.4034,35.15114],[-93.40263,35.15092],[-93.40216,35.15069],[-93.4015,35.1506],[-93.40055,35.15068],[-93.39903,35.15092],[-93.39828,35.15086],[-93.39689,35.15101],[-93.39571,35.15136],[-93.39448,35.1514],[-93.39322,35.15177],[-93.39277,35.15186],[-93.39233,35.1519],[-93.39164,35.15209],[-93.39078,35.15196],[-93.39004,35.15197],[-93.38908,35.15207],[-93.38759,35.15214],[-93.38698,35.15227]]]},"properties":{"id":"1632C","mvum_symbol_name":"Roads open to all Vehicles, Yearlong","surfacetype":"IMP - IMPROVED NATIVE MATERIAL","seasonal":"yearlong","passengervehicle":"open","passengervehicle_datesopen":"01/01-12/31","highclearancevehicle":"open","highclearancevehicle_datesopen":"01/01-12/31","atv":"open","atv_datesopen":"01/01-12/31","motorcycle":"open","motorcycle_datesopen":"01/01-12/31","kind":"road"}},{"type":"Feature","geometry":{"type":"MultiLineString","coordinates":[[[-93.73304,35.16171],[-93.7329,35.16199],[-93.73262,35.16232],[-93.73265,35.16253],[-93.7325,35.16277],[-93.73224,35.16307],[-93.73196,35.16333],[-93.73166,35.16394],[-93.73146,35.16419],[-93.7312,35.16426],[-93.73099,35.16437],[-93.73036,35.16496],[-93.73002,35.16505],[-93.72965,35.16506],[-93.72952,35.16501],[-93.72929,35.16485],[-93.72884,35.16468],[-93.72861,35.16471],[-93.72814,35.16506],[-93.72734,35.16532],[-93.72688,35.16544],[-93.72662,35.16546],[-93.72641,35.16553],[-93.72623,35.16568],[-93.72584,35.16584],[-93.72551,35.16584],[-93.72542,35.16561],[-93.72491,35.16472],[-93.72469,35.16426],[-93.7246,35.16417],[-93.72403,35.16415],[-93.7233,35.16423]]]},"properties":{"id":"96074B","name":"CLEAR CUT","mvum_symbol_name":"Roads open to highway legal vehicles only, Yearlong","surfacetype":"NAT - NATIVE MATERIAL","seasonal":"yearlong","passengervehicle":"open","passengervehicle_datesopen":"01/01-12/31","highclearancevehicle":"open","highclearancevehicle_datesopen":"01/01-12/31","kind":"road"}},{"type":"Feature","geometry":{"type":"MultiLineString","coordinates":[[[-93.52091,35.24314],[-93.52084,35.2439],[-93.52083,35.24458],[-93.52088,35.24486],[-93.52116,35.2455],[-93.52108,35.2458],[-93.52098,35.24604],[-93.5211,35.24651],[-93.52126,35.24698],[-93.52169,35.24724],[-93.52257,35.24791],[-93.52267,35.24816],[-93.5227,35.2484],[-93.52299,35.24926],[-93.523,35.24939],[-93.52288,35.24979],[-93.52281,35.25053],[-93.52295,35.25094],[-93.52297,35.25109],[-93.52283,35.25181],[-93.5229,35.25211],[-93.52307,35.25254],[-93.52295,35.25286],[-93.52285,35.25302],[-93.52248,35.25345],[-93.5221,35.25413],[-93.52181,35.25494],[-93.52174,35.2553],[-93.52172,35.25567],[-93.52175,35.25587],[-93.52191,35.25615],[-93.52237,35.25676],[-93.52252,35.25719],[-93.52249,35.25742],[-93.52199,35.25809],[-93.52192,35.25826],[-93.52194,35.25845],[-93.52207,35.25877],[-93.52222,35.25895],[-93.52271,35.25936],[-93.52345,35.25988]]]},"properties":{"id":"1687E","name":"DORIAL","mvum_symbol_name":"Roads open to highway legal vehicles only, Yearlong","surfacetype":"NAT - NATIVE MATERIAL","seasonal":"yearlong","passengervehicle":"open","passengervehicle_datesopen":"01/01-12/31","highclearancevehicle":"open","highclearancevehicle_datesopen":"01/01-12/31","kind":"road"}},{"type":"Feature","geometry":{"type":"MultiLineString","coordinates":[[[-93.60202,35.14252],[-93.60201,35.14259],[-93.60228,35.14317],[-93.60261,35.14338],[-93.60295,35.14382]]]},"properties":{"id":"1698B","mvum_symbol_name":"Roads open to highway legal vehicles only, Yearlong","surfacetype":"NAT - NATIVE MATERIAL","seasonal":"yearlong","passengervehicle":"open","passengervehicle_datesopen":"01/01-12/31","highclearancevehicle":"open","highclearancevehicle_datesopen":"01/01-12/31","kind":"road"}},{"type":"Feature","geometry":{"type":"MultiLineString","coordinates":[[[-93.54954,35.16524],[-93.54944,35.16601],[-93.54938,35.16698],[-93.54928,35.1673],[-93.54906,35.16773],[-93.54895,35.16824]]]},"properties":{"id":"1612A","mvum_symbol_name":"Roads open to highway legal vehicles only, Yearlong","surfacetype":"NAT - NATIVE MATERIAL","seasonal":"yearlong","passengervehicle":"open","passengervehicle_datesopen":"01/01-12/31","highclearancevehicle":"open","highclearancevehicle_datesopen":"01/01-12/31","kind":"road"}},{"type":"Feature","geometry":{"type":"MultiLineString","coordinates":[[[-93.52609,35.27012],[-93.52651,35.27019],[-93.52691,35.27041],[-93.52748,35.27052],[-93.52783,35.27065],[-93.528,35.27077],[-93.5292,35.27108],[-93.52923,35.27113],[-93.52948,35.27129],[-93.52965,35.27134],[-93.53002,35.27137],[-93.5304,35.27147],[-93.5305,35.27147],[-93.53069,35.27154],[-93.53076,35.27152],[-93.53119,35.27166],[-93.5322,35.27212],[-93.53268,35.2723],[-93.53315,35.27244],[-93.53381,35.27277],[-93.53418,35.27289],[-93.53434,35.273],[-93.5349,35.27312],[-93.53566,35.27335],[-93.53611,35.27355],[-93.53631,35.27352],[-93.53654,35.27353],[-93.53681,35.2737],[-93.53708,35.27375],[-93.53772,35.27399],[-93.53788,35.27397],[-93.53812,35.274],[-93.53831,35.27397],[-93.5388,35.27414],[-93.53925,35.27415],[-93.53958,35.2742],[-93.54054,35.27453],[-93.54103,35.27461],[-93.54164,35.27465],[-93.54291,35.27493],[-93.54311,35.27506],[-93.54349,35.27509],[-93.54371,35.27507],[-93.54392,35.27532],[-93.54429,35.27544],[-93.54452,35.27559],[-93.54468,35.27565],[-93.54506,35.27567],[-93.54515,35.27572],[-93.54561,35.27581]]]},"properties":{"id":"1680","name":"CANADA","mvum_symbol_name":"Roads open to highway legal vehicles only, Yearlong","surfacetype":"NAT - NATIVE MATERIAL","seasonal":"yearlong","passengervehicle":"open","passengervehicle_datesopen":"01/01-12/31","highclearancevehicle":"open","highclearancevehicle_datesopen":"01/01-12/31","kind":"road"}},{"type":"Feature","geometry":{"type":"MultiLineString","coordinates":[[[-93.5138,35.19906],[-93.51376,35.19927],[-93.51358,35.19962],[-93.5135,35.19994],[-93.51348,35.2007],[-93.51343,35.201],[-93.51299,35.20158],[-93.5127,35.20186],[-93.51252,35.20193],[-93.51217,35.20197],[-93.51181,35.20188],[-93.51158,35.20186],[-93.51137,35.20196],[-93.51134,35.20203],[-93.51139,35.20221],[-93.51157,35.20244],[-93.51187,35.20312],[-93.51185,35.20323],[-93.51152,35.20359]]]},"properties":{"id":"1624","name":"HUNTER BRANCH","mvum_symbol_name":"Roads open to all Vehicles, Yearlong","surfacetype":"NAT - NATIVE MATERIAL","seasonal":"yearlong","passengervehicle":"open","passengervehicle_datesopen":"01/01-12/31","highclearancevehicle":"open","highclearancevehicle_datesopen":"01/01-12/31","atv":"open","atv_datesopen":"01/01-12/31","motorcycle":"open","motorcycle_datesopen":"01/01-12/31","kind":"road"}},{"type":"Feature","geometry":{"type":"MultiLineString","coordinates":[[[-93.41715,35.26022],[-93.41751,35.26013],[-93.41854,35.25977],[-93.41886,35.25973],[-93.41901,35.25976],[-93.41996,35.26031],[-93.42038,35.26049],[-93.42059,35.26051],[-93.42128,35.26049],[-93.42185,35.26052],[-93.42244,35.26057],[-93.42371,35.26076],[-93.42398,35.26084],[-93.42445,35.26105],[-93.42479,35.26124],[-93.42558,35.26155],[-93.42644,35.26175],[-93.42825,35.26187],[-93.42925,35.26204],[-93.43171,35.26258],[-93.43302,35.26298],[-93.43372,35.26338],[-93.43425,35.26339],[-93.43518,35.26322],[-93.43547,35.26322],[-93.43611,35.26329],[-93.43761,35.26355],[-93.43778,35.26384],[-93.438,35.2644],[-93.43808,35.26442],[-93.43855,35.26439],[-93.43881,35.26423],[-93.43906,35.26395],[-93.43946,35.26342],[-93.43958,35.26322],[-93.44006,35.26202]]]},"properties":{"id":"1622","name":"LITTLE BIGGER","mvum_symbol_name":"Roads open to all Vehicles, Yearlong","surfacetype":"IMP - IMPROVED NATIVE MATERIAL","seasonal":"yearlong","passengervehicle":"open","passengervehicle_datesopen":"01/01-12/31","highclearancevehicle":"open","highclearancevehicle_datesopen":"01/01-12/31","atv":"open","atv_datesopen":"01/01-12/31","motorcycle":"open","motorcycle_datesopen":"01/01-12/31","kind":"road"}},{"type":"Feature","geometry":{"type":"MultiLineString","coordinates":[[[-93.36191,35.17364],[-93.36264,35.173],[-93.36301,35.1726],[-93.36334,35.17201],[-93.3638,35.17184],[-93.36394,35.17171],[-93.3642,35.17133],[-93.36436,35.17022],[-93.36457,35.16996],[-93.36468,35.16967],[-93.36555,35.16908],[-93.36586,35.16894],[-93.36606,35.16896],[-93.36656,35.16913],[-93.3668,35.16913],[-93.36706,35.16907],[-93.36742,35.16892],[-93.36772,35.16868],[-93.3679,35.16833],[-93.3679,35.16812],[-93.36796,35.16777],[-93.36808,35.1676],[-93.36893,35.167],[-93.36921,35.16675],[-93.3693,35.16658],[-93.36953,35.16584],[-93.36951,35.16499],[-93.36957,35.16455],[-93.36958,35.16294],[-93.36952,35.16149],[-93.36959,35.1588],[-93.36964,35.15815],[-93.36957,35.1559],[-93.36953,35.15566]]]},"properties":{"id":"1618A","name":"SOUTH BLUFF","mvum_symbol_name":"Roads open to all Vehicles, Yearlong","surfacetype":"NAT - NATIVE MATERIAL","seasonal":"yearlong","passengervehicle":"open","passengervehicle_datesopen":"01/01-12/31","highclearancevehicle":"open","highclearancevehicle_datesopen":"01/01-12/31","atv":"open","atv_datesopen":"01/01-12/31","motorcycle":"open","motorcycle_datesopen":"01/01-12/31","kind":"road"}},{"type":"Feature","geometry":{"type":"MultiLineString","coordinates":[[[-93.62548,35.2259],[-93.62521,35.22604],[-93.62457,35.22614],[-93.62451,35.22618],[-93.62439,35.22618],[-93.62424,35.22628],[-93.62408,35.22627],[-93.6239,35.22616],[-93.62385,35.22595],[-93.6238,35.22589],[-93.62363,35.2258],[-93.62339,35.2258],[-93.62331,35.22577],[-93.62289,35.22536],[-93.62288,35.22528],[-93.62297,35.22517],[-93.62395,35.22491]]]},"properties":{"id":"1608C","name":"COVE LAKE C.G. A","mvum_symbol_name":"Roads open to highway legal vehicles only, Yearlong","surfacetype":"BST - BITUMINOUS SURFACE TREATMENT","seasonal":"yearlong","passengervehicle":"open","passengervehicle_datesopen":"01/01-12/31","highclearancevehicle":"open","highclearancevehicle_datesopen":"01/01-12/31","kind":"road"}},{"type":"Feature","geometry":{"type":"MultiLineString","coordinates":[[[-93.40338,35.25017],[-93.4029,35.25043],[-93.40218,35.2507],[-93.40188,35.25093],[-93.40163,35.25119],[-93.40154,35.25133],[-93.40143,35.25157],[-93.4014,35.25177]]]},"properties":{"id":"96007F","mvum_symbol_name":"Roads open to highway legal vehicles only, Yearlong","surfacetype":"IMP - IMPROVED NATIVE MATERIAL","seasonal":"yearlong","passengervehicle":"open","passengervehicle_datesopen":"01/01-12/31","highclearancevehicle":"open","highclearancevehicle_datesopen":"01/01-12/31","kind":"road"}},{"type":"Feature","geometry":{"type":"MultiLineString","coordinates":[[[-93.71988,35.15644],[-93.71975,35.15667],[-93.71942,35.15709],[-93.71917,35.15767],[-93.71843,35.15821],[-93.71767,35.1587],[-93.71745,35.1588],[-93.71729,35.15884],[-93.71703,35.15882],[-93.71689,35.159],[-93.71698,35.15924]]]},"properties":{"id":"1677B","mvum_symbol_name":"Roads open to highway legal vehicles only, Yearlong","surfacetype":"NAT - NATIVE MATERIAL","seasonal":"yearlong","passengervehicle":"open","passengervehicle_datesopen":"01/01-12/31","highclearancevehicle":"open","highclearancevehicle_datesopen":"01/01-12/31","kind":"road"}},{"type":"Feature","geometry":{"type":"MultiLineString","coordinates":[[[-93.62284,35.21294],[-93.62271,35.2126],[-93.62235,35.21182],[-93.62213,35.21088],[-93.62191,35.21036],[-93.62184,35.21008],[-93.62185,35.20988],[-93.62179,35.20952],[-93.62148,35.2085],[-93.62139,35.20694]]]},"properties":{"id":"96043E","mvum_symbol_name":"Roads open to all Vehicles, Yearlong","surfacetype":"NAT - NATIVE MATERIAL","seasonal":"yearlong","passengervehicle":"open","passengervehicle_datesopen":"01/01-12/31","highclearancevehicle":"open","highclearancevehicle_datesopen":"01/01-12/31","atv":"open","atv_datesopen":"01/01-12/31","motorcycle":"open","motorcycle_datesopen":"01/01-12/31","kind":"road"}},{"type":"Feature","geometry":{"type":"MultiLineString","coordinates":[[[-93.37598,35.26914],[-93.37604,35.26868],[-93.37605,35.26833],[-93.37619,35.26828],[-93.37743,35.26813],[-93.3786,35.26788],[-93.3792,35.2678],[-93.37981,35.26758],[-93.38017,35.26739],[-93.38052,35.2673],[-93.38271,35.26702],[-93.38359,35.26708],[-93.38384,35.26705],[-93.38432,35.26713],[-93.38491,35.26712],[-93.38514,35.26706],[-93.38561,35.26706]]]},"properties":{"id":"1619A","name":"FARNAM","mvum_symbol_name":"Roads open to highway legal vehicles only, Yearlong","surfacetype":"NAT - NATIVE MATERIAL","seasonal":"yearlong","passengervehicle":"open","passengervehicle_datesopen":"01/01-12/31","highclearancevehicle":"open","highclearancevehicle_datesopen":"01/01-12/31","kind":"road"}},{"type":"Feature","geometry":{"type":"MultiLineString","coordinates":[[[-93.48817,35.23056],[-93.48932,35.23034],[-93.4897,35.23021],[-93.4904,35.22983],[-93.49075,35.22968],[-93.49123,35.22955],[-93.49169,35.22948],[-93.49293,35.22943]]]},"properties":{"id":"1657","mvum_symbol_name":"Roads open to all Vehicles, Yearlong","surfacetype":"NAT - NATIVE MATERIAL","seasonal":"yearlong","passengervehicle":"open","passengervehicle_datesopen":"01/01-12/31","highclearancevehicle":"open","highclearancevehicle_datesopen":"01/01-12/31","atv":"open","atv_datesopen":"01/01-12/31","motorcycle":"open","motorcycle_datesopen":"01/01-12/31","kind":"road"}},{"type":"Feature","geometry":{"type":"MultiLineString","coordinates":[[[-93.60286,35.13271],[-93.60286,35.13315],[-93.60298,35.13364],[-93.60282,35.13434],[-93.60276,35.13492],[-93.60278,35.13538],[-93.60273,35.13614],[-93.60263,35.13686],[-93.6026,35.13744],[-93.60254,35.13774],[-93.60237,35.13796],[-93.60209,35.13864],[-93.60195,35.14006],[-93.60195,35.14036],[-93.60199,35.14039],[-93.60201,35.14051],[-93.60219,35.14091],[-93.60246,35.14115],[-93.60281,35.14124],[-93.60317,35.14123],[-93.60352,35.14131],[-93.6037,35.14129],[-93.60405,35.14098],[-93.6047,35.14075],[-93.60649,35.14024],[-93.60776,35.13992],[-93.6085,35.13983],[-93.60906,35.13962],[-93.61072,35.13951],[-93.61276,35.13921],[-93.61393,35.13916],[-93.6144,35.13921],[-93.61466,35.13934],[-93.61602,35.14032],[-93.61633,35.14059],[-93.61701,35.14101],[-93.61716,35.14116],[-93.61757,35.14143],[-93.61822,35.14172],[-93.61879,35.14177],[-93.62006,35.14167],[-93.62065,35.14166],[-93.62084,35.14169],[-93.62163,35.14196],[-93.62202,35.14202],[-93.62244,35.142],[-93.62274,35.14204],[-93.6231,35.14219],[-93.62353,35.14221],[-93.62382,35.14219],[-93.62449,35.14239],[-93.62472,35.14255],[-93.62501,35.14267],[-93.62522,35.14282],[-93.62551,35.14294],[-93.62603,35.14325],[-93.62772,35.14401],[-93.62794,35.1439],[-93.62837,35.14351],[-93.62921,35.14293],[-93.62959,35.14282],[-93.63002,35.14282],[-93.63094,35.14272],[-93.6332,35.14261],[-93.63388,35.14267],[-93.63415,35.14274],[-93.63472,35.14276],[-93.63514,35.14285],[-93.63573,35.14305],[-93.63591,35.14314],[-93.63612,35.14333],[-93.63661,35.14354],[-93.6368,35.14357],[-93.63726,35.14352],[-93.63777,35.14335],[-93.63812,35.1434],[-93.63835,35.14364],[-93.6384,35.14379],[-93.63854,35.14399],[-93.63871,35.14414],[-93.63897,35.14422],[-93.63925,35.14412],[-93.63938,35.14361],[-93.63957,35.14323],[-93.64018,35.14257],[-93.64055,35.14243],[-93.64114,35.14234],[-93.64177,35.1423],[-93.64257,35.14229],[-93.6431,35.1424],[-93.64404,35.1427],[-93.64479,35.14298],[-93.64539,35.14305],[-93.64588,35.14341],[-93.64607,35.14345],[-93.64638,35.14321],[-93.64675,35.14285],[-93.64702,35.14274],[-93.6487,35.14258],[-93.64934,35.14257],[-93.64991,35.14247],[-93.65004,35.14249],[-93.6506,35.14274],[-93.65085,35.14276],[-93.65122,35.14266],[-93.65136,35.14257],[-93.6513,35.14228],[-93.65135,35.14202],[-93.65134,35.14181],[-93.6514,35.14168],[-93.65149,35.14159],[-93.65169,35.14153],[-93.65186,35.1416],[-93.65233,35.14131],[-93.65296,35.14107],[-93.65311,35.14095],[-93.65421,35.14075],[-93.65438,35.14066],[-93.65454,35.14068],[-93.65457,35.14054],[-93.65476,35.14026],[-93.65525,35.13974],[-93.65539,35.13963],[-93.65608,35.13961],[-93.6571,35.13976],[-93.6572,35.13974],[-93.65729,35.13968],[-93.65744,35.13943],[-93.65757,35.13935],[-93.65786,35.13933],[-93.65799,35.13938],[-93.65818,35.13953],[-93.65837,35.13983]]]},"properties":{"id":"1678","name":"BIG PINEY CREEK","mvum_symbol_name":"Roads open to all Vehicles, Yearlong","surfacetype":"AGG - CRUSHED AGGREGATE OR GRAVEL","seasonal":"yearlong","passengervehicle":"open","passengervehicle_datesopen":"01/01-12/31","highclearancevehicle":"open","highclearancevehicle_datesopen":"01/01-12/31","atv":"open","atv_datesopen":"01/01-12/31","motorcycle":"open","motorcycle_datesopen":"01/01-12/31","kind":"road"}},{"type":"Feature","geometry":{"type":"MultiLineString","coordinates":[[[-93.50947,35.1984],[-93.50958,35.19808],[-93.50997,35.19736],[-93.51042,35.19697],[-93.5109,35.19662],[-93.51183,35.19604],[-93.51221,35.19568],[-93.51226,35.19556],[-93.51224,35.19543],[-93.51206,35.195],[-93.51152,35.19429],[-93.51146,35.19417],[-93.51144,35.19403],[-93.51152,35.19352],[-93.51164,35.19179],[-93.5116,35.19137],[-93.51123,35.1901],[-93.51106,35.18936],[-93.51102,35.18867],[-93.51127,35.1859],[-93.51128,35.18554],[-93.51123,35.18538],[-93.5095,35.18248],[-93.50908,35.18149],[-93.50896,35.18099],[-93.50893,35.18059],[-93.50907,35.17975],[-93.50928,35.17919],[-93.50952,35.1787],[-93.50997,35.17815],[-93.51042,35.17768],[-93.51171,35.17681],[-93.51199,35.17655],[-93.51254,35.17589],[-93.51311,35.17542],[-93.51348,35.17523],[-93.51496,35.17465],[-93.51582,35.17444],[-93.51638,35.17437],[-93.51694,35.17423],[-93.51781,35.17368],[-93.51788,35.17357],[-93.51789,35.17345],[-93.51784,35.17327],[-93.51774,35.17322],[-93.51744,35.17323],[-93.51708,35.17341],[-93.51678,35.17338],[-93.5165,35.17316],[-93.51611,35.1726],[-93.51589,35.17243],[-93.51548,35.17228],[-93.5152,35.17225],[-93.51503,35.17228],[-93.51486,35.17237],[-93.51444,35.17277],[-93.5142,35.17283],[-93.51406,35.17281],[-93.51385,35.1727],[-93.51348,35.17242],[-93.51305,35.1722],[-93.51291,35.17208],[-93.51269,35.1717],[-93.51267,35.17143],[-93.51269,35.17036],[-93.51274,35.17006],[-93.51286,35.16974],[-93.51299,35.16952],[-93.51315,35.16933],[-93.51334,35.16924],[-93.51389,35.16908],[-93.51407,35.16898],[-93.51422,35.16884],[-93.51426,35.16874],[-93.51422,35.16862],[-93.51407,35.1685],[-93.51358,35.1683],[-93.51262,35.16763],[-93.51238,35.16737],[-93.51234,35.16721],[-93.51239,35.1662],[-93.51247,35.16608],[-93.51299,35.16564],[-93.51355,35.16524],[-93.5137,35.16509],[-93.5133,35.16421],[-93.51326,35.1638],[-93.51328,35.16301],[-93.51309,35.16259],[-93.51253,35.16067],[-93.51235,35.15978],[-93.51199,35.1585],[-93.51187,35.15794],[-93.5118,35.15745]]]},"properties":{"id":"1607","name":"COPPER SPRING","mvum_symbol_name":"Roads open to all Vehicles, Yearlong","surfacetype":"NAT - NATIVE MATERIAL","seasonal":"yearlong","passengervehicle":"open","passengervehicle_datesopen":"01/01-12/31","highclearancevehicle":"open","highclearancevehicle_datesopen":"01/01-12/31","atv":"open","atv_datesopen":"01/01-12/31","motorcycle":"open","motorcycle_datesopen":"01/01-12/31","kind":"road"}},{"type":"Feature","geometry":{"type":"MultiLineString","coordinates":[[[-93.62244,35.142],[-93.62246,35.14182],[-93.6226,35.14162],[-93.62265,35.14109],[-93.62273,35.14061],[-93.62292,35.14036],[-93.62304,35.14029],[-93.62313,35.14006],[-93.62322,35.13959],[-93.62333,35.13941],[-93.62368,35.13922],[-93.62426,35.13899],[-93.62461,35.1389],[-93.62472,35.1388],[-93.62447,35.13829],[-93.62437,35.13775],[-93.62441,35.13735],[-93.62437,35.13717],[-93.62427,35.13697],[-93.62414,35.13682],[-93.62403,35.13662],[-93.62401,35.13599],[-93.62404,35.13586],[-93.62424,35.13551],[-93.62426,35.13506],[-93.6243,35.13496],[-93.62449,35.1348],[-93.62478,35.1346],[-93.62485,35.13367],[-93.62495,35.13346],[-93.62492,35.13343],[-93.62495,35.13334],[-93.62506,35.13316],[-93.62498,35.13306]]]},"properties":{"id":"1678D","name":"HOLE SNAKE","mvum_symbol_name":"Roads open to highway legal vehicles only, Yearlong","surfacetype":"NAT - NATIVE MATERIAL","seasonal":"yearlong","passengervehicle":"open","passengervehicle_datesopen":"01/01-12/31","highclearancevehicle":"open","highclearancevehicle_datesopen":"01/01-12/31","kind":"road"}},{"type":"Feature","geometry":{"type":"MultiLineString","coordinates":[[[-93.47054,35.16213],[-93.47086,35.16201],[-93.47217,35.16197],[-93.47462,35.16201],[-93.47706,35.16199],[-93.47782,35.16184],[-93.47809,35.16173],[-93.4784,35.16141],[-93.47868,35.16101],[-93.4789,35.1608],[-93.47912,35.16068],[-93.47932,35.16061],[-93.47965,35.16056],[-93.48033,35.16056],[-93.48151,35.16067],[-93.48201,35.16076],[-93.4828,35.16106],[-93.48321,35.16112],[-93.48618,35.16054],[-93.48795,35.16015],[-93.48838,35.16009],[-93.48885,35.16009],[-93.48951,35.16036],[-93.48981,35.16043],[-93.49124,35.16052],[-93.49214,35.16078],[-93.49284,35.16092],[-93.49332,35.16106]]]},"properties":{"id":"1643","name":"HICKORY GROVE ROAD","mvum_symbol_name":"Roads open to all Vehicles, Yearlong","surfacetype":"NAT - NATIVE MATERIAL","seasonal":"yearlong","passengervehicle":"open","passengervehicle_datesopen":"01/01-12/31","highclearancevehicle":"open","highclearancevehicle_datesopen":"01/01-12/31","atv":"open","atv_datesopen":"01/01-12/31","motorcycle":"open","motorcycle_datesopen":"01/01-12/31","kind":"road"}},{"type":"Feature","geometry":{"type":"MultiLineString","coordinates":[[[-93.43043,35.20215],[-93.43034,35.20184],[-93.43023,35.20163],[-93.43005,35.20148],[-93.42959,35.20128],[-93.42937,35.20111],[-93.42912,35.20096],[-93.42883,35.20086],[-93.42857,35.2007],[-93.42835,35.20048],[-93.4282,35.20023]]]},"properties":{"id":"1648A","name":"LONG BRANCH A","mvum_symbol_name":"Roads open to highway legal vehicles only, Yearlong","surfacetype":"NAT - NATIVE MATERIAL","seasonal":"yearlong","passengervehicle":"open","passengervehicle_datesopen":"01/01-12/31","highclearancevehicle":"open","highclearancevehicle_datesopen":"01/01-12/31","kind":"road"}},{"type":"Feature","geometry":{"type":"MultiLineString","coordinates":[[[-93.48812,35.23637],[-93.48908,35.23692],[-93.48963,35.23716]]]},"properties":{"id":"1613B","name":"BEN COVE","mvum_symbol_name":"Roads open to all Vehicles, Yearlong","surfacetype":"NAT - NATIVE MATERIAL","seasonal":"yearlong","passengervehicle":"open","passengervehicle_datesopen":"01/01-12/31","highclearancevehicle":"open","highclearancevehicle_datesopen":"01/01-12/31","atv":"open","atv_datesopen":"01/01-12/31","motorcycle":"open","motorcycle_datesopen":"01/01-12/31","kind":"road"}},{"type":"Feature","geometry":{"type":"MultiLineString","coordinates":[[[-93.64897,35.25775],[-93.64897,35.2579],[-93.64909,35.25811],[-93.64924,35.25827],[-93.64941,35.25834],[-93.64965,35.25837],[-93.64987,35.25833],[-93.65019,35.25821],[-93.6504,35.25806],[-93.65067,35.25796],[-93.65103,35.25788],[-93.65125,35.25791],[-93.65138,35.25798],[-93.65145,35.25805],[-93.65161,35.25832]]]},"properties":{"id":"96045D","mvum_symbol_name":"Roads open to highway legal vehicles only, Yearlong","surfacetype":"NAT - NATIVE MATERIAL","seasonal":"yearlong","passengervehicle":"open","passengervehicle_datesopen":"01/01-12/31","highclearancevehicle":"open","highclearancevehicle_datesopen":"01/01-12/31","kind":"road"}},{"type":"Feature","geometry":{"type":"MultiLineString","coordinates":[[[-93.71552,35.14093],[-93.71464,35.1407],[-93.71408,35.1407],[-93.71386,35.14078],[-93.71359,35.14095],[-93.71343,35.14097],[-93.71332,35.14104],[-93.71281,35.14161],[-93.7125,35.14216],[-93.71229,35.14229],[-93.71168,35.14235],[-93.71017,35.14277],[-93.7098,35.14274],[-93.70957,35.14269],[-93.7087,35.14239],[-93.70811,35.14242],[-93.70761,35.14236],[-93.70714,35.14225],[-93.70559,35.14222],[-93.70516,35.14228],[-93.70386,35.14218],[-93.70336,35.14218],[-93.70306,35.14208],[-93.70243,35.14166],[-93.70217,35.14146],[-93.70183,35.14104],[-93.70134,35.14068],[-93.70092,35.14044],[-93.70075,35.14029],[-93.69945,35.13971],[-93.69935,35.13964],[-93.69922,35.13932],[-93.69914,35.13923],[-93.69877,35.13904],[-93.69862,35.13901],[-93.69763,35.1385],[-93.69748,35.13831],[-93.69773,35.13765],[-93.69774,35.13741],[-93.69768,35.13724],[-93.69756,35.13714],[-93.69715,35.13706],[-93.69665,35.13708],[-93.69616,35.13696],[-93.69567,35.13691],[-93.69528,35.13701],[-93.69467,35.13734],[-93.69434,35.13741],[-93.69328,35.13736],[-93.69225,35.13714],[-93.69153,35.13704],[-93.69129,35.13712],[-93.69125,35.13723],[-93.69126,35.13749],[-93.69116,35.1379],[-93.69108,35.13869]]]},"properties":{"id":"96049C","mvum_symbol_name":"Roads open to highway legal vehicles only, Yearlong","surfacetype":"NAT - NATIVE MATERIAL","seasonal":"yearlong","passengervehicle":"open","passengervehicle_datesopen":"01/01-12/31","highclearancevehicle":"open","highclearancevehicle_datesopen":"01/01-12/31","kind":"road"}},{"type":"Feature","geometry":{"type":"MultiLineString","coordinates":[[[-93.56324,35.20019],[-93.5636,35.20002],[-93.56404,35.1999],[-93.56457,35.1997],[-93.56511,35.19967],[-93.56588,35.1998],[-93.56648,35.19995],[-93.56685,35.19994],[-93.56715,35.19996],[-93.56798,35.20024],[-93.56876,35.20019],[-93.56927,35.20009],[-93.5697,35.20011],[-93.57012,35.20008],[-93.57042,35.20001],[-93.57069,35.1999],[-93.57071,35.19967],[-93.57055,35.19917],[-93.57063,35.19907],[-93.57125,35.1992],[-93.57182,35.19923],[-93.57238,35.19918],[-93.57257,35.19911],[-93.57276,35.19898]]]},"properties":{"id":"96064B","mvum_symbol_name":"Roads open to highway legal vehicles only, Yearlong","surfacetype":"NAT - NATIVE MATERIAL","seasonal":"yearlong","passengervehicle":"open","passengervehicle_datesopen":"01/01-12/31","highclearancevehicle":"open","highclearancevehicle_datesopen":"01/01-12/31","kind":"road"}},{"type":"Feature","geometry":{"type":"MultiLineString","coordinates":[[[-93.58156,35.17913],[-93.58133,35.17928],[-93.58119,35.17932],[-93.58111,35.17953],[-93.58119,35.17976],[-93.58117,35.17983],[-93.5811,35.1799],[-93.58063,35.18006],[-93.57982,35.18028],[-93.57958,35.18031],[-93.57926,35.1803],[-93.579,35.18021],[-93.57872,35.18004],[-93.57838,35.17963],[-93.57828,35.17956],[-93.57805,35.17951],[-93.5774,35.17952],[-93.57627,35.17971],[-93.57523,35.17972],[-93.57501,35.17979],[-93.57475,35.17982],[-93.57387,35.17983],[-93.57323,35.17971],[-93.57317,35.17974],[-93.57323,35.17988],[-93.57423,35.18053],[-93.57421,35.18062],[-93.57378,35.18087],[-93.57337,35.1812],[-93.57318,35.18124],[-93.57241,35.18114],[-93.57207,35.18102],[-93.57183,35.18102],[-93.57156,35.18124],[-93.57154,35.18158],[-93.5715,35.1817],[-93.57136,35.18192],[-93.57137,35.18212],[-93.57133,35.18224],[-93.57114,35.1826]]]},"properties":{"id":"1627B","name":"BEAR HOLLOW CONNECT.","mvum_symbol_name":"Roads open to all Vehicles, Yearlong","surfacetype":"NAT - NATIVE MATERIAL","seasonal":"yearlong","passengervehicle":"open","passengervehicle_datesopen":"01/01-12/31","highclearancevehicle":"open","highclearancevehicle_datesopen":"01/01-12/31","atv":"open","atv_datesopen":"01/01-12/31","motorcycle":"open","motorcycle_datesopen":"01/01-12/31","kind":"road"}},{"type":"Feature","geometry":{"type":"MultiLineString","coordinates":[[[-93.68156,35.23862],[-93.67983,35.23741],[-93.67933,35.23681],[-93.67825,35.23525],[-93.67799,35.23497],[-93.67769,35.23453],[-93.67744,35.23423],[-93.67716,35.23339],[-93.6771,35.23296],[-93.67696,35.23272],[-93.67673,35.2319],[-93.67659,35.23181],[-93.67628,35.23147],[-93.67604,35.2311],[-93.67571,35.23029],[-93.67567,35.22994],[-93.6757,35.22954],[-93.67565,35.22912],[-93.67571,35.22876],[-93.67599,35.22801],[-93.67597,35.22777],[-93.67583,35.22752],[-93.67593,35.2269],[-93.67598,35.22678],[-93.6762,35.22661],[-93.67622,35.22643],[-93.67616,35.2257],[-93.67619,35.22561],[-93.67626,35.22553],[-93.67625,35.22547],[-93.67629,35.22544],[-93.67627,35.22516],[-93.6765,35.22508],[-93.67688,35.22485],[-93.67753,35.22435],[-93.67816,35.22409],[-93.67854,35.22398],[-93.67931,35.22364],[-93.68017,35.22334],[-93.68062,35.22309],[-93.68094,35.22307],[-93.68152,35.22284],[-93.68169,35.22269],[-93.68183,35.22267],[-93.68218,35.22281],[-93.68275,35.22288],[-93.68301,35.22299],[-93.68357,35.22313],[-93.68383,35.22317],[-93.684,35.2231],[-93.6841,35.2231],[-93.68447,35.22322],[-93.68462,35.22322],[-93.68502,35.22346],[-93.6852,35.22369],[-93.68556,35.22403],[-93.6858,35.2242],[-93.68604,35.2245],[-93.68619,35.22455],[-93.68701,35.22472],[-93.68717,35.2247],[-93.68831,35.22484],[-93.68851,35.22483],[-93.68923,35.22498],[-93.6898,35.22501],[-93.68995,35.2251],[-93.69109,35.22545],[-93.69222,35.22563],[-93.69261,35.22566],[-93.69304,35.22585],[-93.69319,35.22599],[-93.6933,35.22603],[-93.69356,35.22601],[-93.69389,35.22585],[-93.69449,35.22579],[-93.69463,35.22569],[-93.69473,35.22551],[-93.69496,35.22536],[-93.69501,35.22526],[-93.69515,35.2251],[-93.69524,35.22508],[-93.69536,35.22509],[-93.69574,35.22523],[-93.69586,35.22521],[-93.69614,35.22527],[-93.69652,35.22515],[-93.69684,35.22518],[-93.6976,35.22554],[-93.69804,35.2255],[-93.6986,35.2255],[-93.69906,35.22532],[-93.6995,35.22539],[-93.70027,35.22561],[-93.70092,35.22564],[-93.70145,35.22559],[-93.70171,35.22561],[-93.7022,35.22554],[-93.70294,35.22562],[-93.70314,35.22571],[-93.70331,35.22584],[-93.70337,35.22597],[-93.70339,35.22612],[-93.70337,35.22651],[-93.70312,35.22679],[-93.70303,35.22694],[-93.70293,35.22723],[-93.70283,35.22737],[-93.70245,35.22765],[-93.70227,35.22771]]]},"properties":{"id":"2619","mvum_symbol_name":"Special Designation, Yearlong","seasonal":"yearlong","kind":"trail"}},{"type":"Feature","geometry":{"type":"MultiLineString","coordinates":[[[-93.5135,35.20001],[-93.51358,35.19962],[-93.51372,35.19939],[-93.5138,35.19906],[-93.51386,35.19907],[-93.51426,35.19885],[-93.51479,35.19892],[-93.51561,35.19915],[-93.51723,35.19941],[-93.51852,35.19956],[-93.51884,35.19956],[-93.51991,35.19918],[-93.52276,35.19806],[-93.52293,35.19804],[-93.5232,35.19793],[-93.52342,35.19779],[-93.52408,35.1976],[-93.52429,35.19747],[-93.52522,35.19716],[-93.52641,35.19671],[-93.52648,35.19666],[-93.52777,35.19621],[-93.52854,35.19621],[-93.52871,35.19631],[-93.52907,35.19644],[-93.52939,35.19645],[-93.52995,35.19634],[-93.5303,35.19623],[-93.53053,35.19611],[-93.53067,35.19613],[-93.53088,35.19622],[-93.53109,35.19624],[-93.5317,35.19617],[-93.53225,35.19618],[-93.53244,35.19615],[-93.53278,35.19618],[-93.53433,35.19615],[-93.53489,35.19618],[-93.53599,35.19613],[-93.53737,35.19621],[-93.53959,35.19618],[-93.53961,35.19623],[-93.53959,35.19644],[-93.53942,35.19687],[-93.53888,35.19721],[-93.53844,35.19778],[-93.53828,35.19791],[-93.53816,35.19794],[-93.53761,35.19844],[-93.53742,35.19901],[-93.53727,35.19924],[-93.53719,35.19954],[-93.53717,35.20003],[-93.53725,35.20043],[-93.53727,35.20088],[-93.53722,35.20105],[-93.5371,35.2012],[-93.53696,35.2013],[-93.53633,35.20132],[-93.53579,35.2012],[-93.53558,35.20112],[-93.5348,35.20103],[-93.53422,35.20089],[-93.53357,35.20086],[-93.53294,35.20071],[-93.53285,35.20074],[-93.53272,35.20092],[-93.53264,35.2011],[-93.53251,35.20124],[-93.53228,35.20132],[-93.53098,35.20131],[-93.53087,35.20133],[-93.53084,35.20138],[-93.53093,35.20167],[-93.5311,35.20188],[-93.53143,35.202],[-93.53148,35.20207],[-93.53147,35.20236],[-93.53163,35.20254],[-93.53207,35.20327],[-93.53208,35.20368],[-93.53218,35.20421],[-93.53233,35.20447],[-93.5324,35.20495],[-93.53248,35.20514],[-93.53249,35.20525],[-93.53235,35.20569],[-93.53237,35.20584],[-93.53251,35.20616],[-93.53254,35.20632],[-93.53252,35.20665],[-93.53256,35.20676],[-93.53243,35.20745],[-93.53235,35.20758],[-93.53216,35.20772],[-93.53175,35.20787],[-93.53158,35.20798],[-93.53126,35.20867],[-93.53121,35.20876],[-93.53111,35.2088],[-93.53104,35.20898],[-93.53098,35.20902],[-93.53089,35.20927],[-93.53089,35.20959],[-93.53113,35.21008],[-93.53137,35.21096],[-93.53136,35.21154],[-93.53153,35.21205],[-93.53155,35.21233],[-93.53149,35.21256],[-93.53115,35.21338],[-93.53108,35.21349],[-93.53086,35.21366],[-93.53077,35.21378],[-93.53062,35.21387],[-93.5304,35.21415],[-93.53028,35.21423],[-93.53008,35.21444],[-93.52979,35.21461],[-93.5294,35.21495],[-93.52904,35.21509],[-93.5289,35.2153],[-93.52863,35.21552],[-93.52862,35.2158],[-93.52854,35.21603],[-93.52829,35.21637],[-93.52825,35.21653],[-93.52829,35.21659],[-93.52839,35.21663],[-93.52868,35.21654],[-93.52903,35.21661],[-93.52917,35.21667],[-93.52917,35.21676],[-93.52905,35.21697],[-93.52899,35.21729],[-93.529,35.21748],[-93.52886,35.21778],[-93.52882,35.21801],[-93.52869,35.21825],[-93.52851,35.21884],[-93.52831,35.21931],[-93.52809,35.21951],[-93.52796,35.21971],[-93.52788,35.21988],[-93.52781,35.22025],[-93.52762,35.2208],[-93.5273,35.22139],[-93.52725,35.22165],[-93.52726,35.22215],[-93.52714,35.2226],[-93.52708,35.22305],[-93.52693,35.22364],[-93.52641,35.22506],[-93.52617,35.2254],[-93.52586,35.22568],[-93.52526,35.22594],[-93.525,35.22613],[-93.52486,35.22628],[-93.52392,35.22665],[-93.5238,35.22673],[-93.52321,35.22746],[-93.52265,35.22856],[-93.52236,35.22891],[-93.52194,35.22927],[-93.52156,35.22947],[-93.52112,35.22989],[-93.52086,35.23054],[-93.52065,35.23092],[-93.52054,35.23121],[-93.52041,35.2314],[-93.52009,35.23175]]]},"properties":{"id":"2612","mvum_symbol_name":"Trails open to vehicles 50\" or less in width, Yearlong","seasonal":"yearlong","atv":"open","atv_datesopen":"01/01-12/31","motorcycle":"open","motorcycle_datesopen":"01/01-12/31","kind":"trail"}},{"type":"Feature","geometry":{"type":"MultiLineString","coordinates":[[[-93.52009,35.23175],[-93.52028,35.23197],[-93.52049,35.2323],[-93.52098,35.23329],[-93.52115,35.2335],[-93.52121,35.23374],[-93.52152,35.23441],[-93.52154,35.23454],[-93.52149,35.23475],[-93.52142,35.23533],[-93.5213,35.23579],[-93.52132,35.23597],[-93.52138,35.23623],[-93.52146,35.23633],[-93.52147,35.23645],[-93.52133,35.2367],[-93.5212,35.23683],[-93.52111,35.23708],[-93.52103,35.23745],[-93.52087,35.23753],[-93.52022,35.23766],[-93.52005,35.23781],[-93.51992,35.238],[-93.51979,35.23839],[-93.51972,35.23846],[-93.51964,35.23862],[-93.51943,35.23885],[-93.51935,35.23905],[-93.51915,35.23919],[-93.51909,35.23931],[-93.51902,35.2399],[-93.51857,35.24052],[-93.51854,35.24073],[-93.51856,35.24092],[-93.51878,35.24139],[-93.51891,35.24155],[-93.51893,35.24165],[-93.51895,35.24174],[-93.51891,35.24202],[-93.519,35.24234],[-93.51897,35.24249],[-93.51905,35.24327],[-93.51916,35.24374],[-93.51921,35.24386],[-93.51942,35.24416],[-93.51946,35.24439],[-93.51941,35.24455],[-93.51929,35.24466],[-93.51906,35.24474],[-93.5189,35.24488],[-93.51875,35.24512],[-93.51866,35.24553],[-93.51866,35.24566],[-93.51871,35.2458],[-93.5188,35.24586],[-93.51897,35.24589],[-93.51911,35.246],[-93.5191,35.24609],[-93.51904,35.24614],[-93.519,35.24621],[-93.51901,35.24683],[-93.51916,35.2474],[-93.51903,35.24753],[-93.51891,35.24827],[-93.51869,35.24869],[-93.51868,35.24881],[-93.51835,35.24955],[-93.51833,35.24968],[-93.51835,35.24985],[-93.51853,35.25019],[-93.51853,35.25026],[-93.51846,35.25038],[-93.51824,35.25059],[-93.51803,35.25069],[-93.51764,35.25101],[-93.51735,35.25108],[-93.5172,35.25122],[-93.51707,35.25143],[-93.51669,35.25156],[-93.51656,35.25171],[-93.51632,35.25184],[-93.51616,35.25188],[-93.5159,35.25185],[-93.51567,35.25175],[-93.51546,35.25173],[-93.51534,35.25168],[-93.51521,35.25153],[-93.51507,35.25149],[-93.51494,35.2515],[-93.5141,35.25294],[-93.51344,35.25414],[-93.5133,35.25448],[-93.5129,35.25591],[-93.51274,35.25613],[-93.51179,35.25705],[-93.51149,35.25738],[-93.51139,35.25756],[-93.51114,35.25823],[-93.51104,35.25831],[-93.5109,35.25833],[-93.51042,35.25821],[-93.5102,35.25822],[-93.50982,35.25836],[-93.50962,35.25849],[-93.5095,35.25876],[-93.50935,35.25993],[-93.5093,35.2602],[-93.50918,35.26056],[-93.50888,35.26108],[-93.50858,35.26149],[-93.50837,35.26166],[-93.50941,35.26163],[-93.51015,35.26152],[-93.51096,35.26127],[-93.51231,35.26069],[-93.51351,35.26036],[-93.51411,35.26015],[-93.51416,35.26033],[-93.51391,35.26051],[-93.5138,35.2607],[-93.51368,35.26077],[-93.51354,35.26096],[-93.5126,35.26171],[-93.51245,35.26189],[-93.51235,35.26193],[-93.512,35.26191],[-93.51174,35.26199],[-93.51151,35.26215],[-93.51133,35.26232],[-93.51113,35.26269],[-93.5108,35.26312],[-93.51054,35.26374],[-93.51041,35.26383],[-93.51032,35.26405],[-93.51019,35.26419],[-93.50986,35.26435],[-93.50906,35.26456],[-93.5087,35.26475],[-93.50856,35.2649],[-93.50818,35.26544],[-93.508,35.26584]]]},"properties":{"id":"2612","mvum_symbol_name":"Special Designation, Yearlong","seasonal":"yearlong","kind":"trail"}},{"type":"Feature","geometry":{"type":"MultiLineString","coordinates":[[[-93.56068,35.18753],[-93.56057,35.18743],[-93.55998,35.1872],[-93.55967,35.18713],[-93.55938,35.1872],[-93.55929,35.1873],[-93.55937,35.18749],[-93.55975,35.18774],[-93.56037,35.18838],[-93.56041,35.18844],[-93.56039,35.18853],[-93.56029,35.18853],[-93.55993,35.18833],[-93.55951,35.18817],[-93.559,35.18814],[-93.55819,35.18828],[-93.55798,35.18828]]]},"properties":{"id":"2610","mvum_symbol_name":"Special Designation, Yearlong","seasonal":"yearlong","atv":"open","atv_datesopen":"01/01-12/31","kind":"trail"}},{"type":"Feature","geometry":{"type":"MultiLineString","coordinates":[[[-93.56068,35.18753],[-93.56057,35.18743],[-93.55998,35.1872],[-93.55967,35.18713],[-93.55938,35.1872],[-93.55929,35.1873],[-93.55937,35.18749],[-93.55975,35.18774],[-93.56037,35.18838],[-93.56041,35.18844],[-93.56039,35.18853],[-93.56029,35.18853],[-93.55993,35.18833],[-93.55951,35.18817],[-93.55927,35.18815],[-93.559,35.18814],[-93.55802,35.18829],[-93.55697,35.18818],[-93.55625,35.18821],[-93.55617,35.18823],[-93.55616,35.18831],[-93.5562,35.18843]]]},"properties":{"id":"2610","mvum_symbol_name":"Special Designation, Yearlong","seasonal":"yearlong","atv":"open","atv_datesopen":"01/01-12/31","kind":"trail"}},{"type":"Feature","geometry":{"type":"MultiLineString","coordinates":[[[-93.58161,35.15635],[-93.58161,35.15651],[-93.58176,35.15708],[-93.58176,35.15718],[-93.58152,35.15763],[-93.58152,35.15769],[-93.58166,35.15782],[-93.58164,35.15791],[-93.58142,35.15824],[-93.58145,35.15845],[-93.58138,35.15864],[-93.58138,35.1588],[-93.5815,35.15906],[-93.5815,35.15915],[-93.58143,35.15944],[-93.58138,35.15951],[-93.58061,35.15978],[-93.58029,35.16002],[-93.58026,35.1602],[-93.58035,35.16038],[-93.58034,35.16055],[-93.58019,35.16081],[-93.58032,35.16136],[-93.58032,35.1615],[-93.58018,35.16185],[-93.5802,35.1619],[-93.58018,35.16198],[-93.58008,35.16218],[-93.58003,35.16249],[-93.5802,35.16295],[-93.58005,35.16332],[-93.57985,35.16349],[-93.57966,35.16384],[-93.57928,35.16398],[-93.57913,35.1641],[-93.5791,35.16423],[-93.57914,35.16458],[-93.5794,35.16502],[-93.57957,35.16514],[-93.57995,35.16524],[-93.57995,35.16529],[-93.57985,35.16537],[-93.5798,35.16548],[-93.57985,35.16561],[-93.57996,35.16574],[-93.58002,35.16592],[-93.58004,35.16627],[-93.57995,35.16652],[-93.5797,35.16668],[-93.57968,35.16674],[-93.5797,35.16683],[-93.57982,35.16687],[-93.57998,35.167],[-93.58001,35.16707],[-93.57987,35.16766],[-93.57992,35.16788],[-93.58,35.16801],[-93.58001,35.16808],[-93.5799,35.16817],[-93.57958,35.16815],[-93.5793,35.16824],[-93.5792,35.16822],[-93.57887,35.16798],[-93.57848,35.16783],[-93.57792,35.1677],[-93.57778,35.16768],[-93.57761,35.16772],[-93.57698,35.1677],[-93.57651,35.16781],[-93.57631,35.16789],[-93.57612,35.16802],[-93.57598,35.16816],[-93.57588,35.16817],[-93.57562,35.16799],[-93.57556,35.1679],[-93.57533,35.16777],[-93.57514,35.16771],[-93.57452,35.16764],[-93.57444,35.16766],[-93.57413,35.16799],[-93.57373,35.16833],[-93.57352,35.16864],[-93.57322,35.16877],[-93.57305,35.16894],[-93.57262,35.16893],[-93.57222,35.16917],[-93.57194,35.16941],[-93.5718,35.16956],[-93.57171,35.16962],[-93.57147,35.16968],[-93.57137,35.16982],[-93.57121,35.16992],[-93.57108,35.16996],[-93.57082,35.16995],[-93.57074,35.17],[-93.57056,35.17027],[-93.57049,35.17032],[-93.57008,35.1704],[-93.56981,35.17057],[-93.56973,35.17076],[-93.56947,35.17104],[-93.56931,35.17128],[-93.56926,35.17153],[-93.56914,35.17168],[-93.56902,35.17198],[-93.56915,35.17228],[-93.56916,35.17247]]]},"properties":{"id":"2610","mvum_symbol_name":"Special Designation, Yearlong","seasonal":"yearlong","atv":"open","atv_datesopen":"01/01-12/31","kind":"trail"}},{"type":"Feature","geometry":{"type":"MultiLineString","coordinates":[[[-93.59231,35.17709],[-93.59207,35.17709],[-93.59196,35.17723],[-93.5918,35.17728],[-93.59087,35.17733],[-93.59074,35.17733],[-93.59054,35.17726],[-93.59039,35.17734],[-93.58994,35.17735],[-93.58961,35.17744],[-93.58928,35.17761],[-93.58909,35.17782],[-93.58785,35.17789],[-93.58718,35.178],[-93.58666,35.17803],[-93.58612,35.17822],[-93.58585,35.17836],[-93.58536,35.17854],[-93.5846,35.1788],[-93.58392,35.17909],[-93.58371,35.17914],[-93.5835,35.17914],[-93.58281,35.17903],[-93.58255,35.17877],[-93.58246,35.17858],[-93.58213,35.1784],[-93.58172,35.17856],[-93.58153,35.17871],[-93.5813,35.17901],[-93.58122,35.17915],[-93.58122,35.17925],[-93.58112,35.17945],[-93.58111,35.17953],[-93.58119,35.17976],[-93.58117,35.17983],[-93.5811,35.1799],[-93.58063,35.18006],[-93.57982,35.18028],[-93.5794,35.18031],[-93.579,35.18021],[-93.57872,35.18004],[-93.57838,35.17963],[-93.57828,35.17956],[-93.57805,35.17951],[-93.5774,35.17952],[-93.57627,35.17971],[-93.57523,35.17972],[-93.57501,35.17979],[-93.57475,35.17982],[-93.57387,35.17983],[-93.57323,35.17971],[-93.57317,35.17974],[-93.57323,35.17988],[-93.57423,35.18053],[-93.57421,35.18062],[-93.57378,35.18087],[-93.57337,35.1812],[-93.57318,35.18124],[-93.57241,35.18114],[-93.57207,35.18102],[-93.57183,35.18102],[-93.57156,35.18124],[-93.57154,35.18158],[-93.5715,35.1817],[-93.57136,35.18192],[-93.57137,35.18212],[-93.57133,35.18224],[-93.57114,35.1826]]]},"properties":{"id":"2613","mvum_symbol_name":"Trails open to vehicles 50\" or less in width, Yearlong","seasonal":"yearlong","atv":"open","atv_datesopen":"01/01-12/31","motorcycle":"open","motorcycle_datesopen":"01/01-12/31","kind":"trail"}},{"type":"Feature","geometry":{"type":"MultiLineString","coordinates":[[[-93.54632,35.18967],[-93.545,35.18963],[-93.54365,35.18967],[-93.54335,35.18977],[-93.54311,35.18993],[-93.54308,35.19012],[-93.54312,35.19034],[-93.54333,35.19061],[-93.54341,35.19083],[-93.5435,35.19126],[-93.54351,35.19151],[-93.54358,35.19186],[-93.5437,35.19206],[-93.54384,35.19295],[-93.54409,35.19329],[-93.54421,35.19354],[-93.54439,35.1942],[-93.54465,35.19441],[-93.54466,35.19462],[-93.54462,35.19474],[-93.54442,35.19482],[-93.54426,35.19486],[-93.5437,35.19487],[-93.54357,35.19492],[-93.54347,35.19514],[-93.54333,35.19514],[-93.54315,35.19509],[-93.54291,35.1949],[-93.54249,35.1951],[-93.5424,35.1951],[-93.54197,35.19524],[-93.54115,35.19555],[-93.54075,35.19577],[-93.54043,35.19585],[-93.5403,35.19593],[-93.53959,35.19618],[-93.53951,35.19589],[-93.53934,35.19562],[-93.53918,35.19544],[-93.53917,35.19533],[-93.53907,35.19517],[-93.53884,35.19496],[-93.53857,35.19482],[-93.53642,35.19413],[-93.53589,35.19391],[-93.53563,35.19371],[-93.53563,35.1936],[-93.53572,35.19354],[-93.53601,35.19356],[-93.53635,35.19365],[-93.53718,35.19375],[-93.53738,35.19376],[-93.53779,35.1937],[-93.53864,35.1934],[-93.53885,35.19326],[-93.53947,35.19312],[-93.53958,35.19305],[-93.53979,35.19279],[-93.54011,35.19265],[-93.54043,35.19219],[-93.54043,35.19213],[-93.54038,35.19203],[-93.53996,35.19137],[-93.53996,35.19114],[-93.54011,35.19044],[-93.54012,35.19007],[-93.54019,35.18967],[-93.54012,35.18936],[-93.54009,35.18929],[-93.5399,35.18919],[-93.5394,35.1891],[-93.5391,35.18895],[-93.53904,35.18855],[-93.53903,35.18813],[-93.53931,35.18764],[-93.53942,35.18727],[-93.53962,35.18693],[-93.5397,35.1865],[-93.5398,35.18622],[-93.5398,35.18612],[-93.54,35.18566],[-93.54,35.18549],[-93.53989,35.18503],[-93.5399,35.18482],[-93.53999,35.18434],[-93.54009,35.18398],[-93.54003,35.18366],[-93.54014,35.18335],[-93.54039,35.18304],[-93.54046,35.18292],[-93.54051,35.18278],[-93.54049,35.18265],[-93.54053,35.18233],[-93.54076,35.18183],[-93.54086,35.18145],[-93.54094,35.18101],[-93.54085,35.1807],[-93.54083,35.18044],[-93.54104,35.17999],[-93.54136,35.17963],[-93.5413,35.1794],[-93.54119,35.17931],[-93.5412,35.17921],[-93.54093,35.1788],[-93.54089,35.17866],[-93.54079,35.17851],[-93.54079,35.17835],[-93.54073,35.1782],[-93.54062,35.17806],[-93.54023,35.1778],[-93.54018,35.17762],[-93.54023,35.17735],[-93.54039,35.17703],[-93.54092,35.17661],[-93.5411,35.17649],[-93.54136,35.17644],[-93.54152,35.17636],[-93.54166,35.17625],[-93.5418,35.17601],[-93.54194,35.17521],[-93.54191,35.17489],[-93.54197,35.17473],[-93.54221,35.17453],[-93.54233,35.17448],[-93.54299,35.17444],[-93.54349,35.17416],[-93.5443,35.17395],[-93.54475,35.17387],[-93.54509,35.17374],[-93.54553,35.1735],[-93.54562,35.17342],[-93.54587,35.17312],[-93.54616,35.17259],[-93.54623,35.17235],[-93.54622,35.17215],[-93.54628,35.1715],[-93.54639,35.17137],[-93.54649,35.17114],[-93.54649,35.17096],[-93.54643,35.17078],[-93.54615,35.17047],[-93.54604,35.17025],[-93.54603,35.16998],[-93.54597,35.1698],[-93.54553,35.16936],[-93.54536,35.16927],[-93.54513,35.16906],[-93.54491,35.16898],[-93.54475,35.16884],[-93.54448,35.16846],[-93.54441,35.16788],[-93.54458,35.16775],[-93.54543,35.16758],[-93.54617,35.16736],[-93.54652,35.1673],[-93.54673,35.1672],[-93.5469,35.16707],[-93.54706,35.16684],[-93.54723,35.16673],[-93.54735,35.16672],[-93.54758,35.16661],[-93.5476,35.16652],[-93.54796,35.1659],[-93.54825,35.16594],[-93.54851,35.16586],[-93.54931,35.16541],[-93.54954,35.16524],[-93.54976,35.1648],[-93.54995,35.16425],[-93.55009,35.16322],[-93.55009,35.16275],[-93.55018,35.16143],[-93.5507,35.16013],[-93.55084,35.15951],[-93.55117,35.15875],[-93.55116,35.15864],[-93.55088,35.15806],[-93.55047,35.15739],[-93.55012,35.15647]]]},"properties":{"id":"2610","mvum_symbol_name":"Special Designation, Yearlong","seasonal":"yearlong","atv":"open","atv_datesopen":"01/01-12/31","kind":"trail"}},{"type":"Feature","geometry":{"type":"MultiLineString","coordinates":[[[-93.48025,35.24455],[-93.48025,35.24431],[-93.48021,35.24416],[-93.48023,35.24405],[-93.47992,35.24369],[-93.47977,35.24358],[-93.47977,35.2435],[-93.47982,35.24342],[-93.47977,35.2433],[-93.47967,35.24323],[-93.47938,35.24311],[-93.47938,35.243],[-93.47909,35.24269],[-93.47907,35.24261],[-93.47872,35.24221],[-93.47861,35.24173],[-93.47857,35.24137],[-93.47865,35.24103],[-93.47861,35.24086],[-93.47866,35.24064],[-93.47864,35.2404],[-93.47867,35.24032],[-93.47857,35.23986],[-93.47856,35.23931],[-93.4785,35.23912],[-93.47841,35.23893],[-93.47854,35.23869],[-93.4784,35.23854],[-93.47816,35.23846],[-93.47769,35.23843],[-93.47745,35.23835],[-93.4773,35.2382],[-93.47711,35.23812],[-93.47673,35.23813],[-93.47649,35.23809],[-93.47635,35.23798],[-93.47635,35.23786],[-93.47639,35.23774],[-93.47649,35.23763],[-93.47648,35.23738],[-93.47661,35.23711],[-93.47663,35.23697],[-93.47658,35.23685],[-93.47647,35.23675],[-93.47647,35.2367],[-93.47615,35.23663],[-93.47591,35.23653],[-93.47484,35.2362],[-93.47461,35.23623],[-93.47433,35.23608],[-93.47403,35.23598],[-93.47394,35.23592],[-93.47389,35.23584],[-93.47333,35.23554],[-93.47319,35.23551],[-93.47309,35.23553],[-93.47298,35.23564],[-93.47281,35.23571],[-93.47263,35.2357],[-93.47247,35.23564],[-93.47212,35.23572],[-93.47194,35.23565],[-93.47186,35.23581],[-93.4718,35.23584],[-93.47159,35.2356],[-93.47084,35.23536],[-93.47037,35.23514],[-93.47033,35.23509],[-93.47004,35.23495],[-93.46983,35.23492],[-93.46964,35.23502],[-93.46935,35.23506],[-93.46913,35.23516],[-93.46886,35.23506],[-93.46841,35.23508],[-93.46803,35.23494],[-93.46775,35.23493],[-93.46759,35.23481],[-93.4673,35.23471],[-93.46661,35.2341],[-93.46643,35.23418],[-93.46641,35.23424],[-93.46633,35.23425],[-93.4662,35.23418],[-93.46604,35.23423],[-93.46582,35.23416],[-93.46568,35.23418],[-93.46548,35.23416],[-93.46528,35.23423],[-93.46503,35.2342],[-93.46486,35.23428],[-93.46456,35.23432],[-93.46452,35.2344],[-93.46423,35.2346],[-93.46383,35.23462],[-93.46375,35.23466],[-93.46335,35.23457],[-93.4632,35.23447],[-93.46268,35.23426],[-93.46252,35.23415],[-93.46192,35.23411],[-93.46182,35.23414],[-93.46172,35.23423],[-93.46159,35.23428],[-93.4615,35.23442],[-93.4615,35.23457],[-93.46144,35.23477],[-93.46119,35.23503],[-93.46107,35.23511],[-93.46103,35.23522],[-93.4608,35.23548],[-93.46072,35.23564],[-93.46062,35.23574],[-93.46058,35.23593],[-93.46026,35.23603],[-93.46001,35.23618],[-93.45985,35.23637],[-93.45956,35.23656],[-93.45899,35.2368],[-93.45835,35.23717],[-93.45815,35.23752],[-93.45807,35.2376],[-93.45805,35.23831],[-93.45801,35.23839],[-93.45777,35.23852],[-93.45759,35.23847],[-93.45743,35.23866],[-93.45716,35.23869],[-93.45682,35.23886],[-93.45665,35.23884],[-93.4564,35.23875],[-93.4563,35.23868],[-93.45629,35.23864],[-93.45607,35.23858],[-93.45587,35.23825],[-93.45563,35.23799],[-93.45552,35.23794],[-93.45546,35.23787],[-93.4554,35.23779],[-93.45533,35.23749],[-93.4552,35.23735],[-93.45523,35.23702],[-93.45519,35.23694],[-93.4553,35.2368],[-93.45532,35.23656],[-93.4553,35.23641],[-93.45508,35.23599],[-93.45498,35.23588],[-93.45477,35.23582],[-93.45463,35.23571],[-93.45419,35.23553],[-93.45393,35.23526],[-93.45389,35.23514],[-93.45392,35.23496],[-93.45406,35.23474],[-93.45448,35.23441],[-93.45449,35.23421],[-93.45443,35.23408],[-93.45442,35.23369],[-93.45456,35.23337],[-93.45452,35.23325],[-93.45434,35.23317],[-93.45426,35.23297],[-93.45418,35.2329],[-93.45418,35.23283],[-93.45409,35.23271],[-93.45388,35.23228],[-93.45369,35.23204],[-93.45359,35.23177],[-93.45358,35.23158],[-93.45349,35.2314],[-93.45364,35.23123],[-93.45368,35.23101],[-93.4538,35.23086],[-93.45398,35.23072],[-93.45401,35.23053],[-93.45399,35.23045],[-93.45394,35.23037],[-93.4537,35.23032],[-93.45337,35.23056],[-93.4532,35.23073],[-93.45293,35.23085],[-93.45278,35.23096],[-93.4527,35.23113],[-93.45252,35.23127],[-93.45222,35.23134],[-93.45161,35.23125],[-93.45125,35.23131],[-93.45117,35.23127],[-93.45064,35.23127],[-93.45025,35.23109],[-93.45019,35.23096],[-93.45019,35.23066],[-93.45032,35.23006],[-93.45014,35.23004],[-93.44974,35.23009],[-93.44971,35.22994],[-93.44979,35.22989],[-93.4498,35.22981],[-93.44965,35.22971],[-93.44959,35.22955],[-93.44959,35.22941],[-93.44979,35.22892],[-93.44978,35.22879],[-93.44985,35.22871],[-93.44999,35.22842],[-93.45004,35.22809],[-93.45002,35.22795],[-93.44974,35.22749],[-93.44964,35.2271],[-93.44969,35.22704],[-93.4497,35.22647],[-93.44975,35.2264],[-93.44985,35.22636],[-93.45012,35.22637],[-93.45044,35.2265],[-93.45055,35.22663],[-93.45075,35.22666],[-93.45089,35.22651],[-93.45106,35.22624],[-93.45112,35.22621],[-93.45126,35.22598],[-93.45172,35.2256],[-93.45207,35.22551],[-93.45211,35.22543],[-93.45232,35.22521],[-93.45235,35.22506],[-93.45244,35.22492],[-93.45251,35.22471],[-93.45259,35.22458],[-93.45261,35.2243],[-93.45288,35.22416],[-93.45296,35.22404],[-93.45296,35.22393],[-93.45305,35.22367],[-93.45324,35.22348],[-93.45338,35.22327],[-93.45346,35.22295],[-93.45381,35.22209],[-93.45379,35.22192],[-93.45364,35.22183],[-93.45348,35.22164],[-93.45347,35.22154],[-93.45357,35.22125],[-93.45352,35.22105],[-93.45342,35.2209],[-93.4534,35.2208],[-93.45348,35.22063],[-93.45347,35.22054],[-93.45364,35.22032],[-93.45387,35.21987],[-93.45425,35.21941],[-93.45441,35.21931],[-93.455,35.2191],[-93.45568,35.21908],[-93.45593,35.21939],[-93.45592,35.22013],[-93.45602,35.22032],[-93.45612,35.22044],[-93.45622,35.22067],[-93.45622,35.22082],[-93.45627,35.22098],[-93.45657,35.22122],[-93.4566,35.22128],[-93.45659,35.22149],[-93.45665,35.2215],[-93.45696,35.22122],[-93.45718,35.22125],[-93.4573,35.22133],[-93.45738,35.22133],[-93.45756,35.22138],[-93.45765,35.22136],[-93.4577,35.22122],[-93.45786,35.22108],[-93.45806,35.22073],[-93.45816,35.22062],[-93.45841,35.22038],[-93.45879,35.22015],[-93.45917,35.21979],[-93.45983,35.21953],[-93.4601,35.21929],[-93.46069,35.219],[-93.46104,35.21887],[-93.46156,35.21855],[-93.46168,35.2185],[-93.46214,35.21844],[-93.46251,35.21844],[-93.46292,35.21824],[-93.46313,35.21809],[-93.46386,35.21794],[-93.46463,35.21794],[-93.46515,35.21806],[-93.46527,35.21809],[-93.46568,35.21833],[-93.46593,35.21844],[-93.46613,35.21858],[-93.46661,35.2185],[-93.46707,35.21854],[-93.46739,35.21843],[-93.46762,35.21841],[-93.46792,35.2183],[-93.46802,35.2183],[-93.46831,35.21842],[-93.46888,35.21836],[-93.46897,35.21831],[-93.46911,35.21811],[-93.46918,35.21809],[-93.4692,35.21814],[-93.46936,35.21818],[-93.46951,35.21829],[-93.46951,35.21833],[-93.46946,35.21836],[-93.46938,35.21838],[-93.46941,35.2184],[-93.4698,35.21839],[-93.47028,35.21846],[-93.47068,35.21831],[-93.4712,35.21822],[-93.47154,35.21795],[-93.47186,35.2178],[-93.47204,35.21778],[-93.47235,35.21783],[-93.47317,35.21803],[-93.47354,35.21809],[-93.47382,35.21804],[-93.47396,35.21796],[-93.47422,35.2174],[-93.47486,35.2171],[-93.47516,35.21705],[-93.47577,35.21738],[-93.4759,35.21741],[-93.47639,35.21743],[-93.47769,35.21765],[-93.47784,35.21764],[-93.47806,35.21756],[-93.47815,35.21746],[-93.47826,35.21748],[-93.47828,35.21752],[-93.47849,35.2175],[-93.47864,35.21743],[-93.47871,35.21748],[-93.47907,35.21754],[-93.47969,35.21773],[-93.48049,35.21779],[-93.48062,35.21791],[-93.48104,35.21816],[-93.48138,35.21827],[-93.48156,35.21853],[-93.48158,35.21865],[-93.48165,35.21871],[-93.48226,35.21891],[-93.48249,35.21893],[-93.48255,35.219],[-93.48272,35.2191],[-93.48311,35.21907],[-93.4834,35.21892],[-93.48372,35.21884],[-93.48403,35.21882],[-93.48434,35.21894],[-93.48461,35.21886],[-93.48484,35.21884],[-93.48497,35.21879],[-93.48523,35.21843],[-93.48552,35.21817],[-93.48569,35.21796],[-93.48586,35.21783],[-93.48705,35.21776],[-93.48768,35.21746],[-93.48804,35.21748],[-93.48818,35.21751],[-93.48877,35.21752],[-93.48891,35.21756],[-93.48919,35.21757],[-93.48941,35.21757],[-93.48965,35.21751],[-93.48986,35.21749],[-93.49205,35.21809],[-93.49212,35.21814],[-93.49268,35.21816],[-93.49307,35.21811]]]},"properties":{"id":"2611","mvum_symbol_name":"Trails open to vehicles 50\" or less in width, Seasonal","seasonal":"seasonal","atv":"open","atv_datesopen":"06/01-03/01","motorcycle":"open","motorcycle_datesopen":"06/01-03/01","kind":"trail"}},{"type":"Feature","geometry":{"type":"MultiLineString","coordinates":[[[-93.55798,35.18828],[-93.55697,35.18818],[-93.55625,35.18821],[-93.55617,35.18823],[-93.55616,35.18831],[-93.5562,35.18843],[-93.55585,35.18853],[-93.55561,35.18858],[-93.55471,35.18857],[-93.55388,35.18874],[-93.55354,35.18893],[-93.55329,35.18899],[-93.55259,35.18894],[-93.55196,35.18878],[-93.55149,35.18871],[-93.55128,35.18865],[-93.55064,35.18827],[-93.55035,35.18823],[-93.55011,35.18832],[-93.54975,35.18854],[-93.54959,35.18861],[-93.54797,35.18913],[-93.54758,35.18937],[-93.54632,35.18967]]]},"properties":{"id":"2610","mvum_symbol_name":"Special Designation, Yearlong","seasonal":"yearlong","atv":"open","atv_datesopen":"01/01-12/31","kind":"trail"}},{"type":"Feature","geometry":{"type":"MultiLineString","coordinates":[[[-93.67005,35.21113],[-93.67019,35.2112],[-93.67056,35.21125],[-93.67074,35.21157],[-93.67079,35.21176],[-93.67109,35.21237],[-93.67121,35.21253],[-93.67121,35.21269],[-93.67117,35.21285],[-93.6715,35.21292],[-93.67201,35.21316],[-93.67251,35.21351],[-93.67296,35.21362],[-93.6731,35.21372],[-93.67316,35.21383],[-93.67314,35.2143],[-93.67337,35.2144],[-93.67343,35.21451],[-93.674,35.21467],[-93.67413,35.21475],[-93.67431,35.21472],[-93.6744,35.21461],[-93.67441,35.21447],[-93.67448,35.21431],[-93.6747,35.21415],[-93.67486,35.21408],[-93.675,35.21407],[-93.67544,35.21427],[-93.67582,35.21425],[-93.67664,35.21396],[-93.67694,35.21375],[-93.67719,35.21367],[-93.67796,35.21365]]]},"properties":{"id":"2618","mvum_symbol_name":"Special Designation, Yearlong","seasonal":"yearlong","atv":"open","atv_datesopen":"01/01-12/31","kind":"trail"}},{"type":"Feature","geometry":{"type":"MultiLineString","coordinates":[[[-93.49326,35.21111],[-93.49329,35.2101],[-93.49346,35.21],[-93.49364,35.21],[-93.494,35.2099],[-93.49416,35.20976],[-93.49429,35.20974],[-93.49486,35.21005],[-93.49515,35.21001],[-93.49571,35.20979],[-93.49602,35.20975],[-93.49671,35.20971],[-93.49703,35.20978],[-93.49731,35.20977],[-93.49745,35.20974],[-93.49804,35.20918],[-93.4981,35.20909],[-93.49813,35.20898],[-93.49807,35.20884],[-93.49807,35.20849],[-93.4982,35.20838],[-93.49908,35.20797],[-93.49931,35.2079],[-93.49988,35.20786],[-93.50015,35.20776],[-93.50038,35.20764],[-93.50063,35.20747],[-93.50086,35.20721],[-93.50104,35.20712],[-93.50132,35.2071],[-93.50172,35.20692],[-93.50225,35.20683],[-93.50261,35.20683],[-93.50276,35.20679],[-93.50289,35.20661],[-93.50312,35.20639],[-93.5033,35.20639],[-93.50337,35.20643],[-93.50356,35.20681],[-93.50362,35.20707],[-93.50371,35.20721],[-93.50374,35.20737],[-93.50408,35.20764],[-93.50424,35.20766],[-93.5044,35.2075],[-93.50457,35.20726],[-93.50485,35.20708],[-93.50561,35.2069],[-93.50574,35.20685],[-93.50575,35.20678],[-93.50582,35.20676],[-93.50589,35.2068],[-93.5062,35.20669],[-93.50687,35.20602],[-93.50728,35.2055],[-93.50799,35.20498],[-93.50808,35.20485],[-93.50848,35.20455],[-93.50877,35.20444],[-93.50902,35.2043],[-93.50962,35.2043],[-93.51015,35.20415],[-93.51041,35.20404]]]},"properties":{"id":"2612","mvum_symbol_name":"Trails open to vehicles 50\" or less in width, Yearlong","seasonal":"yearlong","atv":"open","atv_datesopen":"01/01-12/31","motorcycle":"open","motorcycle_datesopen":"01/01-12/31","kind":"trail"}}]}