{"type":"FeatureCollection","features":[{"type":"Feature","geometry":{"type":"MultiLineString","coordinates":[[[-93.43243,35.16043],[-93.43275,35.16047],[-93.43339,35.16044],[-93.43421,35.16046],[-93.43496,35.16055],[-93.4356,35.1607],[-93.43694,35.16112],[-93.43765,35.16148],[-93.43893,35.16224],[-93.43957,35.16255],[-93.44049,35.16289],[-93.44103,35.16344],[-93.44146,35.16378],[-93.44173,35.16394],[-93.44294,35.1644],[-93.44329,35.16461],[-93.44352,35.16468],[-93.44518,35.16492],[-93.44546,35.165],[-93.44558,35.16506],[-93.44597,35.16543],[-93.44612,35.16552],[-93.44641,35.16552],[-93.447,35.16569],[-93.44765,35.1659],[-93.44803,35.16611],[-93.44932,35.16636],[-93.44989,35.1666],[-93.45118,35.16698],[-93.45169,35.16708],[-93.45262,35.16713],[-93.45397,35.16751],[-93.45491,35.16735],[-93.45622,35.16727],[-93.45637,35.16728],[-93.45653,35.16734],[-93.45706,35.1677],[-93.45725,35.16786],[-93.45758,35.16825],[-93.4581,35.16869],[-93.46094,35.1706],[-93.46123,35.17083],[-93.46134,35.17105],[-93.46153,35.17134],[-93.46182,35.17198],[-93.46203,35.17237],[-93.46296,35.17318],[-93.4633,35.17361],[-93.46374,35.17407],[-93.46442,35.17469],[-93.46482,35.17515],[-93.46563,35.17596],[-93.46628,35.17671],[-93.46641,35.17695],[-93.46634,35.17827],[-93.46613,35.17907],[-93.46611,35.17938],[-93.46596,35.18016],[-93.46571,35.18082],[-93.46564,35.18128],[-93.46564,35.18185],[-93.46571,35.18229],[-93.4661,35.183],[-93.46622,35.18316],[-93.46654,35.18357],[-93.46719,35.18376],[-93.46772,35.18399],[-93.46794,35.18406],[-93.46837,35.18406],[-93.46851,35.18415],[-93.46864,35.18431],[-93.46894,35.18474],[-93.46913,35.18483],[-93.46976,35.185],[-93.46991,35.18514],[-93.47041,35.18537],[-93.47116,35.18585]]]},"properties":{"id":"1626","name":"WHITE CREEK","mvum_symbol_name":"Roads open to all Vehicles, Yearlong","surfacetype":"IMP - IMPROVED NATIVE MATERIAL","seasonal":"yearlong","passengervehicle":"open","passengervehicle_datesopen":"01/01-12/31","highclearancevehicle":"open","highclearancevehicle_datesopen":"01/01-12/31","atv":"open","atv_datesopen":"01/01-12/31","motorcycle":"open","motorcycle_datesopen":"01/01-12/31","kind":"road"}},{"type":"Feature","geometry":{"type":"MultiLineString","coordinates":[[[-93.66594,35.22857],[-93.66506,35.22805],[-93.66401,35.22723],[-93.66368,35.22691],[-93.66319,35.22657],[-93.66272,35.22629],[-93.66196,35.22611],[-93.66095,35.22527],[-93.6609,35.22515],[-93.66064,35.22483],[-93.66013,35.22442],[-93.65987,35.22413],[-93.65948,35.22345],[-93.65931,35.22284],[-93.65918,35.2226],[-93.65899,35.22234],[-93.65874,35.22204],[-93.65817,35.22158],[-93.65797,35.22129],[-93.65769,35.22128],[-93.65742,35.22122],[-93.6565,35.22124],[-93.65598,35.22122],[-93.65564,35.22038],[-93.65553,35.21975],[-93.6554,35.21873],[-93.65536,35.21862],[-93.65538,35.2184],[-93.65533,35.21811],[-93.65536,35.21798],[-93.65527,35.21765],[-93.65527,35.21734],[-93.65515,35.21646],[-93.65505,35.21592],[-93.65494,35.21558],[-93.65494,35.2155]]]},"properties":{"id":"96047B","mvum_symbol_name":"Roads open to all Vehicles, Yearlong","surfacetype":"NAT - NATIVE MATERIAL","seasonal":"yearlong","passengervehicle":"open","passengervehicle_datesopen":"01/01-12/31","highclearancevehicle":"open","highclearancevehicle_datesopen":"01/01-12/31","atv":"open","atv_datesopen":"01/01-12/31","motorcycle":"open","motorcycle_datesopen":"01/01-12/31","kind":"road"}},{"type":"Feature","geometry":{"type":"MultiLineString","coordinates":[[[-93.56926,35.22223],[-93.56966,35.22209],[-93.56965,35.22166],[-93.56951,35.22113],[-93.5695,35.22088],[-93.56931,35.22029],[-93.56952,35.21986]]]},"properties":{"id":"96065F","mvum_symbol_name":"Roads open to highway legal vehicles only, Yearlong","surfacetype":"NAT - NATIVE MATERIAL","seasonal":"yearlong","passengervehicle":"open","passengervehicle_datesopen":"01/01-12/31","highclearancevehicle":"open","highclearancevehicle_datesopen":"01/01-12/31","kind":"road"}},{"type":"Feature","geometry":{"type":"MultiLineString","coordinates":[[[-93.49088,35.22559],[-93.49007,35.22545],[-93.48957,35.22527],[-93.4893,35.2252],[-93.48916,35.22519],[-93.48895,35.22527],[-93.48864,35.22552],[-93.48849,35.22558],[-93.48839,35.22556],[-93.48832,35.22552],[-93.48823,35.22522],[-93.48813,35.22504],[-93.48798,35.22487],[-93.48788,35.22481],[-93.48774,35.22485],[-93.4877,35.22537],[-93.48765,35.22547],[-93.48743,35.22565],[-93.48702,35.2259],[-93.48687,35.22596],[-93.48671,35.22596],[-93.48662,35.22592],[-93.4865,35.22552],[-93.4864,35.22542],[-93.48629,35.22539],[-93.48569,35.22558],[-93.48549,35.2256],[-93.485,35.22533],[-93.48483,35.22529],[-93.48465,35.22529],[-93.48245,35.22559]]]},"properties":{"id":"1613A","name":"HUCKLEBERRY TOWER","mvum_symbol_name":"Roads open to highway legal vehicles only, Seasonal","surfacetype":"AGG - CRUSHED AGGREGATE OR GRAVEL","seasonal":"seasonal","passengervehicle":"open","passengervehicle_datesopen":"06/01-03/31","highclearancevehicle":"open","highclearancevehicle_datesopen":"06/01-03/31","kind":"road"}},{"type":"Feature","geometry":{"type":"MultiLineString","coordinates":[[[-93.51424,35.1687],[-93.5151,35.16883],[-93.5156,35.16904],[-93.51635,35.16908],[-93.51673,35.16919],[-93.5174,35.16955],[-93.51873,35.16985],[-93.51901,35.16974],[-93.51945,35.16983],[-93.51958,35.16993],[-93.51981,35.16994],[-93.52043,35.16972],[-93.52066,35.1696],[-93.52174,35.16956],[-93.52186,35.16965],[-93.5227,35.16974],[-93.52299,35.16983],[-93.52436,35.16984],[-93.52475,35.16987],[-93.5251,35.16986],[-93.52559,35.16979],[-93.52672,35.16957],[-93.5276,35.16965],[-93.52806,35.16934],[-93.52838,35.16929],[-93.52873,35.16892],[-93.52886,35.16861],[-93.52909,35.16844],[-93.52953,35.16839],[-93.52973,35.16818]]]},"properties":{"id":"1607A","name":"BARBER CR EAST","mvum_symbol_name":"Roads open to highway legal vehicles only, Yearlong","surfacetype":"NAT - NATIVE MATERIAL","seasonal":"yearlong","passengervehicle":"open","passengervehicle_datesopen":"01/01-12/31","highclearancevehicle":"open","highclearancevehicle_datesopen":"01/01-12/31","kind":"road"}},{"type":"Feature","geometry":{"type":"MultiLineString","coordinates":[[[-93.42572,35.16159],[-93.42604,35.16154],[-93.42666,35.16156],[-93.42697,35.16154],[-93.42728,35.16134],[-93.42745,35.16112],[-93.42774,35.16087],[-93.42784,35.16074],[-93.4275,35.16007]]]},"properties":{"id":"96001D","mvum_symbol_name":"Roads open to highway legal vehicles only, Yearlong","surfacetype":"NAT - NATIVE MATERIAL","seasonal":"yearlong","passengervehicle":"open","passengervehicle_datesopen":"01/01-12/31","highclearancevehicle":"open","highclearancevehicle_datesopen":"01/01-12/31","kind":"road"}},{"type":"Feature","geometry":{"type":"MultiLineString","coordinates":[[[-93.63472,35.20597],[-93.63302,35.20591],[-93.63233,35.20592],[-93.63177,35.20605]]]},"properties":{"id":"96043A","mvum_symbol_name":"Roads open to highway legal vehicles only, Yearlong","surfacetype":"AGG - CRUSHED AGGREGATE OR GRAVEL","seasonal":"yearlong","passengervehicle":"open","passengervehicle_datesopen":"01/01-12/31","highclearancevehicle":"open","highclearancevehicle_datesopen":"01/01-12/31","kind":"road"}},{"type":"Feature","geometry":{"type":"MultiLineString","coordinates":[[[-93.61411,35.15553],[-93.61386,35.15509],[-93.61388,35.15492],[-93.61412,35.15441],[-93.61411,35.15429],[-93.61377,35.15403],[-93.61363,35.15383],[-93.61357,35.15331],[-93.61351,35.15313],[-93.61366,35.15283],[-93.61393,35.15254],[-93.61426,35.15237],[-93.61472,35.15222],[-93.61537,35.15218],[-93.61522,35.15192],[-93.61493,35.15154],[-93.61469,35.15136],[-93.61443,35.15099],[-93.61374,35.15041],[-93.61353,35.1502],[-93.61346,35.14994],[-93.61341,35.14921],[-93.6135,35.14904],[-93.61383,35.14891],[-93.61461,35.14886],[-93.61522,35.14891],[-93.61583,35.14906],[-93.61709,35.14921],[-93.61728,35.14912],[-93.61713,35.14888],[-93.61689,35.14863],[-93.6169,35.14848],[-93.61725,35.1484],[-93.61848,35.14836],[-93.61896,35.14817],[-93.61934,35.14815],[-93.61947,35.14821],[-93.61965,35.14865],[-93.62022,35.14926],[-93.62041,35.14933],[-93.62051,35.14931],[-93.62062,35.14907],[-93.62065,35.14885],[-93.62069,35.14854],[-93.62068,35.14803],[-93.62062,35.14758],[-93.62042,35.14719],[-93.62037,35.14686],[-93.62034,35.14616],[-93.62062,35.14553],[-93.62082,35.14519],[-93.6212,35.14499],[-93.62138,35.14481],[-93.62179,35.14439],[-93.62211,35.14387],[-93.6221,35.14263],[-93.62231,35.14201]]]},"properties":{"id":"96069A","mvum_symbol_name":"Roads open to all Vehicles, Yearlong","surfacetype":"NAT - NATIVE MATERIAL","seasonal":"yearlong","passengervehicle":"open","passengervehicle_datesopen":"01/01-12/31","highclearancevehicle":"open","highclearancevehicle_datesopen":"01/01-12/31","atv":"open","atv_datesopen":"01/01-12/31","motorcycle":"open","motorcycle_datesopen":"01/01-12/31","kind":"road"}},{"type":"Feature","geometry":{"type":"MultiLineString","coordinates":[[[-93.57373,35.24928],[-93.57324,35.2492],[-93.57277,35.24907],[-93.57113,35.24845],[-93.57083,35.24829],[-93.5707,35.24818],[-93.57028,35.24757],[-93.57009,35.24737],[-93.569,35.24667],[-93.56712,35.24578],[-93.56637,35.24557],[-93.56569,35.24542],[-93.56397,35.24517],[-93.56209,35.24504],[-93.56103,35.24513],[-93.55957,35.24501],[-93.55895,35.24512],[-93.55797,35.24504],[-93.55706,35.24502],[-93.5566,35.24496],[-93.55558,35.24501],[-93.5536,35.24502],[-93.55287,35.24497],[-93.55181,35.24502],[-93.55008,35.24491],[-93.54959,35.2448],[-93.54936,35.24469],[-93.54881,35.24454],[-93.54833,35.24432],[-93.54727,35.24347],[-93.54693,35.24336],[-93.54638,35.24332],[-93.54602,35.24314],[-93.54588,35.24318],[-93.5458,35.24197],[-93.54566,35.2419],[-93.54566,35.24179],[-93.54538,35.24145],[-93.54459,35.24101],[-93.54442,35.24095],[-93.54408,35.24089],[-93.54357,35.2407],[-93.54275,35.24025],[-93.54241,35.23995],[-93.54183,35.23915],[-93.54162,35.23871],[-93.54152,35.23838],[-93.54145,35.23759],[-93.54144,35.23688],[-93.54157,35.23433],[-93.54171,35.23398],[-93.54172,35.23367],[-93.54166,35.23355],[-93.54135,35.23328],[-93.5409,35.23297],[-93.53929,35.23212],[-93.53899,35.2318],[-93.53836,35.23087],[-93.53801,35.23059],[-93.53753,35.22992],[-93.53754,35.22977],[-93.53762,35.22957],[-93.53761,35.2293],[-93.53723,35.22893],[-93.537,35.22864],[-93.53686,35.22835],[-93.53661,35.22793],[-93.53647,35.22787],[-93.53639,35.22767],[-93.53619,35.22751],[-93.5358,35.22687],[-93.53554,35.2262],[-93.53512,35.22551],[-93.53495,35.225],[-93.5349,35.22457],[-93.53498,35.22406],[-93.53517,35.22383],[-93.53508,35.22359],[-93.53505,35.22336],[-93.5348,35.22309],[-93.53474,35.22283],[-93.53478,35.22236],[-93.53496,35.22155],[-93.53488,35.22137],[-93.53476,35.22124],[-93.53459,35.22077],[-93.53434,35.22044],[-93.53433,35.22019],[-93.53503,35.21996],[-93.53529,35.21974],[-93.53539,35.21952],[-93.53593,35.21951],[-93.53636,35.21964],[-93.53717,35.22002],[-93.53754,35.21971],[-93.53797,35.21971],[-93.53798,35.22059],[-93.53784,35.2216],[-93.53785,35.22226],[-93.53803,35.22292],[-93.53841,35.22313],[-93.53868,35.22343],[-93.53911,35.22334],[-93.53964,35.22333],[-93.54018,35.22342],[-93.54082,35.22341],[-93.54137,35.22384],[-93.54218,35.22418],[-93.54245,35.2244],[-93.54272,35.22448],[-93.54289,35.22492],[-93.54327,35.22527],[-93.54355,35.2257],[-93.54398,35.22578],[-93.54504,35.22542],[-93.5453,35.22511],[-93.54556,35.22467],[-93.54566,35.22431],[-93.54663,35.2243],[-93.547,35.22421],[-93.54715,35.22377],[-93.5474,35.22253],[-93.54766,35.22222],[-93.54803,35.22208],[-93.54857,35.22208],[-93.54909,35.22163],[-93.54963,35.22154],[-93.54979,35.2214],[-93.54989,35.22109],[-93.55032,35.22144],[-93.55071,35.22187],[-93.55109,35.22239],[-93.5511,35.22275],[-93.55083,35.22297],[-93.55021,35.22373],[-93.54978,35.22417],[-93.54927,35.22506],[-93.54901,35.22541],[-93.54864,35.22586],[-93.54837,35.22608],[-93.54812,35.22674],[-93.54813,35.22705],[-93.54857,35.22762],[-93.54939,35.22892],[-93.54962,35.22945],[-93.54963,35.23002],[-93.54943,35.2309],[-93.5497,35.23112],[-93.55024,35.23129],[-93.55062,35.23119],[-93.55105,35.23141],[-93.55101,35.23198],[-93.55075,35.23242],[-93.55065,35.23308],[-93.5504,35.23383],[-93.55175,35.23457],[-93.55241,35.23513],[-93.55276,35.23657],[-93.55315,35.23732],[-93.55386,35.23819],[-93.55397,35.23862],[-93.55388,35.2392],[-93.55389,35.23994],[-93.55427,35.23994],[-93.55455,35.24051],[-93.55455,35.24095],[-93.55526,35.24125],[-93.55552,35.24089],[-93.55605,35.24058],[-93.55642,35.24013],[-93.55684,35.24013],[-93.55733,35.24034],[-93.55777,35.24113],[-93.5582,35.24121],[-93.55832,35.24156],[-93.55859,35.24199],[-93.55876,35.24243],[-93.55996,35.24352],[-93.56106,35.2446]]]},"properties":{"id":"1685","name":"PINEY GROVE","mvum_symbol_name":"Roads open to all Vehicles, Yearlong","surfacetype":"NAT - NATIVE MATERIAL","seasonal":"yearlong","passengervehicle":"open","passengervehicle_datesopen":"01/01-12/31","highclearancevehicle":"open","highclearancevehicle_datesopen":"01/01-12/31","atv":"open","atv_datesopen":"01/01-12/31","motorcycle":"open","motorcycle_datesopen":"01/01-12/31","kind":"road"}},{"type":"Feature","geometry":{"type":"MultiLineString","coordinates":[[[-93.64279,35.16426],[-93.643,35.16394],[-93.64319,35.16394],[-93.64344,35.16399],[-93.64477,35.16404],[-93.64549,35.16366],[-93.64562,35.16366],[-93.64566,35.1637],[-93.64553,35.16396],[-93.64517,35.16436]]]},"properties":{"id":"1636A","name":"LODGE LOOP","mvum_symbol_name":"Roads open to highway legal vehicles only, Yearlong","surfacetype":"BST - BITUMINOUS SURFACE TREATMENT","seasonal":"yearlong","passengervehicle":"open","passengervehicle_datesopen":"01/01-12/31","highclearancevehicle":"open","highclearancevehicle_datesopen":"01/01-12/31","kind":"road"}},{"type":"Feature","geometry":{"type":"MultiLineString","coordinates":[[[-93.60523,35.19549],[-93.60473,35.19486],[-93.604,35.19403],[-93.6039,35.19365],[-93.60361,35.19316],[-93.60353,35.19291],[-93.60358,35.19267],[-93.60374,35.19231],[-93.6037,35.19192],[-93.60379,35.19156],[-93.60379,35.19143],[-93.60373,35.19131],[-93.60355,35.19119],[-93.60323,35.19116],[-93.60284,35.1912],[-93.60264,35.19118],[-93.60241,35.19109],[-93.60211,35.1908],[-93.6019,35.1907],[-93.60157,35.19069],[-93.60112,35.19074],[-93.6007,35.19072],[-93.60034,35.19075],[-93.59989,35.1909],[-93.59946,35.19098],[-93.59859,35.19097],[-93.59757,35.19139],[-93.59698,35.1914],[-93.59614,35.19134],[-93.59583,35.19128],[-93.59558,35.19135],[-93.59514,35.19137],[-93.59458,35.1913],[-93.59417,35.19131],[-93.59333,35.19146],[-93.59275,35.1915],[-93.59019,35.19154],[-93.58916,35.19167],[-93.58856,35.19182],[-93.58814,35.19198],[-93.58768,35.19208],[-93.58744,35.1921],[-93.58694,35.19209],[-93.5862,35.19223]]]},"properties":{"id":"96035A","mvum_symbol_name":"Roads open to highway legal vehicles only, Yearlong","surfacetype":"IMP - IMPROVED NATIVE MATERIAL","seasonal":"yearlong","passengervehicle":"open","passengervehicle_datesopen":"01/01-12/31","highclearancevehicle":"open","highclearancevehicle_datesopen":"01/01-12/31","kind":"road"}},{"type":"Feature","geometry":{"type":"MultiLineString","coordinates":[[[-93.64457,35.17173],[-93.64414,35.17165],[-93.64382,35.17168],[-93.64362,35.17181],[-93.64353,35.172],[-93.64353,35.17237],[-93.64375,35.17286],[-93.64375,35.17313],[-93.64382,35.1733],[-93.64393,35.17339],[-93.64411,35.17343],[-93.64433,35.17338],[-93.64464,35.1732],[-93.64477,35.17305]]]},"properties":{"id":"1606F","name":"CAMERON BLUFF CAMPGROUND LOOP","mvum_symbol_name":"Roads open to highway legal vehicles only, Yearlong","surfacetype":"P - PAVED","seasonal":"yearlong","passengervehicle":"open","passengervehicle_datesopen":"01/01-12/31","highclearancevehicle":"open","highclearancevehicle_datesopen":"01/01-12/31","kind":"road"}},{"type":"Feature","geometry":{"type":"MultiLineString","coordinates":[[[-93.71161,35.14238],[-93.71156,35.14271],[-93.71143,35.14307],[-93.71135,35.14321],[-93.71098,35.14342],[-93.7107,35.14367],[-93.71048,35.14371],[-93.71003,35.14395],[-93.70969,35.14395],[-93.70936,35.14418],[-93.70908,35.14452],[-93.70901,35.14473],[-93.70907,35.14491],[-93.70906,35.14509],[-93.70902,35.14522],[-93.70901,35.14592],[-93.70895,35.14616],[-93.70894,35.14656]]]},"properties":{"id":"96049D","mvum_symbol_name":"Roads open to highway legal vehicles only, Yearlong","surfacetype":"NAT - NATIVE MATERIAL","seasonal":"yearlong","passengervehicle":"open","passengervehicle_datesopen":"01/01-12/31","highclearancevehicle":"open","highclearancevehicle_datesopen":"01/01-12/31","kind":"road"}},{"type":"Feature","geometry":{"type":"MultiLineString","coordinates":[[[-93.54583,35.24247],[-93.54558,35.24247],[-93.5452,35.24234],[-93.5444,35.24227],[-93.5437,35.24214],[-93.54305,35.24184],[-93.54224,35.24177],[-93.54047,35.24144],[-93.53928,35.24101],[-93.53805,35.24112],[-93.53752,35.24126],[-93.53698,35.24104],[-93.53697,35.24082],[-93.5367,35.24039],[-93.53658,35.23982],[-93.5363,35.23929],[-93.53629,35.2385],[-93.53638,35.23784],[-93.536,35.23732],[-93.53598,35.23653],[-93.53651,35.23621],[-93.53721,35.23629],[-93.53801,35.23628],[-93.53865,35.23605],[-93.53999,35.23608],[-93.54096,35.23615],[-93.54147,35.23636]]]},"properties":{"id":"1685A","name":"PINEY RIDGE","mvum_symbol_name":"Roads open to all Vehicles, Yearlong","surfacetype":"NAT - NATIVE MATERIAL","seasonal":"yearlong","passengervehicle":"open","passengervehicle_datesopen":"01/01-12/31","highclearancevehicle":"open","highclearancevehicle_datesopen":"01/01-12/31","atv":"open","atv_datesopen":"01/01-12/31","motorcycle":"open","motorcycle_datesopen":"01/01-12/31","kind":"road"}},{"type":"Feature","geometry":{"type":"MultiLineString","coordinates":[[[-93.53052,35.19641],[-93.53052,35.19611],[-93.53062,35.19575]]]},"properties":{"id":"96027G","mvum_symbol_name":"Roads open to all Vehicles, Yearlong","surfacetype":"NAT - NATIVE MATERIAL","seasonal":"yearlong","passengervehicle":"open","passengervehicle_datesopen":"01/01-12/31","highclearancevehicle":"open","highclearancevehicle_datesopen":"01/01-12/31","atv":"open","atv_datesopen":"01/01-12/31","motorcycle":"open","motorcycle_datesopen":"01/01-12/31","kind":"road"}},{"type":"Feature","geometry":{"type":"MultiLineString","coordinates":[[[-93.43168,35.26257],[-93.43145,35.26294],[-93.43107,35.26337],[-93.43083,35.26346],[-93.4306,35.2634],[-93.43028,35.2637],[-93.43014,35.26422],[-93.43003,35.26439],[-93.43001,35.26457],[-93.42974,35.26494],[-93.42972,35.26505],[-93.4296,35.2652],[-93.42949,35.26528],[-93.42902,35.2655],[-93.42834,35.26577],[-93.42816,35.26577],[-93.4279,35.26586],[-93.42686,35.26603],[-93.42639,35.26606],[-93.42591,35.26619],[-93.42554,35.26624],[-93.4253,35.26621],[-93.42433,35.26626],[-93.42411,35.26633],[-93.42365,35.26639],[-93.42342,35.26645]]]},"properties":{"id":"1622A","name":"BIG DIGGER","mvum_symbol_name":"Roads open to highway legal vehicles only, Yearlong","surfacetype":"IMP - IMPROVED NATIVE MATERIAL","seasonal":"yearlong","passengervehicle":"open","passengervehicle_datesopen":"01/01-12/31","highclearancevehicle":"open","highclearancevehicle_datesopen":"01/01-12/31","kind":"road"}},{"type":"Feature","geometry":{"type":"MultiLineString","coordinates":[[[-93.40482,35.26633],[-93.4048,35.26604],[-93.40485,35.26586],[-93.40505,35.26568],[-93.40584,35.26518],[-93.40602,35.26503],[-93.40605,35.26495],[-93.40602,35.26487],[-93.40584,35.26465],[-93.40574,35.26445],[-93.4057,35.26416],[-93.40578,35.26337],[-93.40576,35.26333],[-93.40563,35.26318],[-93.40502,35.26289],[-93.4047,35.26263],[-93.40416,35.26231],[-93.40382,35.26221],[-93.4034,35.26213],[-93.40268,35.26186],[-93.40257,35.26171],[-93.40241,35.26119],[-93.40228,35.26091],[-93.40212,35.26072],[-93.40196,35.26062],[-93.40141,35.26038],[-93.4004,35.26029],[-93.39971,35.26016],[-93.39953,35.26009],[-93.39926,35.25991],[-93.3981,35.25959],[-93.39496,35.25811],[-93.39416,35.25778],[-93.39373,35.25769],[-93.39122,35.25733],[-93.3906,35.25717],[-93.39046,35.25717],[-93.38911,35.257],[-93.38814,35.25701],[-93.38742,35.25691],[-93.38626,35.25694]]]},"properties":{"id":"96008B","name":"UPPER BROCK","mvum_symbol_name":"Roads open to highway legal vehicles only, Yearlong","surfacetype":"NAT - NATIVE MATERIAL","seasonal":"yearlong","passengervehicle":"open","passengervehicle_datesopen":"01/01-12/31","highclearancevehicle":"open","highclearancevehicle_datesopen":"01/01-12/31","kind":"road"}},{"type":"Feature","geometry":{"type":"MultiLineString","coordinates":[[[-93.64475,35.17047],[-93.64459,35.17076],[-93.64456,35.17103],[-93.64456,35.17158],[-93.64469,35.17267],[-93.6448,35.17316],[-93.64497,35.17353],[-93.64514,35.17371],[-93.64537,35.17389],[-93.64607,35.17433],[-93.64635,35.17457]]]},"properties":{"id":"1606E","name":"CAMERON BLUFF ROAD","mvum_symbol_name":"Roads open to highway legal vehicles only, Yearlong","surfacetype":"BST - BITUMINOUS SURFACE TREATMENT","seasonal":"yearlong","passengervehicle":"open","passengervehicle_datesopen":"01/01-12/31","highclearancevehicle":"open","highclearancevehicle_datesopen":"01/01-12/31","kind":"road"}},{"type":"Feature","geometry":{"type":"MultiLineString","coordinates":[[[-93.50865,35.27142],[-93.50842,35.27137],[-93.50808,35.27098],[-93.50798,35.27093],[-93.50773,35.27066],[-93.50763,35.2706],[-93.50727,35.27062],[-93.50613,35.27107],[-93.50608,35.27114],[-93.5062,35.27125],[-93.50619,35.27136],[-93.50613,35.27141],[-93.5055,35.27123],[-93.5051,35.27118],[-93.50319,35.2706],[-93.50313,35.27053],[-93.50313,35.27045],[-93.50323,35.27031],[-93.50323,35.2702],[-93.50325,35.27016],[-93.50364,35.27021],[-93.50368,35.27014],[-93.50389,35.27015],[-93.50472,35.26994],[-93.50522,35.26988],[-93.50535,35.26973],[-93.50537,35.26961],[-93.5053,35.26942],[-93.50489,35.26922],[-93.50458,35.26896],[-93.50433,35.26881],[-93.50395,35.26861],[-93.50343,35.26853],[-93.50323,35.26843],[-93.5031,35.26822],[-93.50283,35.26812],[-93.50196,35.26816],[-93.50134,35.26846],[-93.5011,35.26848],[-93.50064,35.26818],[-93.50055,35.26767],[-93.50044,35.26753],[-93.50005,35.26731],[-93.49983,35.26723],[-93.4991,35.26725],[-93.49858,35.26716],[-93.49805,35.26697],[-93.49778,35.26691],[-93.49644,35.26631],[-93.49602,35.26605],[-93.49572,35.26601],[-93.49532,35.26592],[-93.49477,35.26598],[-93.49442,35.26592],[-93.49367,35.26597],[-93.49285,35.26594],[-93.49131,35.26615],[-93.49045,35.26611],[-93.4902,35.26615],[-93.48996,35.26624],[-93.48955,35.26633],[-93.48894,35.26631],[-93.48831,35.26639],[-93.48685,35.26631],[-93.48652,35.26648],[-93.48639,35.26646],[-93.48517,35.26686],[-93.48461,35.26686],[-93.48439,35.26692],[-93.48417,35.26688],[-93.48399,35.26689],[-93.4835,35.26675],[-93.483,35.26667],[-93.48287,35.26659],[-93.48242,35.26666],[-93.48199,35.26665],[-93.48169,35.26678],[-93.48095,35.26688],[-93.48019,35.26682],[-93.47959,35.26672],[-93.47935,35.26677],[-93.47911,35.26665],[-93.47903,35.26665],[-93.47889,35.26676],[-93.47874,35.2668],[-93.47839,35.26674],[-93.47784,35.2669],[-93.47724,35.26689],[-93.47642,35.26698],[-93.4758,35.26691],[-93.47537,35.26692],[-93.47509,35.26689],[-93.47473,35.26697],[-93.47421,35.26715],[-93.47401,35.26704],[-93.47342,35.26723],[-93.47307,35.26723],[-93.4726,35.26731],[-93.47224,35.26732],[-93.47209,35.26723],[-93.47209,35.26719]]]},"properties":{"id":"1614E","mvum_symbol_name":"Roads open to all Vehicles, Yearlong","surfacetype":"AGG - CRUSHED AGGREGATE OR GRAVEL","seasonal":"yearlong","passengervehicle":"open","passengervehicle_datesopen":"01/01-12/31","highclearancevehicle":"open","highclearancevehicle_datesopen":"01/01-12/31","atv":"open","atv_datesopen":"01/01-12/31","motorcycle":"open","motorcycle_datesopen":"01/01-12/31","kind":"road"}},{"type":"Feature","geometry":{"type":"MultiLineString","coordinates":[[[-93.44879,35.16626],[-93.44909,35.16583],[-93.44912,35.16573],[-93.44912,35.16552],[-93.44916,35.16533],[-93.44913,35.1636],[-93.4492,35.16339],[-93.4493,35.16327],[-93.44966,35.16302]]]},"properties":{"id":"1626C","name":"WHITE CK CONNECTOR","mvum_symbol_name":"Roads open to all Vehicles, Yearlong","surfacetype":"NAT - NATIVE MATERIAL","seasonal":"yearlong","passengervehicle":"open","passengervehicle_datesopen":"01/01-12/31","highclearancevehicle":"open","highclearancevehicle_datesopen":"01/01-12/31","atv":"open","atv_datesopen":"01/01-12/31","motorcycle":"open","motorcycle_datesopen":"01/01-12/31","kind":"road"}},{"type":"Feature","geometry":{"type":"MultiLineString","coordinates":[[[-93.42515,35.15719],[-93.42521,35.15698],[-93.42557,35.15677],[-93.42558,35.1567],[-93.42574,35.15658],[-93.42595,35.15651],[-93.42619,35.15649],[-93.42644,35.15624],[-93.4266,35.15614],[-93.42704,35.15608]]]},"properties":{"id":"96001F","mvum_symbol_name":"Roads open to all Vehicles, Yearlong","surfacetype":"NAT - NATIVE MATERIAL","seasonal":"yearlong","passengervehicle":"open","passengervehicle_datesopen":"01/01-12/31","highclearancevehicle":"open","highclearancevehicle_datesopen":"01/01-12/31","atv":"open","atv_datesopen":"01/01-12/31","motorcycle":"open","motorcycle_datesopen":"01/01-12/31","kind":"road"}},{"type":"Feature","geometry":{"type":"MultiLineString","coordinates":[[[-93.65644,35.24205],[-93.65629,35.24201],[-93.65611,35.24209],[-93.65586,35.24237],[-93.6555,35.24263],[-93.65531,35.2429],[-93.65499,35.2432],[-93.65384,35.24318],[-93.65365,35.24321],[-93.65318,35.24336],[-93.6529,35.24336]]]},"properties":{"id":"1669C","mvum_symbol_name":"Roads open to highway legal vehicles only, Yearlong","surfacetype":"NAT - NATIVE MATERIAL","seasonal":"yearlong","passengervehicle":"open","passengervehicle_datesopen":"01/01-12/31","highclearancevehicle":"open","highclearancevehicle_datesopen":"01/01-12/31","kind":"road"}},{"type":"Feature","geometry":{"type":"MultiLineString","coordinates":[[[-93.52841,35.1804],[-93.52821,35.18004],[-93.52801,35.1798],[-93.52783,35.17973],[-93.52728,35.17968],[-93.52679,35.1798],[-93.52634,35.18],[-93.52527,35.18059],[-93.5247,35.18084],[-93.52464,35.18097],[-93.52471,35.18117],[-93.52463,35.18145],[-93.52434,35.18159],[-93.52412,35.18164],[-93.52346,35.18238],[-93.52326,35.18256],[-93.52229,35.18301],[-93.52201,35.18303],[-93.52165,35.18295],[-93.52015,35.18278],[-93.52009,35.1828],[-93.51992,35.18303],[-93.51988,35.18337],[-93.51971,35.18374],[-93.51953,35.18398],[-93.51941,35.18406],[-93.51924,35.18413],[-93.51911,35.18412],[-93.519,35.18409],[-93.51875,35.18389],[-93.51859,35.18386],[-93.51835,35.18386],[-93.51801,35.18379],[-93.51768,35.18359],[-93.51726,35.18326],[-93.5171,35.18316],[-93.51696,35.18312],[-93.51665,35.18322],[-93.51626,35.18325],[-93.51568,35.18323],[-93.51471,35.18314],[-93.51436,35.18296],[-93.51377,35.1825],[-93.51355,35.18221],[-93.5133,35.182],[-93.51286,35.18172],[-93.51218,35.18105],[-93.51217,35.18084],[-93.51199,35.18061],[-93.51172,35.18017],[-93.51169,35.17997],[-93.51169,35.17987],[-93.51198,35.17917],[-93.51236,35.17885],[-93.51296,35.17843],[-93.51375,35.178],[-93.51422,35.17779]]]},"properties":{"id":"1690B","mvum_symbol_name":"Roads open to highway legal vehicles only, Seasonal","surfacetype":"NAT - NATIVE MATERIAL","seasonal":"seasonal","passengervehicle":"open","passengervehicle_datesopen":"11/01-12/31","highclearancevehicle":"open","highclearancevehicle_datesopen":"11/01-12/31","kind":"road"}},{"type":"Feature","geometry":{"type":"MultiLineString","coordinates":[[[-93.38758,35.1633],[-93.38611,35.16351],[-93.38555,35.16352],[-93.38314,35.16313],[-93.38288,35.16313],[-93.38272,35.16316],[-93.38208,35.16338],[-93.38186,35.1634],[-93.37993,35.16317],[-93.37849,35.16305],[-93.37641,35.16299],[-93.37474,35.1629],[-93.3741,35.1629],[-93.37217,35.16298],[-93.37057,35.16301],[-93.36958,35.16294]]]},"properties":{"id":"1640A","name":"HOLMS A","mvum_symbol_name":"Roads open to all Vehicles, Yearlong","surfacetype":"IMP - IMPROVED NATIVE MATERIAL","seasonal":"yearlong","passengervehicle":"open","passengervehicle_datesopen":"01/01-12/31","highclearancevehicle":"open","highclearancevehicle_datesopen":"01/01-12/31","atv":"open","atv_datesopen":"01/01-12/31","motorcycle":"open","motorcycle_datesopen":"01/01-12/31","kind":"road"}},{"type":"Feature","geometry":{"type":"MultiLineString","coordinates":[[[-93.65351,35.23255],[-93.65209,35.23231],[-93.65155,35.23226],[-93.65119,35.23228],[-93.65052,35.23226],[-93.65035,35.23228],[-93.65033,35.2323],[-93.6498,35.23226],[-93.64974,35.23225],[-93.64968,35.23213],[-93.64957,35.2321],[-93.64937,35.23221]]]},"properties":{"id":"1610B","mvum_symbol_name":"Roads open to highway legal vehicles only, Yearlong","surfacetype":"NAT - NATIVE MATERIAL","seasonal":"yearlong","passengervehicle":"open","passengervehicle_datesopen":"01/01-12/31","highclearancevehicle":"open","highclearancevehicle_datesopen":"01/01-12/31","kind":"road"}},{"type":"Feature","geometry":{"type":"MultiLineString","coordinates":[[[-93.62819,35.22827],[-93.62795,35.22829],[-93.62779,35.22826],[-93.62762,35.2282],[-93.62725,35.22793]]]},"properties":{"id":"1608E","name":"COVE LAKE AMPHITHEATER ROAD","mvum_symbol_name":"Roads open to highway legal vehicles only, Yearlong","surfacetype":"P - PAVED","seasonal":"yearlong","passengervehicle":"open","passengervehicle_datesopen":"01/01-12/31","highclearancevehicle":"open","highclearancevehicle_datesopen":"01/01-12/31","kind":"road"}},{"type":"Feature","geometry":{"type":"MultiLineString","coordinates":[[[-93.72343,35.1627],[-93.72358,35.1627],[-93.72374,35.16281],[-93.72389,35.16286],[-93.72432,35.16293],[-93.72454,35.16284],[-93.72484,35.16265],[-93.72501,35.16259],[-93.72541,35.1623],[-93.72556,35.16224],[-93.72577,35.16224],[-93.72588,35.16233],[-93.72593,35.16244],[-93.72594,35.16266],[-93.72611,35.16274],[-93.72664,35.16235],[-93.72698,35.16218],[-93.72832,35.1619],[-93.72941,35.16152],[-93.72956,35.16134],[-93.72973,35.1608],[-93.72982,35.16072],[-93.72993,35.16067],[-93.73039,35.16065],[-93.73057,35.16057],[-93.73092,35.16026],[-93.73111,35.16015]]]},"properties":{"id":"96074A","name":"SHEPPARD RIDGE","mvum_symbol_name":"Roads open to highway legal vehicles only, Yearlong","surfacetype":"IMP - IMPROVED NATIVE MATERIAL","seasonal":"yearlong","passengervehicle":"open","passengervehicle_datesopen":"01/01-12/31","highclearancevehicle":"open","highclearancevehicle_datesopen":"01/01-12/31","kind":"road"}},{"type":"Feature","geometry":{"type":"MultiLineString","coordinates":[[[-93.42169,35.20776],[-93.42129,35.20778],[-93.42087,35.20773],[-93.42031,35.20781],[-93.41969,35.20781],[-93.41908,35.20766],[-93.41882,35.20763],[-93.41821,35.20766],[-93.41782,35.20763],[-93.41683,35.20742],[-93.41651,35.2073],[-93.41635,35.20729],[-93.41582,35.20742],[-93.41563,35.20743],[-93.41545,35.20743],[-93.41503,35.20734],[-93.4149,35.20735],[-93.41459,35.2074],[-93.41435,35.20749],[-93.4139,35.20759],[-93.41369,35.2076],[-93.41335,35.20748],[-93.41315,35.20732],[-93.41303,35.20716],[-93.4129,35.20707],[-93.41263,35.20695]]]},"properties":{"id":"96012B","mvum_symbol_name":"Roads open to highway legal vehicles only, Yearlong","surfacetype":"NAT - NATIVE MATERIAL","seasonal":"yearlong","passengervehicle":"open","passengervehicle_datesopen":"01/01-12/31","highclearancevehicle":"open","highclearancevehicle_datesopen":"01/01-12/31","kind":"road"}},{"type":"Feature","geometry":{"type":"MultiLineString","coordinates":[[[-93.42982,35.22025],[-93.42937,35.22014],[-93.42874,35.22005],[-93.42773,35.21999],[-93.42745,35.22001]]]},"properties":{"id":"96012F","mvum_symbol_name":"Roads open to highway legal vehicles only, Yearlong","surfacetype":"NAT - NATIVE MATERIAL","seasonal":"yearlong","passengervehicle":"open","passengervehicle_datesopen":"01/01-12/31","highclearancevehicle":"open","highclearancevehicle_datesopen":"01/01-12/31","kind":"road"}},{"type":"Feature","geometry":{"type":"MultiLineString","coordinates":[[[-93.66275,35.14262],[-93.66299,35.14255],[-93.66314,35.14256],[-93.66326,35.14275],[-93.66311,35.14304],[-93.66314,35.14318],[-93.66331,35.14336],[-93.66348,35.14345],[-93.66381,35.14356],[-93.66409,35.1437],[-93.66432,35.14364],[-93.66449,35.14355]]]},"properties":{"id":"1678","name":"BIG PINEY CREEK","mvum_symbol_name":"Roads open to highway legal vehicles only, Yearlong","surfacetype":"NAT - NATIVE MATERIAL","seasonal":"yearlong","passengervehicle":"open","passengervehicle_datesopen":"01/01-12/31","highclearancevehicle":"open","highclearancevehicle_datesopen":"01/01-12/31","kind":"road"}},{"type":"Feature","geometry":{"type":"MultiLineString","coordinates":[[[-93.60526,35.17712],[-93.60521,35.17683],[-93.60507,35.17646],[-93.60466,35.17636],[-93.60453,35.17628],[-93.60397,35.17527],[-93.60385,35.17491],[-93.60382,35.17471],[-93.60387,35.17452],[-93.6041,35.17417]]]},"properties":{"id":"96041E","name":"STATE PARK SERVICE AREA","mvum_symbol_name":"Roads open to highway legal vehicles only, Yearlong","surfacetype":"NAT - NATIVE MATERIAL","seasonal":"yearlong","passengervehicle":"open","passengervehicle_datesopen":"01/01-12/31","highclearancevehicle":"open","highclearancevehicle_datesopen":"01/01-12/31","kind":"road"}},{"type":"Feature","geometry":{"type":"MultiLineString","coordinates":[[[-93.69124,35.15093],[-93.69042,35.15063],[-93.69013,35.15068],[-93.69002,35.15074],[-93.68984,35.15074],[-93.68906,35.15092],[-93.68897,35.15092],[-93.68873,35.15105],[-93.68857,35.15118],[-93.68846,35.15138],[-93.68835,35.15183],[-93.68839,35.15196],[-93.68846,35.15201],[-93.68848,35.15214],[-93.68841,35.15221],[-93.68816,35.15229],[-93.68803,35.1524],[-93.68753,35.15258],[-93.68713,35.15301],[-93.68707,35.15305],[-93.68698,35.15306],[-93.6867,35.15292],[-93.68641,35.15259],[-93.68628,35.15251],[-93.68581,35.15243],[-93.68551,35.15242],[-93.68537,35.15236],[-93.68506,35.15237],[-93.68489,35.15242],[-93.68462,35.15232],[-93.68432,35.15212],[-93.6838,35.15192],[-93.68342,35.1516],[-93.68328,35.15157],[-93.68318,35.1515],[-93.68298,35.15128],[-93.68276,35.15111],[-93.6825,35.15101],[-93.68195,35.15088],[-93.68157,35.15085],[-93.68099,35.15102],[-93.68043,35.15107],[-93.68009,35.15089],[-93.67991,35.15087],[-93.67888,35.1505],[-93.67869,35.1505],[-93.67851,35.15044],[-93.67831,35.15043],[-93.6782,35.15043],[-93.678,35.15051],[-93.6779,35.15051],[-93.67786,35.15047],[-93.67784,35.15033],[-93.67792,35.15012],[-93.6779,35.15007],[-93.67751,35.14975],[-93.67724,35.14966],[-93.67705,35.14952],[-93.67673,35.14934],[-93.67632,35.14902],[-93.67623,35.14899],[-93.67594,35.14901],[-93.67582,35.14891],[-93.67551,35.14887],[-93.67381,35.14907],[-93.67367,35.14904],[-93.67353,35.14909],[-93.67313,35.14916],[-93.6731,35.14925],[-93.6727,35.14943],[-93.67242,35.14942],[-93.67222,35.14948],[-93.67218,35.14952],[-93.67153,35.14953],[-93.67135,35.14946],[-93.67073,35.14943],[-93.67036,35.14918],[-93.67014,35.14916],[-93.66997,35.14922],[-93.66965,35.14925],[-93.66957,35.14931],[-93.66943,35.14935],[-93.6692,35.14977],[-93.66857,35.15019],[-93.66826,35.15023],[-93.66805,35.15036],[-93.66791,35.15069],[-93.66775,35.15074],[-93.66769,35.15085],[-93.66761,35.15126],[-93.66768,35.15155],[-93.66763,35.1516],[-93.66751,35.15164],[-93.66736,35.15163],[-93.66716,35.15153],[-93.66697,35.15133],[-93.66678,35.15122],[-93.66654,35.15118],[-93.66642,35.15117],[-93.66632,35.15121],[-93.66595,35.15123],[-93.66587,35.15127],[-93.66554,35.15128],[-93.66542,35.15131],[-93.66491,35.15128],[-93.66443,35.15116],[-93.6642,35.15118],[-93.66386,35.15102],[-93.66361,35.15096],[-93.66315,35.15058],[-93.66289,35.15051],[-93.66261,35.15049],[-93.66251,35.15052],[-93.66241,35.15057],[-93.66235,35.15073],[-93.66226,35.1508]]]},"properties":{"id":"96039A","mvum_symbol_name":"Roads open to highway legal vehicles only, Yearlong","surfacetype":"NAT - NATIVE MATERIAL","seasonal":"yearlong","passengervehicle":"open","passengervehicle_datesopen":"01/01-12/31","highclearancevehicle":"open","highclearancevehicle_datesopen":"01/01-12/31","kind":"road"}},{"type":"Feature","geometry":{"type":"MultiLineString","coordinates":[[[-93.50739,35.26977],[-93.50697,35.26976],[-93.50688,35.26981]]]},"properties":{"id":"1614A","mvum_symbol_name":"Roads open to all Vehicles, Yearlong","surfacetype":"AGG - CRUSHED AGGREGATE OR GRAVEL","seasonal":"yearlong","passengervehicle":"open","passengervehicle_datesopen":"01/01-12/31","highclearancevehicle":"open","highclearancevehicle_datesopen":"01/01-12/31","atv":"open","atv_datesopen":"01/01-12/31","motorcycle":"open","motorcycle_datesopen":"01/01-12/31","kind":"road"}},{"type":"Feature","geometry":{"type":"MultiLineString","coordinates":[[[-93.58722,35.24568],[-93.58699,35.24597],[-93.58691,35.24619],[-93.58683,35.24739],[-93.58685,35.24761],[-93.58767,35.24923],[-93.58778,35.24965],[-93.58809,35.24986],[-93.58856,35.25033],[-93.58881,35.2506],[-93.58897,35.25088],[-93.58931,35.25107],[-93.58992,35.25151],[-93.59043,35.25194],[-93.59109,35.2522],[-93.59173,35.25263],[-93.59229,35.25327],[-93.59295,35.2537],[-93.5934,35.25395],[-93.59407,35.25398],[-93.59503,35.2542],[-93.59566,35.25436],[-93.59685,35.25475],[-93.5974,35.25481],[-93.59843,35.2552]]]},"properties":{"id":"96044E","mvum_symbol_name":"Roads open to highway legal vehicles only, Yearlong","surfacetype":"NAT - NATIVE MATERIAL","seasonal":"yearlong","passengervehicle":"open","passengervehicle_datesopen":"01/01-12/31","highclearancevehicle":"open","highclearancevehicle_datesopen":"01/01-12/31","kind":"road"}},{"type":"Feature","geometry":{"type":"MultiLineString","coordinates":[[[-93.50292,35.26133],[-93.50291,35.26123],[-93.50305,35.26085],[-93.50353,35.26037],[-93.50361,35.26002],[-93.50361,35.25982],[-93.50351,35.25868],[-93.50331,35.25772],[-93.50328,35.25714],[-93.50334,35.25663],[-93.50352,35.25613],[-93.50372,35.25591],[-93.50386,35.25583],[-93.50429,35.25571],[-93.50465,35.25575],[-93.50507,35.25591],[-93.50518,35.256],[-93.50518,35.25608],[-93.50539,35.25621],[-93.50555,35.25637],[-93.50592,35.25667],[-93.50613,35.25709],[-93.50624,35.25713],[-93.50639,35.25713],[-93.50655,35.25726],[-93.5066,35.25738],[-93.50661,35.25756],[-93.50666,35.25768],[-93.50682,35.25776],[-93.50693,35.25789],[-93.50736,35.2587],[-93.50752,35.25895],[-93.50778,35.25924],[-93.50804,35.25933],[-93.50857,35.25975],[-93.50878,35.25987],[-93.50927,35.26006]]]},"properties":{"id":"1614B","name":"BUZZARD","mvum_symbol_name":"Roads open to highway legal vehicles only, Yearlong","surfacetype":"IMP - IMPROVED NATIVE MATERIAL","seasonal":"yearlong","passengervehicle":"open","passengervehicle_datesopen":"01/01-12/31","highclearancevehicle":"open","highclearancevehicle_datesopen":"01/01-12/31","kind":"road"}},{"type":"Feature","geometry":{"type":"MultiLineString","coordinates":[[[-93.57058,35.19913],[-93.57039,35.19882],[-93.56977,35.19814],[-93.56973,35.19792],[-93.56995,35.19753],[-93.57009,35.19736],[-93.57018,35.19716],[-93.57018,35.19697],[-93.56985,35.19664],[-93.5695,35.19646],[-93.5686,35.19606],[-93.56825,35.19603]]]},"properties":{"id":"96064D","mvum_symbol_name":"Roads open to highway legal vehicles only, Yearlong","surfacetype":"NAT - NATIVE MATERIAL","seasonal":"yearlong","passengervehicle":"open","passengervehicle_datesopen":"01/01-12/31","highclearancevehicle":"open","highclearancevehicle_datesopen":"01/01-12/31","kind":"road"}},{"type":"Feature","geometry":{"type":"MultiLineString","coordinates":[[[-93.57757,35.2576],[-93.57754,35.25685],[-93.57749,35.25669],[-93.57735,35.25645],[-93.57699,35.25604],[-93.57696,35.25519],[-93.57689,35.2548],[-93.5768,35.2546],[-93.57664,35.25444],[-93.57615,35.25408],[-93.57612,35.25395],[-93.57612,35.25355],[-93.57589,35.25315],[-93.57579,35.25306],[-93.57528,35.253],[-93.57515,35.25294],[-93.57512,35.25278],[-93.57518,35.25272],[-93.57519,35.25244],[-93.57513,35.25228],[-93.57501,35.25217],[-93.57469,35.25208],[-93.57392,35.25204],[-93.57363,35.25193],[-93.57353,35.25179],[-93.5734,35.25139],[-93.57348,35.25121],[-93.57478,35.25044],[-93.57573,35.25007],[-93.57617,35.24998],[-93.57629,35.24988],[-93.57637,35.24973],[-93.57638,35.24963],[-93.57628,35.24922]]]},"properties":{"id":"96030F","name":"FIFTY-TWO HUMPS ROAD","mvum_symbol_name":"Special Designation, Yearlong","surfacetype":"NAT - NATIVE MATERIAL","seasonal":"yearlong","atv":"open","atv_datesopen":"01/01-12/31","motorcycle":"open","motorcycle_datesopen":"01/01-12/31","kind":"road"}},{"type":"Feature","geometry":{"type":"MultiLineString","coordinates":[[[-93.42524,35.15013],[-93.42549,35.15021]]]},"properties":{"id":"1602AR","mvum_symbol_name":"Roads open to highway legal vehicles only, Yearlong","surfacetype":"PCC - PORTLAND CEMENT CONCRETE","seasonal":"yearlong","passengervehicle":"open","passengervehicle_datesopen":"01/01-12/31","highclearancevehicle":"open","highclearancevehicle_datesopen":"01/01-12/31","kind":"road"}},{"type":"Feature","geometry":{"type":"MultiLineString","coordinates":[[[-93.42973,35.18932],[-93.42974,35.18971],[-93.42982,35.19018],[-93.42979,35.1905],[-93.42979,35.19078],[-93.42962,35.19135]]]},"properties":{"id":"96013B","mvum_symbol_name":"Roads open to highway legal vehicles only, Yearlong","surfacetype":"NAT - NATIVE MATERIAL","seasonal":"yearlong","passengervehicle":"open","passengervehicle_datesopen":"01/01-12/31","highclearancevehicle":"open","highclearancevehicle_datesopen":"01/01-12/31","kind":"road"}},{"type":"Feature","geometry":{"type":"MultiLineString","coordinates":[[[-93.50324,35.27061],[-93.50209,35.27051],[-93.50138,35.27017],[-93.50012,35.27006],[-93.49969,35.27027],[-93.49917,35.27022],[-93.49819,35.27019],[-93.49698,35.26992],[-93.49677,35.26991],[-93.49662,35.26992],[-93.49628,35.27003],[-93.49549,35.27011],[-93.49498,35.27001],[-93.49435,35.27005],[-93.49284,35.27001],[-93.49195,35.27018],[-93.49147,35.27032],[-93.49093,35.27039],[-93.49063,35.27046],[-93.49041,35.27058],[-93.48956,35.27061],[-93.48911,35.27054],[-93.48874,35.27058],[-93.48835,35.2707],[-93.48805,35.2707],[-93.48794,35.27067],[-93.48774,35.27069],[-93.48732,35.27076],[-93.48689,35.27088],[-93.48663,35.27086],[-93.48597,35.2709],[-93.48558,35.27105],[-93.48407,35.27119],[-93.48394,35.27122],[-93.48363,35.27143],[-93.48305,35.27161],[-93.48289,35.27171],[-93.48262,35.27202],[-93.48248,35.27208],[-93.48202,35.27198],[-93.48153,35.27203],[-93.48102,35.27228],[-93.48073,35.27261],[-93.48052,35.27266],[-93.48,35.27244],[-93.48012,35.27218],[-93.48011,35.27193],[-93.47999,35.2716],[-93.47973,35.27139],[-93.47919,35.27128],[-93.47849,35.2712],[-93.47816,35.27109],[-93.47714,35.27089],[-93.47672,35.27076],[-93.47634,35.27073],[-93.47527,35.27051],[-93.47513,35.27055],[-93.4749,35.27056],[-93.47443,35.27045],[-93.47422,35.27035],[-93.47366,35.27044],[-93.47343,35.27038],[-93.47322,35.27021],[-93.47224,35.27019],[-93.47196,35.27013],[-93.47172,35.27002],[-93.47144,35.26982],[-93.47125,35.2698],[-93.4707,35.26984],[-93.47044,35.26981],[-93.47018,35.26968],[-93.46976,35.26924]]]},"properties":{"id":"1684C","name":"BIG HORNE","mvum_symbol_name":"Roads open to all Vehicles, Yearlong","surfacetype":"IMP - IMPROVED NATIVE MATERIAL","seasonal":"yearlong","passengervehicle":"open","passengervehicle_datesopen":"01/01-12/31","highclearancevehicle":"open","highclearancevehicle_datesopen":"01/01-12/31","atv":"open","atv_datesopen":"01/01-12/31","motorcycle":"open","motorcycle_datesopen":"01/01-12/31","kind":"road"}},{"type":"Feature","geometry":{"type":"MultiLineString","coordinates":[[[-93.65377,35.24675],[-93.65375,35.24651],[-93.65357,35.24644],[-93.65342,35.2463],[-93.65329,35.24607],[-93.65326,35.24589],[-93.65312,35.24563],[-93.65305,35.2456],[-93.65305,35.24556],[-93.65297,35.24556],[-93.65295,35.24552],[-93.65277,35.24544],[-93.65261,35.24525],[-93.65263,35.24492],[-93.65266,35.24484],[-93.65263,35.24459],[-93.65264,35.24446],[-93.65259,35.24418],[-93.65261,35.24406],[-93.65283,35.24362],[-93.6529,35.24336],[-93.65266,35.24333],[-93.65246,35.24324],[-93.65219,35.24317],[-93.6518,35.24318],[-93.65154,35.24323],[-93.65114,35.24321],[-93.65098,35.24318],[-93.65083,35.24311],[-93.65046,35.24263],[-93.65023,35.24242],[-93.65002,35.24215],[-93.64991,35.24191],[-93.64991,35.24164],[-93.65023,35.24064],[-93.65017,35.23983],[-93.6502,35.23967],[-93.65032,35.23946],[-93.65053,35.23933],[-93.65074,35.23932],[-93.65088,35.23937],[-93.65124,35.23961],[-93.65171,35.24003],[-93.65188,35.24005],[-93.65216,35.24],[-93.65233,35.2399],[-93.65262,35.2396],[-93.65279,35.23958],[-93.65294,35.2396],[-93.65333,35.23977],[-93.65371,35.23989],[-93.65393,35.23994],[-93.6543,35.23998],[-93.65493,35.23994],[-93.65607,35.23995],[-93.65754,35.23982],[-93.65859,35.23984],[-93.65913,35.23978],[-93.65931,35.2398],[-93.65983,35.24004],[-93.66044,35.24005]]]},"properties":{"id":"1669A","name":"HUB BROWN CO.","mvum_symbol_name":"Roads open to highway legal vehicles only, Yearlong","surfacetype":"NAT - NATIVE MATERIAL","seasonal":"yearlong","passengervehicle":"open","passengervehicle_datesopen":"01/01-12/31","highclearancevehicle":"open","highclearancevehicle_datesopen":"01/01-12/31","kind":"road"}},{"type":"Feature","geometry":{"type":"MultiLineString","coordinates":[[[-93.49293,35.22943],[-93.49695,35.22875],[-93.49777,35.22857],[-93.49875,35.228],[-93.49976,35.22786],[-93.50156,35.22799]]]},"properties":{"id":"1657","mvum_symbol_name":"Roads open to highway legal vehicles only, Yearlong","surfacetype":"NAT - NATIVE MATERIAL","seasonal":"yearlong","passengervehicle":"open","passengervehicle_datesopen":"01/01-12/31","highclearancevehicle":"open","highclearancevehicle_datesopen":"01/01-12/31","kind":"road"}},{"type":"Feature","geometry":{"type":"MultiLineString","coordinates":[[[-93.42499,35.15966],[-93.42462,35.16002],[-93.42377,35.16094],[-93.42315,35.16165],[-93.42274,35.1622],[-93.42264,35.16241],[-93.42261,35.16259],[-93.42243,35.16447],[-93.42235,35.16468],[-93.42205,35.165],[-93.42123,35.16565],[-93.42104,35.16584],[-93.42068,35.16631],[-93.42039,35.16676],[-93.4202,35.16717],[-93.42007,35.16755],[-93.42003,35.16787],[-93.42016,35.16921],[-93.42012,35.16958],[-93.42005,35.16987],[-93.41967,35.17079],[-93.41954,35.17091],[-93.41934,35.17098],[-93.41877,35.1711],[-93.41838,35.17116],[-93.41775,35.17117],[-93.41714,35.17122],[-93.41681,35.17137],[-93.41665,35.17162],[-93.4165,35.172],[-93.41635,35.1722],[-93.41595,35.17263],[-93.41526,35.17323],[-93.41503,35.17349],[-93.41489,35.17372],[-93.41477,35.17444],[-93.41492,35.1749],[-93.41504,35.17506],[-93.41508,35.17522],[-93.41478,35.17596],[-93.41532,35.17772],[-93.41548,35.17803],[-93.41589,35.17843],[-93.41627,35.1786],[-93.41649,35.17877],[-93.41654,35.17888],[-93.41701,35.1821]]]},"properties":{"id":"1625","name":"DOOLEY","mvum_symbol_name":"Roads open to all Vehicles, Yearlong","surfacetype":"IMP - IMPROVED NATIVE MATERIAL","seasonal":"yearlong","passengervehicle":"open","passengervehicle_datesopen":"01/01-12/31","highclearancevehicle":"open","highclearancevehicle_datesopen":"01/01-12/31","atv":"open","atv_datesopen":"01/01-12/31","motorcycle":"open","motorcycle_datesopen":"01/01-12/31","kind":"road"}},{"type":"Feature","geometry":{"type":"MultiLineString","coordinates":[[[-93.64135,35.16956],[-93.64118,35.16962],[-93.64036,35.16964],[-93.63981,35.16975],[-93.63951,35.16986],[-93.63936,35.16999],[-93.63929,35.17011],[-93.63934,35.17052],[-93.63961,35.17104],[-93.63993,35.17151],[-93.64065,35.17214],[-93.6406,35.17256],[-93.64069,35.17279],[-93.64084,35.17302],[-93.64105,35.17326],[-93.64164,35.17363],[-93.64163,35.17381],[-93.64146,35.17411],[-93.64149,35.17426],[-93.64309,35.17486],[-93.6432,35.17499],[-93.64326,35.17513],[-93.6432,35.17554],[-93.64361,35.17622],[-93.64378,35.17634],[-93.64397,35.1764],[-93.64518,35.17638],[-93.64558,35.17603],[-93.64599,35.1755],[-93.64618,35.17518],[-93.64635,35.17487],[-93.64637,35.17412],[-93.64644,35.17391],[-93.64664,35.17368],[-93.64689,35.17345],[-93.64691,35.17338],[-93.64683,35.17312],[-93.64686,35.17303],[-93.64699,35.17285],[-93.64729,35.17258],[-93.64747,35.17221],[-93.64755,35.17182],[-93.64766,35.17091],[-93.64776,35.17053],[-93.6478,35.17023],[-93.64775,35.16984]]]},"properties":{"id":"1606A","name":"OVERLOOK DRIVE","mvum_symbol_name":"Roads open to highway legal vehicles only, Yearlong","surfacetype":"BST - BITUMINOUS SURFACE TREATMENT","seasonal":"yearlong","passengervehicle":"open","passengervehicle_datesopen":"01/01-12/31","highclearancevehicle":"open","highclearancevehicle_datesopen":"01/01-12/31","kind":"road"}},{"type":"Feature","geometry":{"type":"MultiLineString","coordinates":[[[-93.46941,35.25411],[-93.46975,35.25418],[-93.47086,35.25455],[-93.47115,35.2545],[-93.47168,35.25475],[-93.47256,35.25541],[-93.47305,35.25548],[-93.4747,35.25557],[-93.4751,35.2558],[-93.47572,35.25599],[-93.47616,35.25617],[-93.47677,35.25622],[-93.47748,35.25607],[-93.47817,35.25618],[-93.47927,35.25619],[-93.48016,35.25624]]]},"properties":{"id":"96021D","mvum_symbol_name":"Roads open to all Vehicles, Yearlong","surfacetype":"AGG - CRUSHED AGGREGATE OR GRAVEL","seasonal":"yearlong","passengervehicle":"open","passengervehicle_datesopen":"01/01-12/31","highclearancevehicle":"open","highclearancevehicle_datesopen":"01/01-12/31","atv":"open","atv_datesopen":"01/01-12/31","motorcycle":"open","motorcycle_datesopen":"01/01-12/31","kind":"road"}},{"type":"Feature","geometry":{"type":"MultiLineString","coordinates":[[[-93.70359,35.20728],[-93.70362,35.20713],[-93.70407,35.20635],[-93.70414,35.20598],[-93.70427,35.20578],[-93.70437,35.20567],[-93.7051,35.20546],[-93.70547,35.20495],[-93.70571,35.20477],[-93.70592,35.20458],[-93.70631,35.20411],[-93.70704,35.2035],[-93.70728,35.20325],[-93.70736,35.20302],[-93.70739,35.20253],[-93.70748,35.20237],[-93.708,35.20192],[-93.70832,35.20154],[-93.70856,35.20145],[-93.70866,35.20061],[-93.70862,35.20037],[-93.70859,35.19971],[-93.70865,35.19908],[-93.70877,35.19874],[-93.7093,35.19781],[-93.70949,35.19753],[-93.71011,35.19679],[-93.71049,35.19656],[-93.71089,35.19636],[-93.71128,35.19629],[-93.71166,35.19626],[-93.7119,35.1963],[-93.71207,35.19622],[-93.71231,35.19559],[-93.71367,35.19395],[-93.71378,35.1937],[-93.71402,35.19285],[-93.71391,35.19246],[-93.71378,35.19228],[-93.7138,35.19192],[-93.71398,35.19145],[-93.71436,35.19087],[-93.71455,35.1907],[-93.71487,35.19053],[-93.71531,35.19046],[-93.71555,35.19038],[-93.71587,35.19022],[-93.71616,35.18992],[-93.71635,35.18954],[-93.71645,35.18941],[-93.7168,35.18919],[-93.71758,35.18896],[-93.71817,35.18871],[-93.71832,35.18861],[-93.71889,35.18809],[-93.7196,35.18773],[-93.72,35.18746],[-93.72016,35.18727],[-93.72019,35.18717],[-93.7202,35.18653],[-93.72024,35.18618],[-93.72043,35.18585],[-93.72063,35.18564],[-93.72093,35.18538],[-93.72105,35.18516],[-93.72113,35.1848],[-93.72114,35.18455],[-93.72119,35.18442],[-93.72134,35.1838],[-93.72131,35.18352],[-93.72112,35.18318],[-93.72083,35.18278],[-93.72008,35.18241],[-93.71946,35.18203],[-93.71927,35.18195],[-93.71912,35.18167],[-93.71917,35.18147],[-93.71953,35.18113],[-93.71995,35.18082],[-93.72028,35.18072],[-93.72108,35.18027],[-93.72175,35.17997],[-93.72205,35.17978],[-93.72225,35.17954],[-93.72237,35.17936],[-93.72246,35.17908],[-93.7225,35.17871],[-93.72245,35.17842],[-93.72186,35.17789],[-93.72167,35.17767],[-93.72167,35.17744],[-93.72186,35.17685],[-93.7222,35.17607],[-93.72231,35.17592],[-93.72331,35.17515],[-93.72362,35.17498],[-93.72407,35.17458],[-93.72414,35.17441],[-93.7241,35.17371],[-93.72399,35.17353],[-93.72367,35.17315],[-93.7232,35.17269],[-93.7228,35.1722],[-93.7227,35.17204],[-93.7223,35.17123],[-93.72226,35.17099],[-93.72228,35.17055],[-93.72239,35.17013],[-93.72239,35.16999],[-93.72214,35.16949],[-93.72213,35.16935],[-93.72216,35.1691],[-93.72223,35.16885],[-93.72236,35.16871],[-93.72272,35.16842],[-93.7229,35.16834],[-93.72309,35.16805],[-93.72314,35.1676],[-93.72304,35.16736],[-93.72276,35.16701],[-93.72264,35.1668],[-93.72262,35.16624],[-93.7228,35.16558],[-93.72294,35.16532],[-93.72326,35.1649],[-93.72337,35.16464],[-93.72336,35.16444],[-93.72317,35.16356],[-93.72322,35.1633],[-93.72365,35.16204],[-93.72383,35.16138],[-93.72384,35.16107],[-93.72379,35.16046],[-93.72378,35.15927],[-93.72397,35.15881],[-93.72452,35.15804],[-93.72548,35.15731],[-93.72578,35.15718],[-93.72653,35.15697],[-93.72679,35.15684],[-93.7275,35.15644],[-93.72774,35.15624],[-93.72783,35.1561],[-93.72788,35.1558],[-93.72785,35.1556],[-93.7277,35.15535],[-93.72747,35.15518],[-93.72629,35.15489],[-93.72592,35.1547],[-93.72587,35.15455],[-93.7259,35.15412],[-93.72597,35.15382],[-93.72618,35.15345],[-93.72653,35.15319],[-93.72701,35.15294]]]},"properties":{"id":"1677","name":"WICKED CREEK","mvum_symbol_name":"Roads open to all Vehicles, Yearlong","surfacetype":"IMP - IMPROVED NATIVE MATERIAL","seasonal":"yearlong","passengervehicle":"open","passengervehicle_datesopen":"01/01-12/31","highclearancevehicle":"open","highclearancevehicle_datesopen":"01/01-12/31","atv":"open","atv_datesopen":"01/01-12/31","motorcycle":"open","motorcycle_datesopen":"01/01-12/31","kind":"road"}},{"type":"Feature","geometry":{"type":"MultiLineString","coordinates":[[[-93.44295,35.27043],[-93.44288,35.27041],[-93.4426,35.27048],[-93.44231,35.27039],[-93.44069,35.27019],[-93.43937,35.26981],[-93.43835,35.26978],[-93.43524,35.26991],[-93.43498,35.2699],[-93.43319,35.26896],[-93.4329,35.26887],[-93.43128,35.26862],[-93.42935,35.26848],[-93.42668,35.26835],[-93.42563,35.2685],[-93.42401,35.26899],[-93.42344,35.26933],[-93.42247,35.27025],[-93.42144,35.27145],[-93.42112,35.27188],[-93.42091,35.27206],[-93.42093,35.27219],[-93.42099,35.27221],[-93.42105,35.27237],[-93.42098,35.27257],[-93.42072,35.27276]]]},"properties":{"id":"1684A","name":"HORNE","mvum_symbol_name":"Roads open to highway legal vehicles only, Yearlong","surfacetype":"NAT - NATIVE MATERIAL","seasonal":"yearlong","passengervehicle":"open","passengervehicle_datesopen":"01/01-12/31","highclearancevehicle":"open","highclearancevehicle_datesopen":"01/01-12/31","kind":"road"}},{"type":"Feature","geometry":{"type":"MultiLineString","coordinates":[[[-93.73111,35.16015],[-93.73152,35.15961],[-93.73148,35.159],[-93.73161,35.15866],[-93.73195,35.15834],[-93.73274,35.1577],[-93.73286,35.15742],[-93.73285,35.15731],[-93.73297,35.15696],[-93.73277,35.15653],[-93.7326,35.1564],[-93.73257,35.15619],[-93.73266,35.15593],[-93.73275,35.1558],[-93.73292,35.15575],[-93.73312,35.15577],[-93.73338,35.1557],[-93.73344,35.15562],[-93.73349,35.15533],[-93.73347,35.15482],[-93.7336,35.15444],[-93.73484,35.15463],[-93.7352,35.15462],[-93.73562,35.15448],[-93.73605,35.15441],[-93.73614,35.15422],[-93.73625,35.15414],[-93.73668,35.15405],[-93.73714,35.1539],[-93.73746,35.15392],[-93.73777,35.15385],[-93.7383,35.15381],[-93.73854,35.15385],[-93.73869,35.15392],[-93.73918,35.15419],[-93.73929,35.15429],[-93.73934,35.15509],[-93.7394,35.15545],[-93.73938,35.15559],[-93.73944,35.15585],[-93.73939,35.15646],[-93.73975,35.15689],[-93.74004,35.15714],[-93.74014,35.15727],[-93.74013,35.15752],[-93.74002,35.15759],[-93.73965,35.15797],[-93.73959,35.15831],[-93.73904,35.15881],[-93.7387,35.15896],[-93.73856,35.1591],[-93.73799,35.15938],[-93.73764,35.15946],[-93.73743,35.15959],[-93.73704,35.15971],[-93.73621,35.15985],[-93.73592,35.16002],[-93.73565,35.16039],[-93.73522,35.1609],[-93.7351,35.16111],[-93.73506,35.1613],[-93.73515,35.16145],[-93.73518,35.16168],[-93.73513,35.16185],[-93.7349,35.16213],[-93.73472,35.16249],[-93.73452,35.16271],[-93.73444,35.16276],[-93.73402,35.16246],[-93.73327,35.16184],[-93.73297,35.16166],[-93.73167,35.16071],[-93.73138,35.16055],[-93.73112,35.16016]]]},"properties":{"id":"96074C","name":"TURKEY ROOST","mvum_symbol_name":"Roads open to highway legal vehicles only, Yearlong","surfacetype":"NAT - NATIVE MATERIAL","seasonal":"yearlong","passengervehicle":"open","passengervehicle_datesopen":"01/01-12/31","highclearancevehicle":"open","highclearancevehicle_datesopen":"01/01-12/31","kind":"road"}},{"type":"Feature","geometry":{"type":"MultiLineString","coordinates":[[[-93.52364,35.25997],[-93.52345,35.25988],[-93.52249,35.25977],[-93.52101,35.25979]]]},"properties":{"id":"1687","name":"ST.LOUIS VALLEY","mvum_symbol_name":"Roads open to highway legal vehicles only, Yearlong","surfacetype":"AGG - CRUSHED AGGREGATE OR GRAVEL","seasonal":"yearlong","passengervehicle":"open","passengervehicle_datesopen":"01/01-12/31","highclearancevehicle":"open","highclearancevehicle_datesopen":"01/01-12/31","kind":"road"}},{"type":"Feature","geometry":{"type":"MultiLineString","coordinates":[[[-93.56667,35.18631],[-93.56699,35.18643],[-93.56766,35.18649],[-93.56906,35.18647],[-93.56963,35.18656],[-93.57024,35.18657],[-93.57109,35.1867],[-93.5721,35.18671],[-93.57261,35.18675],[-93.57302,35.18694],[-93.57377,35.18709],[-93.57406,35.18711],[-93.57497,35.18692],[-93.57547,35.18691],[-93.57582,35.18686],[-93.576,35.18692],[-93.57674,35.18694],[-93.57839,35.18632],[-93.57861,35.18614],[-93.57899,35.18594],[-93.57938,35.18568],[-93.57999,35.18559],[-93.58086,35.18529],[-93.58109,35.18485],[-93.58152,35.18465],[-93.58205,35.18451],[-93.58232,35.18454],[-93.58247,35.18464],[-93.58264,35.1849]]]},"properties":{"id":"1627C","name":"BITTER APPLE","mvum_symbol_name":"Roads open to highway legal vehicles only, Yearlong","surfacetype":"NAT - NATIVE MATERIAL","seasonal":"yearlong","passengervehicle":"open","passengervehicle_datesopen":"01/01-12/31","highclearancevehicle":"open","highclearancevehicle_datesopen":"01/01-12/31","kind":"road"}},{"type":"Feature","geometry":{"type":"MultiLineString","coordinates":[[[-93.65136,35.14257],[-93.65137,35.14269],[-93.65144,35.14283],[-93.65171,35.14321],[-93.65175,35.14334],[-93.65172,35.14346],[-93.6519,35.14394],[-93.6519,35.14412],[-93.65181,35.14437],[-93.6518,35.14456],[-93.6517,35.14466],[-93.65163,35.14485],[-93.65166,35.14498],[-93.6519,35.14517],[-93.65204,35.14557],[-93.65209,35.14563],[-93.65236,35.1459],[-93.65272,35.14614],[-93.65283,35.1463],[-93.65294,35.14664],[-93.65328,35.14702],[-93.65329,35.14711],[-93.65342,35.14717],[-93.65363,35.14736],[-93.65385,35.14769],[-93.65393,35.14792],[-93.65403,35.14801],[-93.65403,35.1482]]]},"properties":{"id":"96038E","mvum_symbol_name":"Roads open to highway legal vehicles only, Yearlong","surfacetype":"AGG - CRUSHED AGGREGATE OR GRAVEL","seasonal":"yearlong","passengervehicle":"open","passengervehicle_datesopen":"01/01-12/31","highclearancevehicle":"open","highclearancevehicle_datesopen":"01/01-12/31","kind":"road"}},{"type":"Feature","geometry":{"type":"MultiLineString","coordinates":[[[-93.72692,35.15677],[-93.72663,35.15664],[-93.72637,35.1564],[-93.72607,35.1563],[-93.72545,35.15627],[-93.72483,35.15619],[-93.72303,35.15619],[-93.72228,35.15624],[-93.72207,35.15633],[-93.7219,35.15635],[-93.72074,35.15627],[-93.72007,35.15644],[-93.71958,35.15642],[-93.71923,35.15645],[-93.71867,35.15658],[-93.71841,35.15646],[-93.71823,35.15624],[-93.71821,35.15608],[-93.71825,35.15598],[-93.7185,35.15585],[-93.7187,35.1558],[-93.71896,35.15564],[-93.71923,35.15534],[-93.71935,35.15512],[-93.71959,35.15451],[-93.71966,35.15417],[-93.71963,35.15381],[-93.71945,35.15352],[-93.71931,35.15339],[-93.71925,35.1532],[-93.71919,35.15312],[-93.71903,35.15302],[-93.71882,35.15299],[-93.71848,35.15302],[-93.71825,35.15308],[-93.7177,35.153],[-93.71747,35.15278],[-93.71708,35.15219],[-93.71688,35.15197],[-93.71675,35.15174],[-93.71658,35.15156],[-93.71613,35.15136],[-93.71579,35.15136],[-93.71544,35.15141],[-93.71514,35.1515],[-93.71453,35.15145],[-93.71389,35.15122],[-93.71309,35.15105],[-93.71236,35.15116],[-93.71226,35.1512],[-93.712,35.15088],[-93.71148,35.15033],[-93.7111,35.14981],[-93.71077,35.14948],[-93.71035,35.14881],[-93.71016,35.14888],[-93.70986,35.14906],[-93.70919,35.14931],[-93.70894,35.14935],[-93.70858,35.14957],[-93.70834,35.14963],[-93.70813,35.14971],[-93.70772,35.15002]]]},"properties":{"id":"1677A","name":"SLICK ROCK","mvum_symbol_name":"Roads open to highway legal vehicles only, Yearlong","surfacetype":"NAT - NATIVE MATERIAL","seasonal":"yearlong","passengervehicle":"open","passengervehicle_datesopen":"01/01-12/31","highclearancevehicle":"open","highclearancevehicle_datesopen":"01/01-12/31","kind":"road"}},{"type":"Feature","geometry":{"type":"MultiLineString","coordinates":[[[-93.49547,35.1606],[-93.49562,35.16059],[-93.49674,35.16117],[-93.49742,35.16191],[-93.49804,35.16302],[-93.49808,35.16346],[-93.498,35.16365],[-93.49802,35.1638],[-93.49816,35.16392],[-93.49838,35.16409],[-93.49855,35.16407],[-93.49879,35.16412],[-93.49903,35.16428],[-93.49913,35.16428],[-93.49952,35.16449],[-93.49964,35.16452],[-93.49987,35.16448],[-93.50009,35.16463],[-93.50029,35.16487],[-93.50071,35.16521],[-93.50098,35.16551],[-93.50121,35.16553],[-93.50148,35.16538],[-93.50171,35.16529],[-93.50196,35.16529],[-93.50211,35.16553],[-93.50239,35.16579],[-93.50303,35.16651],[-93.50329,35.16704],[-93.50376,35.16742],[-93.50424,35.16771],[-93.50445,35.16779],[-93.5048,35.16811],[-93.50513,35.16825],[-93.5055,35.16827],[-93.50555,35.16835],[-93.50545,35.16857],[-93.50546,35.16876],[-93.50559,35.16889],[-93.50585,35.16904],[-93.50603,35.16905],[-93.5063,35.16917],[-93.5066,35.16936],[-93.50668,35.16953],[-93.5067,35.16974],[-93.50688,35.1702],[-93.50714,35.17002],[-93.50765,35.16956],[-93.50793,35.16936],[-93.50811,35.16927],[-93.50832,35.16932],[-93.50871,35.16962],[-93.50908,35.16983],[-93.50933,35.16995],[-93.50958,35.16999],[-93.50975,35.17007],[-93.51051,35.17068],[-93.51101,35.17083],[-93.51123,35.1711],[-93.51126,35.17138],[-93.51134,35.17163],[-93.51143,35.17179],[-93.51155,35.17188],[-93.51181,35.17192],[-93.51217,35.17175],[-93.51246,35.17175],[-93.51267,35.17172],[-93.51269,35.17168]]]},"properties":{"id":"1630A","mvum_symbol_name":"Roads open to all Vehicles, Yearlong","surfacetype":"NAT - NATIVE MATERIAL","seasonal":"yearlong","passengervehicle":"open","passengervehicle_datesopen":"01/01-12/31","highclearancevehicle":"open","highclearancevehicle_datesopen":"01/01-12/31","atv":"open","atv_datesopen":"01/01-12/31","motorcycle":"open","motorcycle_datesopen":"01/01-12/31","kind":"road"}},{"type":"Feature","geometry":{"type":"MultiLineString","coordinates":[[[-93.47999,35.16786],[-93.47982,35.16822],[-93.47979,35.16837],[-93.47969,35.16849],[-93.47961,35.16878],[-93.47961,35.16923],[-93.47969,35.16936],[-93.47981,35.17008],[-93.4799,35.17034]]]},"properties":{"id":"96059E","mvum_symbol_name":"Roads open to highway legal vehicles only, Yearlong","surfacetype":"NAT - NATIVE MATERIAL","seasonal":"yearlong","passengervehicle":"open","passengervehicle_datesopen":"01/01-12/31","highclearancevehicle":"open","highclearancevehicle_datesopen":"01/01-12/31","kind":"road"}},{"type":"Feature","geometry":{"type":"MultiLineString","coordinates":[[[-93.64868,35.16968],[-93.64859,35.16912],[-93.64866,35.16801],[-93.64863,35.16777],[-93.64851,35.16754],[-93.64831,35.1673],[-93.64795,35.16702],[-93.64758,35.16696],[-93.64739,35.16689],[-93.64726,35.16659],[-93.64704,35.16627],[-93.64675,35.16612],[-93.64659,35.16607],[-93.64644,35.16614],[-93.64644,35.16622],[-93.64656,35.16634]]]},"properties":{"id":"1606I","mvum_symbol_name":"Roads open to highway legal vehicles only, Yearlong","surfacetype":"P - PAVED","seasonal":"yearlong","passengervehicle":"open","passengervehicle_datesopen":"01/01-12/31","highclearancevehicle":"open","highclearancevehicle_datesopen":"01/01-12/31","kind":"road"}},{"type":"Feature","geometry":{"type":"MultiLineString","coordinates":[[[-93.52101,35.25979],[-93.52008,35.25977],[-93.5195,35.25969],[-93.51915,35.25979],[-93.51889,35.25977],[-93.5186,35.2598],[-93.51839,35.25973],[-93.51778,35.25971],[-93.51739,35.25967],[-93.51484,35.25988],[-93.51461,35.25992],[-93.51385,35.26026],[-93.51231,35.26069],[-93.51096,35.26127],[-93.51015,35.26152],[-93.50941,35.26163],[-93.50837,35.26166]]]},"properties":{"id":"1687","name":"ST.LOUIS VALLEY","mvum_symbol_name":"Roads open to all Vehicles, Yearlong","surfacetype":"AGG - CRUSHED AGGREGATE OR GRAVEL","seasonal":"yearlong","passengervehicle":"open","passengervehicle_datesopen":"01/01-12/31","highclearancevehicle":"open","highclearancevehicle_datesopen":"01/01-12/31","atv":"open","atv_datesopen":"01/01-12/31","motorcycle":"open","motorcycle_datesopen":"01/01-12/31","kind":"road"}},{"type":"Feature","geometry":{"type":"MultiLineString","coordinates":[[[-93.35168,35.17292],[-93.35269,35.17323],[-93.35359,35.17342],[-93.3542,35.17351],[-93.35548,35.17359],[-93.35597,35.17366],[-93.35637,35.17367],[-93.35728,35.17354],[-93.35785,35.17352],[-93.3618,35.17364]]]},"properties":{"id":"1618","name":"NORTH BLUFF","mvum_symbol_name":"Roads open to highway legal vehicles only, Yearlong","surfacetype":"AGG - CRUSHED AGGREGATE OR GRAVEL","seasonal":"yearlong","passengervehicle":"open","passengervehicle_datesopen":"01/01-12/31","highclearancevehicle":"open","highclearancevehicle_datesopen":"01/01-12/31","kind":"road"}},{"type":"Feature","geometry":{"type":"MultiLineString","coordinates":[[[-93.68545,35.24408],[-93.68529,35.24343],[-93.68547,35.24255],[-93.6856,35.24244],[-93.686,35.24221],[-93.68606,35.24205],[-93.68579,35.24168],[-93.68566,35.24159],[-93.6856,35.2415],[-93.68548,35.24143],[-93.68537,35.24132],[-93.68533,35.24124],[-93.68533,35.24111],[-93.68544,35.24086],[-93.68562,35.24034],[-93.68564,35.24024],[-93.68562,35.24016],[-93.68547,35.24005],[-93.68492,35.23995],[-93.68227,35.2391],[-93.68171,35.23881],[-93.68152,35.23857],[-93.68151,35.23842],[-93.68188,35.23809],[-93.68209,35.23796],[-93.68324,35.23774],[-93.68339,35.23758],[-93.68348,35.23724],[-93.68358,35.23608],[-93.68354,35.23506]]]},"properties":{"id":"1676","name":"JUG SPRING","mvum_symbol_name":"Roads open to all Vehicles, Yearlong","surfacetype":"IMP - IMPROVED NATIVE MATERIAL","seasonal":"yearlong","passengervehicle":"open","passengervehicle_datesopen":"01/01-12/31","highclearancevehicle":"open","highclearancevehicle_datesopen":"01/01-12/31","atv":"open","atv_datesopen":"01/01-12/31","motorcycle":"open","motorcycle_datesopen":"01/01-12/31","kind":"road"}},{"type":"Feature","geometry":{"type":"MultiLineString","coordinates":[[[-93.62598,35.1983],[-93.62192,35.19816],[-93.6218,35.19818],[-93.62174,35.19826],[-93.62165,35.20055],[-93.6228,35.20172],[-93.62352,35.20193],[-93.62391,35.20224],[-93.6241,35.20232],[-93.62439,35.20239],[-93.62479,35.20234]]]},"properties":{"id":"1668","name":"BECK","mvum_symbol_name":"Roads open to highway legal vehicles only, Yearlong","surfacetype":"NAT - NATIVE MATERIAL","seasonal":"yearlong","passengervehicle":"open","passengervehicle_datesopen":"01/01-12/31","highclearancevehicle":"open","highclearancevehicle_datesopen":"01/01-12/31","kind":"road"}},{"type":"Feature","geometry":{"type":"MultiLineString","coordinates":[[[-93.6535,35.24689],[-93.65396,35.24663],[-93.65473,35.2468],[-93.65524,35.24678],[-93.65588,35.24682],[-93.65611,35.24691],[-93.65629,35.24692],[-93.65745,35.24691],[-93.6586,35.24682],[-93.65885,35.24687],[-93.65912,35.24685],[-93.66043,35.24696],[-93.6609,35.24692],[-93.66177,35.24701],[-93.66353,35.24703],[-93.66426,35.24699],[-93.66458,35.24688],[-93.66542,35.24674],[-93.6659,35.24644],[-93.66613,35.24633],[-93.66649,35.24626],[-93.66686,35.24622],[-93.66733,35.24605],[-93.66743,35.24596],[-93.66765,35.24559],[-93.66791,35.24534],[-93.66832,35.24504],[-93.66887,35.24491],[-93.6694,35.24483],[-93.67045,35.24412],[-93.67094,35.24386],[-93.67134,35.24338],[-93.67173,35.24319],[-93.67245,35.24294],[-93.67285,35.24271],[-93.6736,35.2424],[-93.67438,35.24197],[-93.67578,35.2417],[-93.67634,35.24137],[-93.67658,35.24113],[-93.67704,35.2408],[-93.67731,35.24065],[-93.67776,35.24079],[-93.67785,35.24095],[-93.67788,35.24111],[-93.67784,35.2412],[-93.67764,35.24139],[-93.6775,35.24185],[-93.6777,35.24213],[-93.67821,35.24263],[-93.67846,35.24282],[-93.67867,35.24286]]]},"properties":{"id":"1669","name":"HUB BROWN","mvum_symbol_name":"Roads open to highway legal vehicles only, Yearlong","surfacetype":"NAT - NATIVE MATERIAL","seasonal":"yearlong","passengervehicle":"open","passengervehicle_datesopen":"01/01-12/31","highclearancevehicle":"open","highclearancevehicle_datesopen":"01/01-12/31","kind":"road"}},{"type":"Feature","geometry":{"type":"MultiLineString","coordinates":[[[-93.68076,35.14137],[-93.68033,35.14132],[-93.67901,35.1408],[-93.67878,35.14073],[-93.67824,35.1407],[-93.67759,35.14054],[-93.67745,35.14053],[-93.67695,35.14054],[-93.67663,35.14061],[-93.67633,35.14075],[-93.67602,35.14099],[-93.67572,35.14103],[-93.6756,35.14115],[-93.67561,35.14126],[-93.6757,35.14129],[-93.6767,35.14121],[-93.67703,35.14129],[-93.67743,35.14145],[-93.67793,35.14173],[-93.67852,35.14213],[-93.67893,35.14248],[-93.67923,35.14255],[-93.67943,35.14255],[-93.67985,35.14277],[-93.68011,35.14297],[-93.68038,35.14312],[-93.68071,35.14325],[-93.68082,35.14335],[-93.68096,35.14362],[-93.681,35.14374],[-93.68097,35.14381],[-93.6809,35.14384],[-93.68065,35.14382],[-93.68009,35.14355],[-93.67956,35.14338],[-93.67835,35.14319],[-93.67714,35.14324],[-93.6769,35.14333],[-93.67639,35.14342],[-93.6755,35.14346],[-93.67469,35.1436],[-93.67436,35.14371],[-93.67424,35.14404],[-93.67402,35.14426],[-93.67394,35.14442],[-93.67388,35.14444],[-93.67343,35.14482],[-93.67303,35.14497],[-93.67287,35.14512],[-93.67281,35.14524],[-93.67283,35.14531],[-93.67278,35.14536],[-93.67265,35.1454],[-93.67227,35.1454],[-93.67211,35.14528],[-93.67198,35.14505],[-93.67186,35.14499],[-93.67147,35.14519],[-93.6714,35.14528],[-93.67138,35.1454],[-93.67129,35.14549],[-93.67105,35.14561],[-93.67078,35.1457],[-93.67068,35.14569],[-93.67063,35.14555],[-93.67044,35.14541],[-93.67053,35.14499],[-93.67049,35.14491],[-93.67038,35.14479],[-93.67023,35.14475],[-93.66985,35.14477],[-93.66956,35.14464],[-93.66939,35.14461],[-93.66892,35.14463],[-93.66875,35.14473],[-93.66861,35.14489],[-93.66854,35.14491],[-93.66853,35.14503],[-93.66845,35.1451],[-93.66825,35.14514],[-93.66808,35.14509],[-93.66796,35.14514],[-93.66756,35.1454],[-93.6672,35.14547],[-93.667,35.14548],[-93.66649,35.14534],[-93.66617,35.14516],[-93.66601,35.14501],[-93.66569,35.14485],[-93.66518,35.14429],[-93.66454,35.14385],[-93.66449,35.14354],[-93.66458,35.14327],[-93.66464,35.14318],[-93.66486,35.14305],[-93.66525,35.1429],[-93.66645,35.1422],[-93.66699,35.14213],[-93.6683,35.14164],[-93.66893,35.1416],[-93.66956,35.1416],[-93.67087,35.14185],[-93.67096,35.14194],[-93.67103,35.14205],[-93.67109,35.14227],[-93.6713,35.14246],[-93.67142,35.1425],[-93.67155,35.14267],[-93.67173,35.14274],[-93.6718,35.14269],[-93.67197,35.14242],[-93.67206,35.14241],[-93.67208,35.14234],[-93.67248,35.14235],[-93.67262,35.1422],[-93.67281,35.14191],[-93.67303,35.14176],[-93.67335,35.14169],[-93.67367,35.14177],[-93.67416,35.14171],[-93.67429,35.14164],[-93.67444,35.14142],[-93.67461,35.14139],[-93.67489,35.1414],[-93.67512,35.1412],[-93.67526,35.14116],[-93.6756,35.14121]]]},"properties":{"id":"1696","name":"WEST LACEY CREEK","mvum_symbol_name":"Roads open to highway legal vehicles only, Yearlong","surfacetype":"NAT - NATIVE MATERIAL","seasonal":"yearlong","passengervehicle":"open","passengervehicle_datesopen":"01/01-12/31","highclearancevehicle":"open","highclearancevehicle_datesopen":"01/01-12/31","kind":"road"}},{"type":"Feature","geometry":{"type":"MultiLineString","coordinates":[[[-93.37305,35.21747],[-93.37288,35.21712],[-93.37246,35.21645],[-93.37234,35.2161],[-93.37243,35.21563],[-93.37284,35.21458],[-93.37302,35.2142],[-93.37302,35.21354],[-93.37292,35.21311],[-93.37278,35.21276],[-93.37246,35.21226],[-93.37224,35.21201],[-93.37165,35.21146],[-93.3715,35.21121],[-93.3713,35.21064],[-93.37121,35.21053],[-93.37037,35.21026],[-93.36965,35.20982],[-93.36958,35.20966],[-93.36957,35.20925],[-93.36989,35.20863],[-93.36993,35.20822],[-93.36987,35.20796],[-93.36976,35.20774],[-93.36949,35.20747],[-93.36948,35.20712],[-93.36959,35.20694],[-93.36964,35.20676],[-93.36985,35.20658],[-93.37065,35.20554],[-93.37092,35.20527],[-93.37124,35.20513],[-93.37162,35.20504],[-93.37216,35.20499],[-93.37237,35.20504],[-93.37297,35.20508],[-93.37373,35.20521],[-93.37412,35.20543],[-93.37439,35.20542],[-93.37466,35.20533],[-93.37482,35.20515],[-93.37509,35.20493],[-93.3753,35.20479],[-93.37568,35.2047],[-93.37654,35.20437],[-93.37703,35.20414],[-93.37783,35.20324],[-93.37804,35.20293],[-93.37815,35.20266],[-93.37813,35.2025],[-93.37824,35.20227],[-93.37845,35.20209],[-93.3792,35.20164],[-93.37975,35.20159],[-93.38007,35.20149],[-93.38094,35.20148],[-93.38121,35.20139],[-93.38148,35.20134],[-93.38246,35.20129],[-93.38284,35.20119],[-93.38311,35.20092],[-93.38326,35.20056],[-93.38331,35.2003],[-93.38325,35.20003],[-93.3833,35.1998],[-93.3833,35.19945],[-93.38335,35.19931],[-93.38339,35.19882],[-93.3835,35.19842],[-93.38354,35.19806],[-93.38365,35.19775],[-93.38364,35.19748],[-93.38358,35.19721],[-93.38383,35.1967],[-93.38399,35.19593],[-93.38415,35.19566],[-93.38414,35.19548],[-93.38392,35.19482],[-93.38364,35.19438],[-93.38335,35.19371],[-93.38313,35.1934],[-93.38307,35.19318],[-93.38263,35.19251],[-93.38194,35.19116],[-93.38101,35.19017],[-93.38068,35.1899],[-93.38068,35.18973],[-93.38057,35.18955],[-93.38051,35.18937],[-93.3805,35.1891],[-93.38056,35.18892],[-93.38055,35.18859]],[[-93.4164,35.22105],[-93.41557,35.22093],[-93.41462,35.2209],[-93.41405,35.22105],[-93.41363,35.22122],[-93.41299,35.22154],[-93.41267,35.22165],[-93.41223,35.22168],[-93.41148,35.22166],[-93.4112,35.22172],[-93.41089,35.22185],[-93.41061,35.22202],[-93.41035,35.22223],[-93.41011,35.22259],[-93.40982,35.22319],[-93.40955,35.22353],[-93.40908,35.2237],[-93.40769,35.22384],[-93.40744,35.22396],[-93.40732,35.22409],[-93.40717,35.22433],[-93.40703,35.22489],[-93.40691,35.22596],[-93.40682,35.22629],[-93.40664,35.22663],[-93.40616,35.22724],[-93.40571,35.2277],[-93.40534,35.22799],[-93.40506,35.22818],[-93.40415,35.2286],[-93.40364,35.22875],[-93.40302,35.22881],[-93.40248,35.22863],[-93.4021,35.22861],[-93.40089,35.22886],[-93.39994,35.22894],[-93.39841,35.22929],[-93.39794,35.22936],[-93.39717,35.22931],[-93.39674,35.22922],[-93.39573,35.22891],[-93.39544,35.22889],[-93.395,35.22891],[-93.39463,35.22901],[-93.39375,35.22912],[-93.39318,35.22904],[-93.39292,35.22888],[-93.39223,35.22829],[-93.39169,35.22814],[-93.38717,35.22795],[-93.38647,35.22787],[-93.38549,35.22765],[-93.38473,35.22773],[-93.3843,35.22782],[-93.38373,35.22787],[-93.38107,35.22799],[-93.38041,35.22798],[-93.37979,35.22794],[-93.37935,35.22786],[-93.37882,35.22774],[-93.37844,35.22758],[-93.37814,35.2273],[-93.37795,35.22671],[-93.37788,35.22659],[-93.37735,35.2262],[-93.37698,35.22586],[-93.37672,35.22549],[-93.37648,35.22507],[-93.37637,35.22477],[-93.37634,35.2246],[-93.37637,35.22417],[-93.37679,35.22349],[-93.37702,35.22302],[-93.37733,35.22212],[-93.37732,35.22144],[-93.37728,35.22124],[-93.37657,35.21965],[-93.37629,35.21884],[-93.37586,35.21813],[-93.37569,35.21801],[-93.37519,35.21787],[-93.37458,35.21761],[-93.37383,35.21748],[-93.3734,35.2175],[-93.37285,35.21745]]]},"properties":{"id":"1623","name":"CARTER MOUNTAIN","mvum_symbol_name":"Roads open to all Vehicles, Yearlong","surfacetype":"AGG - CRUSHED AGGREGATE OR GRAVEL","seasonal":"yearlong","passengervehicle":"open","passengervehicle_datesopen":"01/01-12/31","highclearancevehicle":"open","highclearancevehicle_datesopen":"01/01-12/31","atv":"open","atv_datesopen":"01/01-12/31","motorcycle":"open","motorcycle_datesopen":"01/01-12/31","kind":"road"}},{"type":"Feature","geometry":{"type":"MultiLineString","coordinates":[[[-93.55494,35.2109],[-93.5548,35.21034],[-93.55491,35.20984],[-93.55477,35.2087],[-93.55476,35.20821],[-93.55455,35.20756],[-93.55434,35.20708],[-93.55433,35.20675],[-93.55391,35.20571],[-93.55322,35.20497],[-93.5527,35.20458],[-93.55269,35.20432],[-93.55288,35.20367],[-93.55267,35.20285],[-93.55241,35.20242]]]},"properties":{"id":"1660C","name":"EAST SING","mvum_symbol_name":"Roads open to all Vehicles, Yearlong","surfacetype":"NAT - NATIVE MATERIAL","seasonal":"yearlong","passengervehicle":"open","passengervehicle_datesopen":"01/01-12/31","highclearancevehicle":"open","highclearancevehicle_datesopen":"01/01-12/31","atv":"open","atv_datesopen":"01/01-12/31","motorcycle":"open","motorcycle_datesopen":"01/01-12/31","kind":"road"}},{"type":"Feature","geometry":{"type":"MultiLineString","coordinates":[[[-93.60951,35.16316],[-93.6076,35.16297],[-93.60664,35.16291],[-93.60634,35.16291],[-93.606,35.16299],[-93.60616,35.16267],[-93.60628,35.16264],[-93.60641,35.16264],[-93.60665,35.16271],[-93.60708,35.16291]]]},"properties":{"id":"1634","name":"BENEFIELD PICNIC AREA","mvum_symbol_name":"Roads open to highway legal vehicles only, Yearlong","surfacetype":"AGG - CRUSHED AGGREGATE OR GRAVEL","seasonal":"yearlong","passengervehicle":"open","passengervehicle_datesopen":"01/01-12/31","highclearancevehicle":"open","highclearancevehicle_datesopen":"01/01-12/31","kind":"road"}},{"type":"Feature","geometry":{"type":"MultiLineString","coordinates":[[[-93.54663,35.26173],[-93.54706,35.26149],[-93.54724,35.26134],[-93.54735,35.26117],[-93.54762,35.26098],[-93.54795,35.26085],[-93.54825,35.26053],[-93.54876,35.26037],[-93.54888,35.26029],[-93.549,35.26015],[-93.54904,35.25989],[-93.54899,35.25969],[-93.54892,35.25959],[-93.54892,35.25953],[-93.54885,35.25939],[-93.54886,35.25929],[-93.54878,35.25898],[-93.54871,35.25883],[-93.54872,35.25872],[-93.54865,35.25858],[-93.54871,35.25826],[-93.54871,35.25784],[-93.54896,35.25753],[-93.54895,35.25723],[-93.54897,35.25719],[-93.54921,35.25717],[-93.54935,35.25723],[-93.54944,35.25753],[-93.54974,35.25777],[-93.55065,35.25823],[-93.55085,35.25838],[-93.55125,35.2586],[-93.55283,35.25881],[-93.55303,35.25878],[-93.55314,35.2588]]]},"properties":{"id":"96030G","mvum_symbol_name":"Roads open to all Vehicles, Yearlong","surfacetype":"NAT - NATIVE MATERIAL","seasonal":"yearlong","passengervehicle":"open","passengervehicle_datesopen":"01/01-12/31","highclearancevehicle":"open","highclearancevehicle_datesopen":"01/01-12/31","atv":"open","atv_datesopen":"01/01-12/31","motorcycle":"open","motorcycle_datesopen":"01/01-12/31","kind":"road"}},{"type":"Feature","geometry":{"type":"MultiLineString","coordinates":[[[-93.59827,35.26522],[-93.59749,35.26526],[-93.59688,35.26523]]]},"properties":{"id":"96067E","mvum_symbol_name":"Roads open to highway legal vehicles only, Yearlong","surfacetype":"NAT - NATIVE MATERIAL","seasonal":"yearlong","passengervehicle":"open","passengervehicle_datesopen":"01/01-12/31","highclearancevehicle":"open","highclearancevehicle_datesopen":"01/01-12/31","kind":"road"}},{"type":"Feature","geometry":{"type":"MultiLineString","coordinates":[[[-93.65055,35.16915],[-93.65056,35.16924],[-93.65047,35.16949],[-93.65045,35.16965],[-93.65046,35.16981],[-93.65051,35.16988]]]},"properties":{"id":"1606B","name":"BROWN SPRINGS SYSTEM","mvum_symbol_name":"Roads open to highway legal vehicles only, Yearlong","surfacetype":"NAT - NATIVE MATERIAL","seasonal":"yearlong","passengervehicle":"open","passengervehicle_datesopen":"01/01-12/31","highclearancevehicle":"open","highclearancevehicle_datesopen":"01/01-12/31","kind":"road"}},{"type":"Feature","geometry":{"type":"MultiLineString","coordinates":[[[-93.62869,35.22997],[-93.62857,35.23005],[-93.62825,35.23015],[-93.62798,35.2301],[-93.62785,35.23002],[-93.62777,35.22989],[-93.62775,35.22978],[-93.62786,35.22932],[-93.62786,35.22917],[-93.62778,35.22902],[-93.62765,35.22888],[-93.6272,35.22866],[-93.62654,35.22872],[-93.62643,35.2287],[-93.62588,35.22823],[-93.6252,35.22745]]]},"properties":{"id":"1608B","name":"COVE LK. PARK. LOT 2","mvum_symbol_name":"Roads open to highway legal vehicles only, Yearlong","surfacetype":"BST - BITUMINOUS SURFACE TREATMENT","seasonal":"yearlong","passengervehicle":"open","passengervehicle_datesopen":"01/01-12/31","highclearancevehicle":"open","highclearancevehicle_datesopen":"01/01-12/31","kind":"road"}},{"type":"Feature","geometry":{"type":"MultiLineString","coordinates":[[[-93.54746,35.14215],[-93.54854,35.14257],[-93.54893,35.14268],[-93.5491,35.14278],[-93.54927,35.14294],[-93.54938,35.14296],[-93.54952,35.14292],[-93.54981,35.14263],[-93.55013,35.14249],[-93.55021,35.14239],[-93.55035,35.142],[-93.55055,35.14177],[-93.55074,35.14164],[-93.551,35.14155],[-93.55128,35.1415],[-93.55187,35.14164],[-93.5532,35.14211],[-93.55431,35.14228],[-93.55452,35.14227],[-93.5552,35.14199],[-93.5557,35.14195],[-93.55595,35.14196],[-93.55677,35.14213],[-93.55718,35.14226],[-93.55758,35.14248],[-93.55771,35.1425],[-93.55809,35.14244],[-93.5585,35.14227],[-93.55901,35.1422],[-93.55947,35.1422],[-93.56159,35.14241],[-93.56294,35.14242],[-93.56426,35.14262],[-93.56452,35.14272],[-93.56488,35.14309],[-93.56497,35.14314],[-93.56525,35.14311],[-93.56568,35.14313],[-93.5665,35.14333],[-93.56702,35.14339],[-93.56776,35.1433],[-93.56825,35.14337],[-93.56845,35.14349],[-93.56871,35.14375],[-93.56891,35.1438],[-93.56917,35.14379],[-93.56969,35.14367],[-93.57096,35.14379],[-93.57195,35.14384],[-93.57226,35.14389],[-93.57251,35.14398],[-93.57308,35.14448],[-93.57322,35.1447],[-93.57335,35.14475],[-93.57358,35.14476],[-93.57412,35.14467],[-93.57458,35.14476],[-93.57497,35.14475],[-93.57544,35.14463],[-93.57613,35.14427],[-93.57635,35.14413],[-93.57655,35.14397],[-93.57713,35.1434],[-93.57812,35.14323],[-93.57904,35.14316],[-93.57934,35.1432],[-93.57998,35.14316],[-93.58086,35.14328],[-93.58188,35.14326],[-93.58232,35.14333],[-93.58306,35.14324]]]},"properties":{"id":"1633","name":"MTN HOLE","mvum_symbol_name":"Roads open to highway legal vehicles only, Yearlong","surfacetype":"NAT - NATIVE MATERIAL","seasonal":"yearlong","passengervehicle":"open","passengervehicle_datesopen":"01/01-12/31","highclearancevehicle":"open","highclearancevehicle_datesopen":"01/01-12/31","kind":"road"}},{"type":"Feature","geometry":{"type":"MultiLineString","coordinates":[[[-93.58464,35.2456],[-93.58451,35.2448],[-93.5845,35.24439],[-93.58455,35.24419],[-93.58474,35.24408],[-93.58473,35.24337],[-93.5846,35.24307],[-93.58455,35.24276],[-93.58429,35.2426],[-93.58367,35.24247],[-93.58243,35.24256],[-93.58169,35.24274],[-93.58132,35.24268],[-93.57982,35.24225],[-93.57937,35.24206],[-93.57894,35.24182],[-93.57874,35.24151],[-93.57819,35.24115],[-93.57694,35.24072],[-93.57631,35.24043],[-93.57586,35.24027],[-93.5751,35.23967],[-93.57485,35.23957],[-93.57461,35.23957],[-93.57435,35.23947],[-93.57386,35.23938],[-93.57343,35.23934],[-93.57323,35.23908],[-93.57298,35.23888],[-93.5728,35.23868],[-93.57243,35.23852],[-93.57086,35.2382],[-93.57043,35.23796],[-93.5701,35.2379],[-93.56985,35.23766],[-93.5698,35.23729],[-93.56942,35.23699],[-93.56909,35.23663],[-93.56921,35.23634],[-93.56925,35.23614],[-93.5695,35.23587],[-93.56949,35.23573],[-93.56957,35.23567],[-93.56951,35.23553],[-93.56926,35.23533],[-93.56913,35.23512],[-93.56913,35.23492],[-93.56898,35.23476],[-93.56863,35.23462],[-93.56843,35.23446],[-93.56804,35.23375],[-93.56786,35.23351],[-93.56754,35.23352],[-93.56686,35.23312],[-93.56648,35.23282],[-93.5659,35.23215],[-93.56589,35.2317],[-93.56605,35.23093],[-93.56617,35.23068],[-93.56641,35.23042],[-93.56648,35.23011],[-93.56685,35.2299],[-93.56722,35.23],[-93.5674,35.23014],[-93.56765,35.23024],[-93.56785,35.23019],[-93.56809,35.22988],[-93.56813,35.22974],[-93.56858,35.22947],[-93.56908,35.22971],[-93.5697,35.2299],[-93.56995,35.23006],[-93.5702,35.23016],[-93.57019,35.23018],[-93.57063,35.23018],[-93.57087,35.23011],[-93.57107,35.23001],[-93.57136,35.22976],[-93.57143,35.22955],[-93.57155,35.22939],[-93.57167,35.22929],[-93.5718,35.22924],[-93.57179,35.22868],[-93.57183,35.22839],[-93.57215,35.22816],[-93.57244,35.22771],[-93.57236,35.22745],[-93.57205,35.227],[-93.57192,35.22674],[-93.57192,35.22653],[-93.57179,35.22629],[-93.57178,35.22578],[-93.57197,35.22521],[-93.57201,35.2248],[-93.57201,35.2247],[-93.57182,35.2242],[-93.57182,35.22395],[-93.57186,35.22369],[-93.57206,35.22354],[-93.57223,35.22333],[-93.57224,35.22323]]]},"properties":{"id":"1662","name":"CHURCHMAN","mvum_symbol_name":"Roads open to all Vehicles, Yearlong","surfacetype":"NAT - NATIVE MATERIAL","seasonal":"yearlong","passengervehicle":"open","passengervehicle_datesopen":"01/01-12/31","highclearancevehicle":"open","highclearancevehicle_datesopen":"01/01-12/31","atv":"open","atv_datesopen":"01/01-12/31","motorcycle":"open","motorcycle_datesopen":"01/01-12/31","kind":"road"}},{"type":"Feature","geometry":{"type":"MultiLineString","coordinates":[[[-93.49362,35.19435],[-93.49363,35.19603],[-93.4936,35.19655],[-93.49369,35.19763],[-93.49354,35.19891],[-93.49351,35.19986],[-93.4934,35.20038],[-93.49336,35.20078],[-93.49335,35.20144],[-93.4934,35.20227],[-93.4934,35.20382],[-93.49323,35.20696],[-93.49337,35.20842],[-93.4933,35.20868],[-93.49313,35.20906],[-93.49314,35.2092],[-93.49327,35.20967],[-93.49329,35.21004],[-93.49315,35.21583],[-93.49307,35.21811],[-93.49289,35.21869],[-93.49308,35.21906],[-93.49355,35.21948],[-93.49362,35.2196],[-93.49345,35.21988],[-93.49324,35.22013],[-93.49316,35.22028],[-93.49309,35.22064],[-93.49306,35.22099],[-93.49309,35.22115],[-93.49332,35.22162],[-93.4933,35.22183],[-93.49295,35.22258],[-93.49281,35.2237],[-93.4927,35.22396],[-93.49245,35.22432],[-93.49215,35.22491],[-93.49185,35.22514],[-93.49092,35.22556],[-93.49066,35.22581],[-93.49055,35.22597],[-93.49044,35.2262],[-93.4904,35.22661],[-93.49024,35.22716],[-93.49012,35.22727],[-93.48966,35.22783],[-93.48955,35.22801],[-93.4893,35.22824],[-93.4891,35.22834],[-93.48878,35.22869],[-93.48868,35.22895],[-93.48816,35.23046],[-93.48813,35.23066],[-93.48816,35.23086],[-93.48822,35.23099],[-93.48882,35.23212],[-93.48893,35.23252],[-93.489,35.2331],[-93.48884,35.23371],[-93.48871,35.23407],[-93.48863,35.23428],[-93.48842,35.23462],[-93.48838,35.23473],[-93.48851,35.23521],[-93.48852,35.23536],[-93.48849,35.23577],[-93.48837,35.23613],[-93.48792,35.23654],[-93.48486,35.23882],[-93.48443,35.23918],[-93.48358,35.24025],[-93.48329,35.24072],[-93.48316,35.24104],[-93.48304,35.24173],[-93.48281,35.24249],[-93.48262,35.24277],[-93.48221,35.24324],[-93.48206,35.24337],[-93.48059,35.24442]]]},"properties":{"id":"1613","name":"EICKLEBERRY","mvum_symbol_name":"Roads open to all Vehicles, Yearlong","surfacetype":"AGG - CRUSHED AGGREGATE OR GRAVEL","seasonal":"yearlong","passengervehicle":"open","passengervehicle_datesopen":"01/01-12/31","highclearancevehicle":"open","highclearancevehicle_datesopen":"01/01-12/31","atv":"open","atv_datesopen":"01/01-12/31","motorcycle":"open","motorcycle_datesopen":"01/01-12/31","kind":"road"}},{"type":"Feature","geometry":{"type":"MultiLineString","coordinates":[[[-93.57279,35.2231],[-93.57243,35.22313],[-93.57223,35.22324],[-93.57183,35.22308],[-93.57155,35.22301],[-93.57075,35.2227],[-93.56995,35.22245],[-93.56955,35.22222],[-93.56696,35.22226],[-93.56656,35.22216],[-93.56656,35.22194],[-93.56615,35.22152],[-93.56595,35.22136],[-93.56543,35.22136],[-93.56424,35.22115],[-93.56384,35.22116],[-93.56343,35.22083],[-93.56315,35.22041],[-93.56315,35.22025],[-93.56243,35.2201],[-93.56214,35.21987],[-93.56214,35.21954],[-93.56193,35.21896],[-93.56152,35.21874],[-93.56112,35.21842],[-93.56072,35.21826],[-93.56032,35.21794],[-93.55999,35.21761],[-93.55938,35.21671],[-93.55929,35.21622],[-93.55908,35.21573],[-93.55908,35.2155],[-93.55889,35.21512],[-93.55869,35.21492],[-93.55864,35.21468],[-93.55839,35.21449],[-93.55831,35.21429],[-93.55814,35.21409],[-93.55782,35.21399],[-93.55765,35.2139],[-93.55696,35.21365],[-93.55679,35.21351],[-93.55659,35.21341],[-93.55647,35.21325],[-93.55623,35.21322],[-93.55581,35.21322],[-93.55562,35.21313],[-93.55471,35.21294],[-93.55476,35.21284],[-93.55477,35.21228],[-93.55489,35.21204],[-93.55494,35.21184],[-93.55493,35.21164],[-93.55481,35.21154],[-93.55497,35.21124],[-93.55494,35.2109]]]},"properties":{"id":"1661","name":"GULF CREEK","mvum_symbol_name":"Roads open to all Vehicles, Yearlong","surfacetype":"NAT - NATIVE MATERIAL","seasonal":"yearlong","passengervehicle":"open","passengervehicle_datesopen":"01/01-12/31","highclearancevehicle":"open","highclearancevehicle_datesopen":"01/01-12/31","atv":"open","atv_datesopen":"01/01-12/31","motorcycle":"open","motorcycle_datesopen":"01/01-12/31","kind":"road"}},{"type":"Feature","geometry":{"type":"MultiLineString","coordinates":[[[-93.36847,35.19122],[-93.36846,35.19184],[-93.36826,35.19195],[-93.36819,35.19213],[-93.3681,35.19262],[-93.36784,35.19333],[-93.36785,35.1937],[-93.36769,35.19433],[-93.36752,35.19458],[-93.36744,35.19478],[-93.36743,35.19498],[-93.36734,35.19519],[-93.36712,35.19544],[-93.36616,35.19518],[-93.366,35.19518],[-93.36594,35.19522]]]},"properties":{"id":"96004C","mvum_symbol_name":"Roads open to highway legal vehicles only, Yearlong","surfacetype":"NAT - NATIVE MATERIAL","seasonal":"yearlong","passengervehicle":"open","passengervehicle_datesopen":"01/01-12/31","highclearancevehicle":"open","highclearancevehicle_datesopen":"01/01-12/31","kind":"road"}},{"type":"Feature","geometry":{"type":"MultiLineString","coordinates":[[[-93.39399,35.23852],[-93.39421,35.23877],[-93.39434,35.23908],[-93.39435,35.23925],[-93.3942,35.23963],[-93.39409,35.24033],[-93.39405,35.24099],[-93.3941,35.24113],[-93.39423,35.24118],[-93.39466,35.24116],[-93.39502,35.24121],[-93.39529,35.24113],[-93.39558,35.24097],[-93.39586,35.2407],[-93.39647,35.23971],[-93.39774,35.23851],[-93.3984,35.23781],[-93.39903,35.23727],[-93.39982,35.23636],[-93.40009,35.23613],[-93.40146,35.23443],[-93.40166,35.23401],[-93.40195,35.23362],[-93.40219,35.23344]]]},"properties":{"id":"96007C","name":"CREEK FORK","mvum_symbol_name":"Roads open to highway legal vehicles only, Yearlong","surfacetype":"IMP - IMPROVED NATIVE MATERIAL","seasonal":"yearlong","passengervehicle":"open","passengervehicle_datesopen":"01/01-12/31","highclearancevehicle":"open","highclearancevehicle_datesopen":"01/01-12/31","kind":"road"}},{"type":"Feature","geometry":{"type":"MultiLineString","coordinates":[[[-93.55416,35.19842],[-93.55385,35.19855],[-93.55362,35.19853],[-93.55352,35.1987],[-93.55349,35.19893],[-93.55339,35.19912],[-93.55336,35.19929],[-93.55343,35.1994],[-93.55346,35.1996],[-93.55344,35.1998],[-93.55351,35.20008],[-93.55353,35.20073],[-93.55346,35.20092],[-93.55309,35.20135],[-93.55299,35.20152],[-93.55286,35.20177],[-93.55286,35.20198],[-93.55264,35.20226],[-93.55242,35.20244]]]},"properties":{"id":"96065G","mvum_symbol_name":"Roads open to all Vehicles, Yearlong","surfacetype":"NAT - NATIVE MATERIAL","seasonal":"yearlong","passengervehicle":"open","passengervehicle_datesopen":"01/01-12/31","highclearancevehicle":"open","highclearancevehicle_datesopen":"01/01-12/31","atv":"open","atv_datesopen":"01/01-12/31","motorcycle":"open","motorcycle_datesopen":"01/01-12/31","kind":"road"}},{"type":"Feature","geometry":{"type":"MultiLineString","coordinates":[[[-93.54945,35.23083],[-93.54936,35.23096],[-93.54934,35.23107],[-93.54914,35.23132],[-93.54847,35.23202],[-93.54748,35.23313],[-93.54705,35.23348],[-93.54681,35.23383]]]},"properties":{"id":"96033H","mvum_symbol_name":"Roads open to highway legal vehicles only, Yearlong","surfacetype":"NAT - NATIVE MATERIAL","seasonal":"yearlong","passengervehicle":"open","passengervehicle_datesopen":"01/01-12/31","highclearancevehicle":"open","highclearancevehicle_datesopen":"01/01-12/31","kind":"road"}},{"type":"Feature","geometry":{"type":"MultiLineString","coordinates":[[[-93.58107,35.24859],[-93.58153,35.24888],[-93.58176,35.2491],[-93.5825,35.25027]]]},"properties":{"id":"96044B","mvum_symbol_name":"Roads open to highway legal vehicles only, Yearlong","surfacetype":"NAT - NATIVE MATERIAL","seasonal":"yearlong","passengervehicle":"open","passengervehicle_datesopen":"01/01-12/31","highclearancevehicle":"open","highclearancevehicle_datesopen":"01/01-12/31","kind":"road"}},{"type":"Feature","geometry":{"type":"MultiLineString","coordinates":[[[-93.54385,35.19588],[-93.54402,35.19618],[-93.54419,35.1968],[-93.54415,35.19713],[-93.54415,35.1977]]]},"properties":{"id":"96062D","mvum_symbol_name":"Roads open to all Vehicles, Yearlong","surfacetype":"NAT - NATIVE MATERIAL","seasonal":"yearlong","passengervehicle":"open","passengervehicle_datesopen":"01/01-12/31","highclearancevehicle":"open","highclearancevehicle_datesopen":"01/01-12/31","atv":"open","atv_datesopen":"01/01-12/31","motorcycle":"open","motorcycle_datesopen":"01/01-12/31","kind":"road"}},{"type":"Feature","geometry":{"type":"MultiLineString","coordinates":[[[-93.47728,35.18845],[-93.47743,35.18984],[-93.47727,35.19066],[-93.47715,35.19174],[-93.47716,35.19251],[-93.47721,35.19281],[-93.47727,35.19302],[-93.47752,35.1933],[-93.47762,35.1935],[-93.47783,35.19472],[-93.4779,35.19493],[-93.47821,35.19527],[-93.47839,35.19571],[-93.47891,35.19638],[-93.47896,35.19661],[-93.47894,35.19677],[-93.47872,35.19725],[-93.47868,35.19743],[-93.47865,35.19794],[-93.4786,35.19823],[-93.47831,35.19919],[-93.47825,35.19946],[-93.47826,35.19981],[-93.47823,35.19994],[-93.47803,35.20013],[-93.47793,35.20031],[-93.47781,35.20069],[-93.47726,35.20121],[-93.47642,35.20174],[-93.4761,35.20175],[-93.47588,35.2018],[-93.4757,35.2019],[-93.47563,35.202],[-93.47556,35.20228],[-93.47544,35.20251],[-93.47529,35.20268],[-93.4752,35.20286],[-93.47516,35.20306],[-93.47466,35.20437],[-93.47435,35.20504],[-93.47433,35.20531],[-93.47439,35.20561],[-93.47483,35.20636],[-93.47504,35.20667],[-93.4754,35.20709],[-93.47582,35.20769],[-93.47587,35.208],[-93.47589,35.20866],[-93.47594,35.20885],[-93.47604,35.209],[-93.47638,35.20917],[-93.47685,35.20924],[-93.47737,35.20966],[-93.47772,35.21057],[-93.47779,35.21062],[-93.47815,35.21074],[-93.47837,35.21098],[-93.47849,35.21127],[-93.47837,35.21139],[-93.47801,35.21152],[-93.47706,35.21155],[-93.47687,35.21161],[-93.47659,35.21181],[-93.4763,35.21207],[-93.47615,35.21227],[-93.47587,35.21291],[-93.47574,35.213],[-93.47553,35.21304],[-93.47477,35.21303],[-93.47452,35.21312],[-93.47412,35.2134],[-93.47327,35.2139],[-93.47301,35.21419],[-93.4729,35.2144],[-93.47284,35.21462],[-93.47282,35.215],[-93.47275,35.21513],[-93.47187,35.21544],[-93.47168,35.21555],[-93.47127,35.21592],[-93.47086,35.21618],[-93.47055,35.21635],[-93.47026,35.21643],[-93.46978,35.21648],[-93.46925,35.21639],[-93.46909,35.2164],[-93.46885,35.21651],[-93.46872,35.21666],[-93.46863,35.21711],[-93.46849,35.21734],[-93.4682,35.21765],[-93.46799,35.21778],[-93.46729,35.21801],[-93.46696,35.2182],[-93.46646,35.2184],[-93.46607,35.21861],[-93.46577,35.21888],[-93.4655,35.21927]]]},"properties":{"id":"1653","name":"SMOLUCK","mvum_symbol_name":"Roads open to all Vehicles, Seasonal","surfacetype":"NAT - NATIVE MATERIAL","seasonal":"seasonal","passengervehicle":"open","passengervehicle_datesopen":"06/01-03/31","highclearancevehicle":"open","highclearancevehicle_datesopen":"06/01-03/31","atv":"open","atv_datesopen":"06/01-03/31","motorcycle":"open","motorcycle_datesopen":"06/01-03/31","kind":"road"}},{"type":"Feature","geometry":{"type":"MultiLineString","coordinates":[[[-93.56459,35.17522],[-93.56409,35.17509],[-93.5639,35.17495],[-93.56366,35.17471],[-93.56299,35.17431],[-93.56276,35.17423],[-93.56256,35.17422],[-93.5618,35.17451],[-93.56116,35.17479],[-93.56068,35.17508],[-93.56049,35.17513],[-93.56022,35.17515],[-93.55956,35.1751],[-93.5584,35.17495],[-93.55833,35.17493],[-93.55824,35.17483],[-93.5577,35.17411],[-93.55742,35.17328],[-93.55759,35.17275],[-93.55784,35.17249],[-93.55794,35.17233],[-93.55859,35.17189],[-93.55952,35.1715],[-93.56037,35.17123],[-93.56079,35.17118],[-93.56149,35.17133],[-93.56186,35.17137],[-93.56214,35.17133],[-93.56279,35.1711],[-93.56321,35.17087],[-93.56339,35.17045],[-93.56338,35.17001],[-93.56305,35.16931],[-93.56298,35.16891],[-93.56283,35.16842]]]},"properties":{"id":"96063B","mvum_symbol_name":"Roads open to highway legal vehicles only, Yearlong","surfacetype":"NAT - NATIVE MATERIAL","seasonal":"yearlong","passengervehicle":"open","passengervehicle_datesopen":"01/01-12/31","highclearancevehicle":"open","highclearancevehicle_datesopen":"01/01-12/31","kind":"road"}},{"type":"Feature","geometry":{"type":"MultiLineString","coordinates":[[[-93.62902,35.24671],[-93.62819,35.24548],[-93.62762,35.24495],[-93.62729,35.24487],[-93.62648,35.24499],[-93.62589,35.24497],[-93.62506,35.24481],[-93.625,35.24458],[-93.62483,35.24426],[-93.62472,35.24391],[-93.62452,35.24376],[-93.62442,35.24352],[-93.62429,35.24336],[-93.62401,35.24282],[-93.62391,35.24237],[-93.62372,35.24193],[-93.62323,35.24125],[-93.6231,35.24057],[-93.62308,35.24025],[-93.62311,35.23973],[-93.62297,35.23936],[-93.6226,35.23905],[-93.62203,35.23879],[-93.62073,35.23808],[-93.62032,35.23799],[-93.61954,35.23821],[-93.61889,35.23851],[-93.61862,35.2386],[-93.61796,35.23871],[-93.61765,35.23859],[-93.61739,35.2381],[-93.6171,35.2377],[-93.61668,35.23738],[-93.61602,35.23707],[-93.61532,35.23688],[-93.61484,35.23684],[-93.61395,35.237],[-93.61334,35.23726],[-93.61285,35.23757],[-93.61237,35.238],[-93.61105,35.2386],[-93.61081,35.23866],[-93.61027,35.23871],[-93.60905,35.23927],[-93.60863,35.23935],[-93.60841,35.23931],[-93.60753,35.23856],[-93.60688,35.23818],[-93.60651,35.23779],[-93.60619,35.23727],[-93.60582,35.23647],[-93.60523,35.23563],[-93.60442,35.235],[-93.60396,35.23432],[-93.60385,35.23409],[-93.60365,35.23351],[-93.60338,35.23305],[-93.60334,35.2328],[-93.60339,35.23257],[-93.60329,35.2316],[-93.60337,35.23139],[-93.60341,35.23107],[-93.6035,35.23083],[-93.60381,35.23035],[-93.60438,35.22981],[-93.60466,35.229],[-93.60519,35.22869],[-93.60566,35.22863],[-93.60593,35.22868],[-93.60652,35.22898],[-93.60695,35.22904],[-93.60764,35.22903],[-93.60802,35.22889],[-93.60854,35.22802],[-93.60863,35.22779],[-93.60873,35.22738],[-93.60874,35.22727],[-93.60863,35.22696],[-93.60824,35.22638],[-93.60824,35.22579],[-93.60835,35.22554],[-93.60868,35.22508],[-93.60892,35.22488],[-93.6092,35.22471],[-93.60977,35.2242],[-93.61047,35.22389],[-93.61062,35.22372],[-93.61066,35.22355],[-93.61065,35.22338],[-93.61049,35.22297],[-93.61037,35.22275],[-93.61018,35.22258],[-93.61006,35.22241],[-93.60998,35.22223],[-93.60977,35.22193],[-93.60964,35.22161],[-93.60956,35.22147],[-93.60957,35.22116],[-93.60962,35.22101],[-93.60968,35.2203],[-93.60964,35.22003],[-93.60955,35.21968],[-93.6094,35.2194],[-93.60917,35.21908],[-93.60902,35.21867],[-93.60908,35.21851],[-93.60945,35.21807],[-93.60959,35.21754],[-93.60957,35.21717],[-93.60959,35.21678],[-93.60968,35.21654],[-93.60962,35.2162],[-93.60942,35.21587],[-93.60931,35.21558],[-93.60918,35.21535],[-93.60907,35.21487],[-93.60884,35.21446],[-93.60885,35.214],[-93.60898,35.21329],[-93.60852,35.21277],[-93.60818,35.21221],[-93.60809,35.21202],[-93.60809,35.2114],[-93.60805,35.21117],[-93.60781,35.21087],[-93.6075,35.21026],[-93.60738,35.2093],[-93.60737,35.20891],[-93.60729,35.20871],[-93.60726,35.20849],[-93.60699,35.20782],[-93.60698,35.20758],[-93.60712,35.20747],[-93.60707,35.20719],[-93.60698,35.20699],[-93.60684,35.20681],[-93.60674,35.20655],[-93.60676,35.20582],[-93.60697,35.20531],[-93.60683,35.20517],[-93.60675,35.20502],[-93.60676,35.20483],[-93.607,35.2045],[-93.60701,35.20437],[-93.6068,35.2038],[-93.60663,35.20355],[-93.60627,35.20324],[-93.60559,35.20291],[-93.60531,35.20291],[-93.60516,35.20305],[-93.60515,35.20326],[-93.60506,35.20355],[-93.60492,35.20374],[-93.60474,35.20382],[-93.60447,35.20386],[-93.60355,35.20428],[-93.60303,35.2044],[-93.60284,35.20447],[-93.60245,35.20469],[-93.60205,35.20506],[-93.60152,35.20522],[-93.6006,35.2053],[-93.60013,35.2051],[-93.59984,35.20469],[-93.59969,35.20457],[-93.59938,35.20452],[-93.59904,35.20435]]]},"properties":{"id":"1665","name":"BRAMLETT","mvum_symbol_name":"Roads open to all Vehicles, Yearlong","surfacetype":"IMP - IMPROVED NATIVE MATERIAL","seasonal":"yearlong","passengervehicle":"open","passengervehicle_datesopen":"01/01-12/31","highclearancevehicle":"open","highclearancevehicle_datesopen":"01/01-12/31","atv":"open","atv_datesopen":"01/01-12/31","motorcycle":"open","motorcycle_datesopen":"01/01-12/31","kind":"road"}},{"type":"Feature","geometry":{"type":"MultiLineString","coordinates":[[[-93.59364,35.17549],[-93.59353,35.17576],[-93.59355,35.17585],[-93.59352,35.17594],[-93.59343,35.17604],[-93.59325,35.1761],[-93.59304,35.17623],[-93.59267,35.17695],[-93.59237,35.17709]]]},"properties":{"id":"1638","name":"STATE HORSE CAMP","mvum_symbol_name":"Roads open to highway legal vehicles only, Yearlong","surfacetype":"NAT - NATIVE MATERIAL","seasonal":"yearlong","passengervehicle":"open","passengervehicle_datesopen":"01/01-12/31","highclearancevehicle":"open","highclearancevehicle_datesopen":"01/01-12/31","kind":"road"}},{"type":"Feature","geometry":{"type":"MultiLineString","coordinates":[[[-93.65636,35.21497],[-93.65613,35.21451],[-93.65596,35.21428],[-93.65569,35.21405],[-93.65554,35.21396],[-93.65544,35.21383],[-93.6553,35.21375],[-93.65417,35.21357],[-93.65354,35.21356],[-93.6534,35.21359],[-93.65257,35.2135],[-93.65066,35.21344],[-93.64998,35.21346],[-93.64896,35.2134],[-93.649,35.21336],[-93.64899,35.2126],[-93.64912,35.2119],[-93.64937,35.21141],[-93.64973,35.21092],[-93.64988,35.21055],[-93.65017,35.2102],[-93.65048,35.20991],[-93.65124,35.2095],[-93.65197,35.20935],[-93.65245,35.20931],[-93.65264,35.20921],[-93.65277,35.20907],[-93.6529,35.20876],[-93.65292,35.20822],[-93.65298,35.20769],[-93.65316,35.20707],[-93.6531,35.20668],[-93.653,35.20645],[-93.65302,35.20629],[-93.6532,35.20553],[-93.65352,35.20519]]]},"properties":{"id":"1631C","mvum_symbol_name":"Roads open to highway legal vehicles only, Yearlong","surfacetype":"NAT - NATIVE MATERIAL","seasonal":"yearlong","passengervehicle":"open","passengervehicle_datesopen":"01/01-12/31","highclearancevehicle":"open","highclearancevehicle_datesopen":"01/01-12/31","kind":"road"}}]}