{"type":"FeatureCollection","features":[{"type":"Feature","geometry":{"type":"LineString","coordinates":[[-93.54786,35.13242],[-93.548,35.13267],[-93.54809,35.13288],[-93.54812,35.13305],[-93.54816,35.13378],[-93.54815,35.13443],[-93.54814,35.13491],[-93.5481,35.13672],[-93.54807,35.13865],[-93.54802,35.14054],[-93.548,35.14078],[-93.54793,35.1411],[-93.54775,35.14156],[-93.54743,35.14217],[-93.54726,35.14244],[-93.54691,35.14274],[-93.54664,35.14293],[-93.54646,35.14306],[-93.54637,35.14321],[-93.54635,35.14339],[-93.54637,35.14351],[-93.54641,35.14359],[-93.5465,35.14368],[-93.54663,35.14375],[-93.54736,35.14383],[-93.54763,35.14384],[-93.54795,35.14374],[-93.54821,35.14361],[-93.54841,35.14355],[-93.54859,35.14351],[-93.54875,35.14351],[-93.54897,35.14357],[-93.54909,35.14363],[-93.54938,35.14383],[-93.54954,35.14394],[-93.54965,35.144],[-93.54975,35.14403],[-93.54987,35.14403],[-93.54998,35.14401],[-93.55023,35.14391],[-93.55041,35.1438],[-93.55059,35.1436],[-93.55082,35.1434],[-93.55105,35.14324],[-93.55126,35.14311],[-93.55144,35.14305],[-93.55168,35.143],[-93.55198,35.143],[-93.55234,35.14301],[-93.55269,35.14305],[-93.55315,35.14314],[-93.55397,35.14337],[-93.55441,35.14346],[-93.55501,35.14354],[-93.55527,35.14354],[-93.55554,35.14349],[-93.55574,35.1435],[-93.55598,35.14353],[-93.55619,35.14358],[-93.55653,35.14371],[-93.55683,35.14385],[-93.55709,35.14398],[-93.55728,35.14407],[-93.55752,35.14415],[-93.55781,35.14422],[-93.5581,35.1443],[-93.55834,35.14439],[-93.55855,35.1445],[-93.55894,35.14471],[-93.55927,35.14486],[-93.55965,35.14504],[-93.56002,35.14519],[-93.56054,35.14543],[-93.56094,35.14561],[-93.56113,35.14571],[-93.56139,35.14587],[-93.56244,35.14665],[-93.56256,35.14676],[-93.56266,35.14689],[-93.56273,35.14706],[-93.56276,35.14735],[-93.56274,35.14755],[-93.56268,35.14765],[-93.5624,35.14801],[-93.56227,35.1482],[-93.56222,35.14834],[-93.56217,35.14852],[-93.56219,35.14875],[-93.5623,35.149],[-93.56248,35.14921],[-93.5627,35.14939],[-93.56336,35.14996],[-93.56348,35.15009],[-93.56357,35.15023],[-93.5636,35.15034],[-93.56361,35.15049],[-93.56356,35.15063],[-93.56347,35.15076],[-93.56322,35.15101],[-93.5631,35.15119],[-93.56305,35.15129],[-93.56306,35.15139],[-93.5631,35.15149],[-93.56322,35.15161],[-93.56338,35.15167],[-93.56354,35.15169],[-93.56374,35.15167],[-93.56395,35.15162],[-93.56417,35.15155],[-93.56493,35.15136],[-93.56555,35.15117],[-93.56586,35.1511],[-93.56618,35.15108],[-93.56694,35.15111],[-93.56719,35.15112],[-93.57029,35.15127],[-93.57111,35.15134],[-93.57147,35.1514],[-93.57176,35.1515],[-93.57199,35.15163],[-93.57218,35.15175],[-93.57233,35.15192],[-93.57268,35.15276],[-93.5729,35.15335],[-93.57311,35.15386],[-93.57323,35.15405],[-93.57334,35.15416],[-93.57348,35.15425],[-93.5737,35.15432],[-93.57395,35.15438],[-93.57448,35.15448],[-93.57479,35.15461],[-93.57517,35.15483],[-93.57633,35.15569],[-93.57676,35.15607],[-93.57694,35.15627],[-93.57707,35.15638],[-93.57722,35.15648],[-93.57798,35.15659],[-93.57864,35.15665],[-93.57918,35.15665],[-93.57966,35.15662],[-93.57984,35.15656],[-93.58057,35.15634],[-93.58146,35.15605],[-93.5819,35.15593],[-93.58222,35.15592],[-93.58238,35.15594],[-93.58243,35.15595],[-93.58267,35.15604],[-93.58285,35.15622],[-93.58413,35.15804],[-93.58474,35.15896],[-93.58492,35.15916],[-93.58513,35.15931],[-93.58529,35.15939],[-93.5856,35.15947],[-93.58611,35.15944],[-93.58646,35.15943],[-93.58662,35.15944],[-93.5869,35.15949],[-93.5873,35.15966],[-93.5877,35.15989],[-93.58804,35.16004],[-93.58832,35.1601],[-93.58864,35.16015],[-93.58897,35.16011],[-93.58914,35.16006],[-93.58931,35.15998],[-93.59011,35.15953],[-93.59098,35.15914],[-93.59142,35.15895],[-93.59188,35.15879],[-93.59206,35.15875],[-93.59229,35.15876],[-93.59252,35.1588],[-93.59273,35.15884],[-93.59291,35.15885],[-93.59314,35.15883],[-93.5935,35.15873],[-93.5935,35.15873],[-93.59369,35.15867],[-93.59405,35.15859],[-93.59423,35.15859],[-93.59456,35.15863],[-93.59491,35.15868],[-93.59525,35.15868],[-93.59565,35.15869],[-93.59639,35.15874],[-93.59689,35.15876],[-93.5974,35.15873],[-93.59868,35.1586],[-93.59919,35.15853],[-93.59969,35.15848],[-93.60034,35.15842],[-93.60283,35.15841],[-93.60335,35.15841],[-93.6038,35.15844],[-93.60437,35.15851],[-93.60491,35.15856],[-93.60518,35.15856],[-93.60543,35.15854],[-93.6057,35.1585],[-93.60592,35.1585],[-93.60606,35.15855],[-93.60612,35.1586],[-93.60616,35.1587],[-93.60617,35.15878],[-93.60609,35.15892],[-93.60599,35.15899],[-93.60575,35.15904],[-93.60439,35.15926],[-93.60266,35.15951],[-93.60158,35.15971],[-93.60085,35.15987],[-93.59981,35.1602],[-93.59946,35.1603],[-93.59912,35.16036],[-93.59845,35.16053],[-93.59774,35.16065],[-93.59716,35.16076],[-93.59661,35.16096],[-93.59562,35.16142],[-93.59535,35.16155],[-93.59382,35.162],[-93.5929,35.1623],[-93.59244,35.16249],[-93.59223,35.16258],[-93.59206,35.16269],[-93.59199,35.16277],[-93.59196,35.16284],[-93.59197,35.16294],[-93.59199,35.16304],[-93.59206,35.16311],[-93.59214,35.16315],[-93.59226,35.16318],[-93.59244,35.16316],[-93.59374,35.16274],[-93.59427,35.16258],[-93.59488,35.16245],[-93.59562,35.16235],[-93.59731,35.16216],[-93.59845,35.16203],[-93.59921,35.16193],[-93.60022,35.16178],[-93.60101,35.16166],[-93.6014,35.16161],[-93.60161,35.1616],[-93.60189,35.16159],[-93.60383,35.16173],[-93.60547,35.16187],[-93.6063,35.16194],[-93.60669,35.16201],[-93.6073,35.16217],[-93.6081,35.16249],[-93.60947,35.16318],[-93.61193,35.16446],[-93.61275,35.16487],[-93.61376,35.16543],[-93.61405,35.16564],[-93.61422,35.1658],[-93.61457,35.16623],[-93.615,35.16688],[-93.61521,35.16709],[-93.61547,35.16723],[-93.61571,35.16731],[-93.61635,35.16747],[-93.61707,35.16764],[-93.61755,35.16775],[-93.61782,35.16777],[-93.61825,35.16773],[-93.6186,35.16766],[-93.62039,35.16714],[-93.62075,35.16705],[-93.62106,35.16702],[-93.62127,35.16704],[-93.62142,35.16709],[-93.62155,35.16716],[-93.62167,35.16728],[-93.62171,35.16738],[-93.62171,35.16753],[-93.62169,35.16795],[-93.62161,35.16894],[-93.62158,35.16933],[-93.62149,35.16959],[-93.62079,35.1711],[-93.62001,35.17276],[-93.61977,35.17314],[-93.61954,35.17342],[-93.61924,35.17368],[-93.61866,35.17412],[-93.61828,35.1744],[-93.61754,35.17495],[-93.61662,35.17559],[-93.61622,35.17582],[-93.61584,35.17601],[-93.61549,35.17615],[-93.61512,35.17626],[-93.61469,35.17635],[-93.61362,35.17649],[-93.6114,35.17674],[-93.60973,35.17684],[-93.60636,35.17705],[-93.60396,35.17718],[-93.60369,35.17719],[-93.60328,35.17717],[-93.60275,35.17712],[-93.60218,35.17702],[-93.59839,35.17633],[-93.59411,35.17557],[-93.59328,35.17544],[-93.59287,35.17543],[-93.59067,35.17562],[-93.5901,35.17567],[-93.58947,35.1758],[-93.5889,35.17599],[-93.5881,35.17633],[-93.58713,35.17668],[-93.58666,35.17682],[-93.58458,35.1772],[-93.584,35.17734],[-93.58357,35.17753],[-93.58256,35.17826],[-93.58195,35.17874],[-93.58179,35.17893],[-93.58173,35.17907],[-93.58171,35.17919],[-93.58174,35.17934],[-93.58181,35.1795],[-93.58196,35.17966],[-93.58214,35.17976],[-93.58255,35.17984],[-93.58387,35.1799],[-93.58498,35.17996],[-93.58545,35.18002],[-93.58598,35.18014],[-93.5875,35.18053],[-93.58796,35.18061],[-93.58847,35.18066],[-93.5895,35.18071],[-93.59006,35.18075],[-93.59044,35.18082],[-93.59259,35.18151],[-93.59526,35.18235],[-93.59762,35.18309],[-93.59843,35.18336],[-93.59891,35.18353],[-93.59936,35.18374],[-93.6,35.18412],[-93.60031,35.18425],[-93.60046,35.1843],[-93.60075,35.18432],[-93.60099,35.18428],[-93.60132,35.18421],[-93.60169,35.18407],[-93.60213,35.18391],[-93.60263,35.18377],[-93.6029,35.18373],[-93.60323,35.18374],[-93.60354,35.18379],[-93.60383,35.18388],[-93.60657,35.18502],[-93.60685,35.18508],[-93.60714,35.18509],[-93.60753,35.18506],[-93.60786,35.18502],[-93.6081,35.18503],[-93.6084,35.18509],[-93.60901,35.18523],[-93.6094,35.1853],[-93.6098,35.18527],[-93.61027,35.18519],[-93.61051,35.18518],[-93.61076,35.18519],[-93.61102,35.18524],[-93.61126,35.18533],[-93.61163,35.18555],[-93.61205,35.18573],[-93.61235,35.1858],[-93.61256,35.18583],[-93.614,35.18573],[-93.61494,35.18566],[-93.61539,35.18559],[-93.61591,35.1854],[-93.61625,35.18526],[-93.61655,35.1852],[-93.61667,35.18519],[-93.61689,35.18522],[-93.61717,35.18532],[-93.61733,35.18543],[-93.61754,35.18567],[-93.61806,35.18637],[-93.61844,35.18672],[-93.61871,35.18684],[-93.61913,35.18694],[-93.61965,35.18701],[-93.6203,35.1871],[-93.62075,35.18718],[-93.62103,35.18728],[-93.62134,35.18744],[-93.62158,35.18763],[-93.62182,35.18789],[-93.62196,35.18814],[-93.62206,35.1884],[-93.62209,35.18884],[-93.62214,35.18914],[-93.62221,35.18942],[-93.6224,35.18982],[-93.62265,35.19012],[-93.62303,35.19037],[-93.62347,35.19059],[-93.62808,35.1927],[-93.63028,35.19373],[-93.63043,35.19382],[-93.63079,35.19403],[-93.63099,35.19418],[-93.63336,35.19598],[-93.63412,35.19658],[-93.63436,35.19681],[-93.63453,35.19701],[-93.63468,35.19727],[-93.63477,35.19747],[-93.63484,35.19775],[-93.63486,35.19804],[-93.63486,35.19885],[-93.63477,35.2017],[-93.63469,35.20484],[-93.63462,35.20785],[-93.63457,35.21092],[-93.63458,35.21331],[-93.63459,35.21357],[-93.63458,35.21377],[-93.63448,35.21407],[-93.63429,35.2144],[-93.63357,35.21519],[-93.63174,35.21707],[-93.63141,35.21747],[-93.63132,35.21764],[-93.6313,35.21778],[-93.63128,35.21793],[-93.63129,35.21809],[-93.63137,35.21831],[-93.63149,35.21865],[-93.63153,35.2188],[-93.6315,35.219],[-93.63142,35.21921],[-93.63118,35.21947],[-93.6308,35.21986],[-93.6306,35.2201],[-93.63052,35.22024],[-93.63044,35.2204],[-93.63041,35.22052],[-93.6304,35.22179],[-93.63043,35.22202],[-93.63049,35.2222],[-93.63059,35.22238],[-93.63073,35.22252],[-93.63086,35.22263],[-93.631,35.22272],[-93.63129,35.22283],[-93.63181,35.22298],[-93.6322,35.22309],[-93.63241,35.2232],[-93.63261,35.22333],[-93.63278,35.22352],[-93.63302,35.2239],[-93.63324,35.22428],[-93.63372,35.22481],[-93.63401,35.22509],[-93.63417,35.2253],[-93.63429,35.22551],[-93.63444,35.2259],[-93.63479,35.22705],[-93.63507,35.22787],[-93.63516,35.2281],[-93.6358,35.22899],[-93.63595,35.22918],[-93.63615,35.22931],[-93.63626,35.22937],[-93.63656,35.22948],[-93.63683,35.22959],[-93.63698,35.22974],[-93.63709,35.22989],[-93.63713,35.23009],[-93.63711,35.23025],[-93.63704,35.23043],[-93.63675,35.23086],[-93.63661,35.23102],[-93.63643,35.23114],[-93.63629,35.23119],[-93.6358,35.23132],[-93.63524,35.23137],[-93.63464,35.23139],[-93.6342,35.23138],[-93.63385,35.2313],[-93.63291,35.23099],[-93.63268,35.23093],[-93.63187,35.23089],[-93.63129,35.23091],[-93.63103,35.23095],[-93.63084,35.23102],[-93.63065,35.23112],[-93.63063,35.23114],[-93.6305,35.23123],[-93.63021,35.23155],[-93.62924,35.23275],[-93.62901,35.23302],[-93.62898,35.23312],[-93.62897,35.23319],[-93.62899,35.23327],[-93.62904,35.23334],[-93.62911,35.23342],[-93.62924,35.23352],[-93.63055,35.23445],[-93.63133,35.23502],[-93.63171,35.23525],[-93.63233,35.23553],[-93.63273,35.23566],[-93.6338,35.23589],[-93.63414,35.23598],[-93.63462,35.23613],[-93.63528,35.2365],[-93.63571,35.23682],[-93.63598,35.237],[-93.63622,35.23722],[-93.63666,35.23772],[-93.6376,35.23903],[-93.63838,35.24012]]},"properties":{"layer":"roads_100ft_buffer","name":"AR Hwy 309","description":"AGFC WMA road AR Hwy 309 (Paved, Other). 100-ft no-hunt setback applies. Source: AGFC FeatureServer/8.","ftype":"Paved","owner":"Other","feature_role":"road_centerline"}},{"type":"Feature","geometry":{"type":"MultiLineString","coordinates":[[[-93.41642,35.22567],[-93.41642,35.22581]],[[-93.41642,35.22581],[-93.41657,35.22567],[-93.41676,35.2256],[-93.41717,35.22557],[-93.41773,35.22551],[-93.41831,35.22539],[-93.41917,35.22507],[-93.42089,35.22435],[-93.4216,35.22405],[-93.42284,35.22359],[-93.42498,35.22284],[-93.4277,35.22183],[-93.42813,35.22164],[-93.42849,35.2214],[-93.42968,35.2202],[-93.43035,35.21948],[-93.43095,35.21846],[-93.43233,35.21623],[-93.43295,35.21523],[-93.43369,35.21379],[-93.43435,35.21241],[-93.43519,35.21071],[-93.43568,35.2097],[-93.43606,35.20911],[-93.43615,35.20896],[-93.43626,35.20874],[-93.43644,35.20853],[-93.43661,35.20835],[-93.43695,35.20813],[-93.43889,35.20705],[-93.43964,35.20657],[-93.4399,35.20631],[-93.44004,35.20606],[-93.44019,35.20562],[-93.44034,35.20447],[-93.44034,35.20426],[-93.44045,35.20393],[-93.44065,35.20365],[-93.44116,35.203],[-93.44166,35.20226],[-93.44202,35.20166],[-93.44247,35.20148],[-93.44321,35.20121],[-93.44382,35.20089],[-93.44437,35.20048],[-93.44466,35.2003],[-93.44478,35.20014],[-93.44493,35.19993],[-93.44503,35.19965],[-93.44528,35.19927],[-93.44547,35.199],[-93.4457,35.19881],[-93.44614,35.19858],[-93.44705,35.19823],[-93.44744,35.19809],[-93.44809,35.19798],[-93.44861,35.19795],[-93.44908,35.19778],[-93.44994,35.1973],[-93.4514,35.19646],[-93.45236,35.19597],[-93.45301,35.19539],[-93.45363,35.19488],[-93.45459,35.19455],[-93.45571,35.19413],[-93.45646,35.19369],[-93.45683,35.1934],[-93.45712,35.19312],[-93.45725,35.19289],[-93.4574,35.19267],[-93.45761,35.19247],[-93.45779,35.19233],[-93.45803,35.19224],[-93.45836,35.19221],[-93.4586,35.1923],[-93.45881,35.19233],[-93.45897,35.19233],[-93.45912,35.19229],[-93.45919,35.19222],[-93.45925,35.19212],[-93.45926,35.19196],[-93.45918,35.19186],[-93.45903,35.19181],[-93.45881,35.19177],[-93.4585,35.19173],[-93.45829,35.19167],[-93.45804,35.19158],[-93.45787,35.19145],[-93.4577,35.19133],[-93.45758,35.19122],[-93.45743,35.19108],[-93.45731,35.19098],[-93.45715,35.19084],[-93.45702,35.19075],[-93.45688,35.19065],[-93.45662,35.19046],[-93.45618,35.19022],[-93.45558,35.18981],[-93.45515,35.18947],[-93.45456,35.18889],[-93.45404,35.1884],[-93.45341,35.18788],[-93.45305,35.18741],[-93.45278,35.18705],[-93.45269,35.18685]],[[-93.41642,35.22581],[-93.41642,35.22597],[-93.4164,35.22631],[-93.4164,35.22726],[-93.41637,35.22759],[-93.41631,35.22783],[-93.41619,35.22806],[-93.41581,35.22866],[-93.41529,35.22954],[-93.41498,35.23016],[-93.41477,35.23068],[-93.4147,35.23098],[-93.41464,35.232],[-93.41463,35.233],[-93.41486,35.23561],[-93.41519,35.24013],[-93.41529,35.24125],[-93.41529,35.24204],[-93.41505,35.24434],[-93.41497,35.24552],[-93.4149,35.24674],[-93.41483,35.24716],[-93.41472,35.24738],[-93.41449,35.2476],[-93.41421,35.24778],[-93.41399,35.24793],[-93.4137,35.24815],[-93.41355,35.24834],[-93.41342,35.24862],[-93.41326,35.24907],[-93.41302,35.24948],[-93.41275,35.24987],[-93.41254,35.25016],[-93.41243,35.25039],[-93.41229,35.25094],[-93.41188,35.25206],[-93.41162,35.25285],[-93.41156,35.25315],[-93.41152,35.25398],[-93.41142,35.25433],[-93.41124,35.25451],[-93.41093,35.25467],[-93.41021,35.25497],[-93.40973,35.25523],[-93.40936,35.25551],[-93.40912,35.25579],[-93.40892,35.25614],[-93.40877,35.25651],[-93.40869,35.25683],[-93.40873,35.25723],[-93.40882,35.25746],[-93.40893,35.25761],[-93.40935,35.25803],[-93.40993,35.25853],[-93.41088,35.25909],[-93.41206,35.25982],[-93.41272,35.26029],[-93.41309,35.26048],[-93.41348,35.26057],[-93.41417,35.26069],[-93.41515,35.26089],[-93.41557,35.26101],[-93.41588,35.26118],[-93.41621,35.26145],[-93.41633,35.26162],[-93.41695,35.26328],[-93.41753,35.26483],[-93.41812,35.26618],[-93.41875,35.26733],[-93.41912,35.26792],[-93.41922,35.26818],[-93.41931,35.26844],[-93.41946,35.26873],[-93.41943,35.26912],[-93.41939,35.26968],[-93.41938,35.27014],[-93.41943,35.27085],[-93.41937,35.27125],[-93.41921,35.27166],[-93.41881,35.27236],[-93.41863,35.27272]]]},"properties":{"layer":"roads_100ft_buffer","name":"Spring Lake Road","description":"AGFC WMA road Spring Lake Road (Gravel, USFS). 100-ft no-hunt setback applies. Source: AGFC FeatureServer/8.","ftype":"Gravel","owner":"USFS","feature_role":"road_centerline"}},{"type":"Feature","geometry":{"type":"LineString","coordinates":[[-93.5095,35.1984],[-93.50955,35.19831],[-93.50961,35.19809],[-93.50966,35.19795],[-93.50977,35.19778],[-93.50984,35.19767],[-93.50991,35.19755],[-93.51,35.19742],[-93.51008,35.19733],[-93.51021,35.1972],[-93.5105,35.19698],[-93.51178,35.19609],[-93.51204,35.1959],[-93.51217,35.19578],[-93.51223,35.1957],[-93.51228,35.19562],[-93.51229,35.19551],[-93.51229,35.19538],[-93.51196,35.19489],[-93.51172,35.19456],[-93.51157,35.19434],[-93.51151,35.19422],[-93.5115,35.19411],[-93.51153,35.19353],[-93.51154,35.19319],[-93.51155,35.19306],[-93.5116,35.19267],[-93.51165,35.19234],[-93.51167,35.19199],[-93.51166,35.19168],[-93.51163,35.19146],[-93.51153,35.19099],[-93.51132,35.19028],[-93.51116,35.18964],[-93.51106,35.1892],[-93.51102,35.18902],[-93.51102,35.18884],[-93.51105,35.18834],[-93.51107,35.18818],[-93.5111,35.18805],[-93.51116,35.18789],[-93.51137,35.18744],[-93.51164,35.18695],[-93.51169,35.18682],[-93.51173,35.18671],[-93.51176,35.18654],[-93.51179,35.18631],[-93.5118,35.18611],[-93.51177,35.18592],[-93.51171,35.18576],[-93.51161,35.18559],[-93.51145,35.18534],[-93.51104,35.18489],[-93.51073,35.18457],[-93.51038,35.184],[-93.51011,35.18341],[-93.50953,35.18257],[-93.50923,35.1819],[-93.50906,35.18143],[-93.50899,35.18122],[-93.50895,35.18099],[-93.50894,35.18078],[-93.50896,35.1806],[-93.509,35.18029],[-93.50912,35.17976],[-93.50919,35.17944],[-93.50925,35.17923],[-93.50933,35.17904],[-93.50971,35.17851],[-93.51042,35.17774],[-93.51058,35.17759],[-93.51086,35.17737],[-93.5113,35.17711],[-93.51183,35.17682],[-93.51237,35.17653],[-93.51254,35.17642],[-93.51267,35.17632],[-93.51281,35.1762],[-93.51301,35.17596],[-93.51314,35.17581],[-93.51324,35.17565],[-93.51343,35.17539],[-93.51353,35.17526],[-93.51363,35.17516],[-93.51376,35.17505],[-93.51393,35.17496],[-93.51441,35.17475],[-93.51472,35.17462],[-93.51505,35.17452],[-93.5153,35.17447],[-93.51596,35.17439],[-93.51634,35.17434],[-93.51679,35.17425],[-93.51705,35.17416],[-93.5172,35.17408],[-93.51738,35.17395],[-93.51744,35.17391],[-93.51781,35.17363],[-93.51796,35.17351],[-93.51799,35.1734],[-93.51783,35.17325],[-93.51764,35.17322],[-93.51742,35.17326],[-93.51725,35.17337],[-93.5171,35.17343],[-93.51698,35.17345],[-93.5169,35.17345],[-93.51678,35.17342],[-93.51667,35.17335],[-93.51653,35.17321],[-93.51637,35.17296],[-93.51613,35.17269],[-93.51594,35.17252],[-93.51582,35.17244],[-93.51566,35.17238],[-93.51539,35.17231],[-93.51521,35.1723],[-93.51505,35.17232],[-93.5149,35.17237],[-93.51477,35.17244],[-93.51466,35.17254],[-93.51457,35.17265],[-93.51448,35.17271],[-93.51439,35.17275],[-93.51428,35.17277],[-93.51422,35.17277],[-93.51411,35.17275],[-93.51396,35.17269],[-93.51379,35.17258],[-93.51339,35.17225],[-93.51309,35.17197],[-93.51286,35.17176],[-93.51277,35.17165],[-93.51274,35.17159],[-93.51269,35.17146],[-93.51267,35.17134],[-93.51266,35.17112],[-93.51266,35.17087],[-93.51265,35.17052],[-93.51266,35.17042]]},"properties":{"layer":"roads_100ft_buffer","name":"FR 1607","description":"AGFC WMA road FR 1607 (Gravel, USFS). 100-ft no-hunt setback applies. Source: AGFC FeatureServer/8.","ftype":"Gravel","owner":"USFS","feature_role":"road_centerline"}},{"type":"Feature","geometry":{"type":"LineString","coordinates":[[-93.50758,35.14112],[-93.50751,35.14099],[-93.5075,35.14091],[-93.50749,35.14084],[-93.5075,35.14077],[-93.50751,35.1407],[-93.50756,35.14063],[-93.50764,35.14056],[-93.50772,35.14049],[-93.50811,35.14022],[-93.50821,35.14017],[-93.50828,35.14012],[-93.50833,35.14007],[-93.50835,35.14001],[-93.50837,35.13991],[-93.50838,35.1395],[-93.50837,35.13904],[-93.50835,35.13847],[-93.50837,35.13824],[-93.50841,35.13804],[-93.50845,35.13789],[-93.50849,35.1378],[-93.50864,35.13765],[-93.50875,35.13754],[-93.5088,35.13746],[-93.50882,35.13731],[-93.50887,35.13697],[-93.50889,35.13678],[-93.50899,35.13646],[-93.50907,35.13625],[-93.50911,35.13606],[-93.50915,35.13599],[-93.50919,35.13591],[-93.50928,35.13583],[-93.50937,35.13577],[-93.50949,35.13568],[-93.50955,35.13562],[-93.50966,35.13551],[-93.50973,35.13541],[-93.50977,35.13531],[-93.50983,35.13516],[-93.50985,35.13506],[-93.50987,35.13495],[-93.50988,35.13489],[-93.50987,35.13478],[-93.50984,35.13467],[-93.50979,35.13452],[-93.50973,35.13438],[-93.50964,35.13423],[-93.50955,35.13406]]},"properties":{"layer":"roads_100ft_buffer","name":"Watershed Road","description":"AGFC WMA road Watershed Road (Gravel, County). 100-ft no-hunt setback applies. Source: AGFC FeatureServer/8.","ftype":"Gravel","owner":"County","feature_role":"road_centerline"}},{"type":"Feature","geometry":{"type":"LineString","coordinates":[[-93.42345,35.15588],[-93.42326,35.1557],[-93.42301,35.15549],[-93.42293,35.15539],[-93.42284,35.15526],[-93.42281,35.15517],[-93.42287,35.15479],[-93.42294,35.15457],[-93.42303,35.1544],[-93.42323,35.15422],[-93.4234,35.15409],[-93.42361,35.15396],[-93.42379,35.15389],[-93.42406,35.15385],[-93.4243,35.15383],[-93.42447,35.15384],[-93.42459,35.15387],[-93.42467,35.15396],[-93.42482,35.15415],[-93.42504,35.15445],[-93.42511,35.15456],[-93.42521,35.15474],[-93.42531,35.15492],[-93.42546,35.15514],[-93.42553,35.15527]]},"properties":{"layer":"roads_100ft_buffer","name":"County Road 39","description":"AGFC WMA road County Road 39 (Gravel, USFS). 100-ft no-hunt setback applies. Source: AGFC FeatureServer/8.","ftype":"Gravel","owner":"USFS","feature_role":"road_centerline"}},{"type":"Feature","geometry":{"type":"LineString","coordinates":[[-93.51415,35.15234],[-93.51414,35.15233],[-93.51399,35.15227],[-93.51367,35.15214],[-93.51292,35.15183],[-93.51277,35.15177],[-93.51256,35.15173],[-93.51227,35.15169],[-93.51215,35.1517],[-93.51152,35.15175]]},"properties":{"layer":"roads_100ft_buffer","name":"FR 1607","description":"AGFC WMA road FR 1607 (Gravel, USFS). 100-ft no-hunt setback applies. Source: AGFC FeatureServer/8.","ftype":"Gravel","owner":"USFS","feature_role":"road_centerline"}},{"type":"Feature","geometry":{"type":"LineString","coordinates":[[-93.51178,35.15753],[-93.51193,35.15754],[-93.51207,35.15751],[-93.51222,35.15747],[-93.51235,35.15741],[-93.51253,35.15729],[-93.51289,35.1571],[-93.51332,35.15689],[-93.51392,35.15657],[-93.51432,35.15638],[-93.51574,35.1559],[-93.51645,35.15569],[-93.51688,35.1556],[-93.51727,35.15555],[-93.51758,35.15553],[-93.51939,35.15556],[-93.52011,35.15553],[-93.5206,35.15547],[-93.52142,35.15539],[-93.52229,35.15529],[-93.52275,35.15523],[-93.52297,35.1552],[-93.52311,35.15521],[-93.52333,35.15524],[-93.52399,35.15534],[-93.52474,35.15548],[-93.52508,35.15552],[-93.52579,35.15558],[-93.527,35.1557],[-93.5294,35.15588],[-93.52968,35.15589],[-93.52995,35.15587],[-93.53022,35.15583],[-93.53041,35.15581],[-93.53063,35.15583],[-93.53085,35.15586],[-93.53114,35.1559],[-93.53176,35.156],[-93.53205,35.15604],[-93.53245,35.15604],[-93.53292,35.15601],[-93.53343,35.15598],[-93.53385,35.15592],[-93.53407,35.15584],[-93.53437,35.15568],[-93.53456,35.15552],[-93.53476,35.15536],[-93.53497,35.15522],[-93.53516,35.15513],[-93.53548,35.15499],[-93.53581,35.15486],[-93.5362,35.1547],[-93.53689,35.15444],[-93.53732,35.15432],[-93.53763,35.15419],[-93.53794,35.15403],[-93.53832,35.15383],[-93.53855,35.15374],[-93.53883,35.15375],[-93.53922,35.15381],[-93.53942,35.15383],[-93.54028,35.1542],[-93.54076,35.1544],[-93.54089,35.15449],[-93.54099,35.15458],[-93.5412,35.15473],[-93.54152,35.15485],[-93.54207,35.15495],[-93.54248,35.15502],[-93.54297,35.15509],[-93.54326,35.15513],[-93.54355,35.15511],[-93.5438,35.15501],[-93.54396,35.15501],[-93.54467,35.15483],[-93.54525,35.15466],[-93.54558,35.15459],[-93.54591,35.15455],[-93.54644,35.15447],[-93.54675,35.15448],[-93.54706,35.15456],[-93.54728,35.15467],[-93.54761,35.15486],[-93.54783,35.15498],[-93.54845,35.1553],[-93.54928,35.15582],[-93.54993,35.15633],[-93.55023,35.15655],[-93.55034,35.15661],[-93.55097,35.15678],[-93.55169,35.15685],[-93.55228,35.1569],[-93.55269,35.15683],[-93.55533,35.15588],[-93.55748,35.15512],[-93.55775,35.15504],[-93.55811,35.15496],[-93.55833,35.15495],[-93.55853,35.15498],[-93.55887,35.15509],[-93.56055,35.15579],[-93.56098,35.15594],[-93.56112,35.15599],[-93.56167,35.15606],[-93.56278,35.1562],[-93.56322,35.15628],[-93.56351,35.15639],[-93.56375,35.15656],[-93.56408,35.15689],[-93.56443,35.15718],[-93.56481,35.15738],[-93.56508,35.15747]]},"properties":{"layer":"roads_100ft_buffer","name":"Barber Ridge Road","description":"AGFC WMA road Barber Ridge Road (Gravel, County). 100-ft no-hunt setback applies. Source: AGFC FeatureServer/8.","ftype":"Gravel","owner":"County","feature_role":"road_centerline"}},{"type":"Feature","geometry":{"type":"LineString","coordinates":[[-93.55034,35.15661],[-93.55033,35.15663],[-93.55031,35.15667],[-93.55033,35.15674],[-93.55034,35.15682],[-93.55041,35.15699],[-93.55047,35.15719],[-93.55068,35.15762],[-93.55117,35.15864],[-93.5512,35.15878],[-93.55115,35.15887],[-93.5511,35.15897],[-93.55104,35.15906],[-93.55099,35.1592],[-93.55089,35.15944],[-93.55078,35.15983],[-93.55079,35.15995],[-93.55077,35.16007],[-93.5507,35.1602],[-93.55059,35.16045]]},"properties":{"layer":"roads_100ft_buffer","name":"Valentine Ridge Road","description":"AGFC WMA road Valentine Ridge Road (Gravel, USFS). 100-ft no-hunt setback applies. Source: AGFC FeatureServer/8.","ftype":"Gravel","owner":"USFS","feature_role":"road_centerline"}},{"type":"Feature","geometry":{"type":"LineString","coordinates":[[-93.62213,35.14206],[-93.62217,35.14213],[-93.62212,35.14228],[-93.62205,35.14239],[-93.62195,35.14262],[-93.62192,35.14274],[-93.6219,35.14291],[-93.62196,35.14312],[-93.62203,35.1433],[-93.62206,35.14345],[-93.62203,35.14365],[-93.62197,35.14392],[-93.62189,35.14402],[-93.62183,35.14413],[-93.62175,35.14423],[-93.62167,35.1443],[-93.62159,35.14436],[-93.62153,35.14439],[-93.62144,35.14441],[-93.62134,35.1444],[-93.62125,35.14439],[-93.62117,35.14438],[-93.62107,35.14437],[-93.62098,35.14437],[-93.6209,35.1444],[-93.62084,35.14444],[-93.62079,35.14449],[-93.62076,35.14455],[-93.62066,35.14487],[-93.62062,35.145],[-93.62061,35.14514],[-93.62061,35.1453],[-93.62059,35.14547],[-93.62055,35.1456],[-93.62047,35.14577],[-93.62035,35.14593],[-93.62027,35.14607],[-93.62025,35.14613],[-93.62022,35.14623],[-93.62019,35.14634],[-93.62017,35.14678],[-93.62017,35.14693],[-93.62026,35.14718],[-93.62041,35.14755],[-93.62045,35.1477],[-93.62057,35.14826],[-93.62057,35.14836],[-93.62056,35.14847],[-93.62054,35.14855],[-93.62039,35.14886],[-93.62029,35.14912],[-93.62024,35.1492],[-93.62018,35.14925],[-93.62013,35.14927],[-93.62008,35.14929],[-93.62001,35.14929],[-93.61994,35.14928],[-93.61988,35.14926],[-93.61983,35.14922],[-93.61979,35.14917],[-93.61975,35.14907],[-93.61974,35.14897],[-93.61972,35.14875],[-93.61969,35.14854],[-93.61965,35.1484],[-93.61962,35.14832],[-93.61958,35.14826],[-93.61952,35.1482],[-93.61937,35.14805],[-93.61918,35.14791],[-93.61905,35.14784],[-93.61887,35.14778],[-93.61878,35.14775],[-93.61871,35.1477],[-93.61862,35.14765],[-93.61851,35.14757],[-93.61828,35.1474],[-93.61775,35.14714],[-93.61659,35.1468],[-93.61647,35.14679],[-93.61643,35.14679],[-93.61637,35.1468],[-93.61633,35.14682],[-93.6163,35.14685],[-93.61628,35.14688],[-93.61627,35.14692],[-93.61627,35.14696],[-93.61629,35.14701],[-93.61639,35.14717],[-93.61647,35.14731],[-93.61654,35.14745],[-93.61663,35.1478],[-93.61676,35.14831],[-93.61682,35.14844],[-93.61695,35.14881],[-93.617,35.14892],[-93.61702,35.14898],[-93.61701,35.14904],[-93.61698,35.14907],[-93.61693,35.14909],[-93.61684,35.1491],[-93.61677,35.1491],[-93.61667,35.14909],[-93.61649,35.14905],[-93.61596,35.14895],[-93.61471,35.14881],[-93.61423,35.14871],[-93.61393,35.14867],[-93.61375,35.14866],[-93.61363,35.14868],[-93.61352,35.14872],[-93.61345,35.14875],[-93.61341,35.14877]]},"properties":{"layer":"roads_100ft_buffer","name":"FS 1678B","description":"AGFC WMA road FS 1678B (Gravel, USFS). 100-ft no-hunt setback applies. Source: AGFC FeatureServer/8.","ftype":"Gravel","owner":"USFS","feature_role":"road_centerline"}},{"type":"Feature","geometry":{"type":"LineString","coordinates":[[-93.35163,35.18562],[-93.3519,35.18571],[-93.35225,35.18585],[-93.3527,35.1859],[-93.35417,35.18597],[-93.35533,35.18602],[-93.35634,35.18608],[-93.35739,35.18608],[-93.35974,35.18612],[-93.36113,35.18614],[-93.36205,35.18612],[-93.36251,35.18606],[-93.3635,35.18589],[-93.36417,35.18581],[-93.36452,35.18581],[-93.36545,35.18588],[-93.36647,35.18595],[-93.36721,35.18596],[-93.36936,35.18598],[-93.37003,35.18599],[-93.37027,35.18601],[-93.37079,35.18612],[-93.37138,35.18626],[-93.37361,35.1868],[-93.37462,35.18708],[-93.37521,35.18729],[-93.37593,35.1876],[-93.37687,35.18809],[-93.37747,35.18839],[-93.37779,35.1885],[-93.37791,35.18853]]},"properties":{"layer":"roads_100ft_buffer","name":"Harkey Valley Road","description":"AGFC WMA road Harkey Valley Road (Gravel, USFS). 100-ft no-hunt setback applies. Source: AGFC FeatureServer/8.","ftype":"Gravel","owner":"USFS","feature_role":"road_centerline"}},{"type":"Feature","geometry":{"type":"LineString","coordinates":[[-93.72708,35.15295],[-93.72683,35.1531],[-93.72648,35.15325],[-93.72623,35.15342],[-93.72607,35.15359],[-93.72598,35.15374],[-93.72593,35.154],[-93.72585,35.15439],[-93.72587,35.15454],[-93.72598,35.15472],[-93.72612,35.15482],[-93.72637,35.1549],[-93.72683,35.15502],[-93.7273,35.15512],[-93.72745,35.15519],[-93.72762,35.15529],[-93.72783,35.15558],[-93.72787,35.15576],[-93.72788,35.15595],[-93.72784,35.15611],[-93.72769,35.15629],[-93.72745,35.15645],[-93.72684,35.15682],[-93.72654,35.15696],[-93.72616,35.15708],[-93.72585,35.15716],[-93.72571,35.15722],[-93.72544,35.15735],[-93.72509,35.15763],[-93.72465,35.15797],[-93.72435,35.15825],[-93.72398,35.15884],[-93.72381,35.15921],[-93.72379,35.15931],[-93.7238,35.15961],[-93.72381,35.16034],[-93.72381,35.16085],[-93.72385,35.16109],[-93.72383,35.16132],[-93.72381,35.16156],[-93.72362,35.16212],[-93.72353,35.1624],[-93.72328,35.16312],[-93.7232,35.16344],[-93.72318,35.16358],[-93.72324,35.16387],[-93.72334,35.16425],[-93.72337,35.16458],[-93.72327,35.16484],[-93.72308,35.16507],[-93.72294,35.16529],[-93.72284,35.16553],[-93.72277,35.16578],[-93.72269,35.16597],[-93.72263,35.16618],[-93.72262,35.16643],[-93.72262,35.16661],[-93.72269,35.16686],[-93.72281,35.16706],[-93.72299,35.16727],[-93.72313,35.1675],[-93.72318,35.16773],[-93.72317,35.16794],[-93.72311,35.16811],[-93.72299,35.16822],[-93.72274,35.16844],[-93.72238,35.16869],[-93.72224,35.16888],[-93.72218,35.16902],[-93.72213,35.16922],[-93.72215,35.16941],[-93.72232,35.16977],[-93.72238,35.16993],[-93.72237,35.17013],[-93.72236,35.17036],[-93.72227,35.17076],[-93.72225,35.17098],[-93.72227,35.17111],[-93.72238,35.17141],[-93.72255,35.17176],[-93.72278,35.17214],[-93.72304,35.17249],[-93.72337,35.17288],[-93.72383,35.17329],[-93.72404,35.17355],[-93.72412,35.17372],[-93.72416,35.17416],[-93.72417,35.17438],[-93.72413,35.17451],[-93.72408,35.17458],[-93.7239,35.17476],[-93.72335,35.17511],[-93.72261,35.17564],[-93.72231,35.17589],[-93.72218,35.17606],[-93.72208,35.17625],[-93.72188,35.17674],[-93.72168,35.17733],[-93.72169,35.17767],[-93.72181,35.1778],[-93.72204,35.17803],[-93.72238,35.17832],[-93.72248,35.17854],[-93.72252,35.17893],[-93.72244,35.17924],[-93.7223,35.17946],[-93.72202,35.17982],[-93.72183,35.17993],[-93.72148,35.1801],[-93.72085,35.18047],[-93.71987,35.18088],[-93.71952,35.18114],[-93.71918,35.18154],[-93.71919,35.18175],[-93.71921,35.1819],[-93.71936,35.18205],[-93.71969,35.18222],[-93.72018,35.18246],[-93.72077,35.18276],[-93.72099,35.18296],[-93.72122,35.18337],[-93.72131,35.18351],[-93.72136,35.18362],[-93.72138,35.18379],[-93.72137,35.184],[-93.72129,35.18425],[-93.72117,35.18452],[-93.72116,35.18466],[-93.72113,35.18489],[-93.72112,35.18506],[-93.72109,35.18523],[-93.72103,35.18536],[-93.72097,35.18543],[-93.72075,35.18564],[-93.72056,35.18581],[-93.72036,35.18599],[-93.72026,35.18624],[-93.72022,35.1865],[-93.72022,35.18666],[-93.72025,35.18701],[-93.72023,35.18711],[-93.72017,35.18726],[-93.72007,35.18746],[-93.72,35.18752],[-93.71992,35.18759],[-93.71934,35.18792],[-93.71894,35.18813],[-93.71883,35.18821],[-93.71872,35.18831],[-93.71853,35.18853],[-93.71834,35.18866],[-93.71806,35.18875],[-93.71772,35.18886],[-93.71728,35.18903],[-93.71692,35.18917],[-93.71655,35.18934],[-93.71644,35.18945],[-93.71635,35.18957],[-93.71622,35.1898],[-93.71617,35.18999],[-93.71606,35.19012],[-93.71588,35.19025],[-93.71557,35.19041],[-93.71514,35.19045],[-93.71496,35.1905],[-93.71478,35.19056],[-93.71463,35.19064],[-93.71455,35.19074],[-93.71429,35.19099],[-93.71407,35.1913],[-93.71385,35.19192],[-93.71381,35.1921],[-93.7138,35.19218],[-93.71382,35.19224],[-93.7139,35.19238],[-93.714,35.19254],[-93.71406,35.1928],[-93.7139,35.19333],[-93.71381,35.1937],[-93.71372,35.19388],[-93.71359,35.19406],[-93.71303,35.19473],[-93.71261,35.19523],[-93.71236,35.19553],[-93.71225,35.19583],[-93.71221,35.19601],[-93.71213,35.19615],[-93.71199,35.19627],[-93.71186,35.1963],[-93.71157,35.19627],[-93.71132,35.19627],[-93.71107,35.19631],[-93.7105,35.19656],[-93.71006,35.19685],[-93.70986,35.19705],[-93.70971,35.19731],[-93.70941,35.19769],[-93.70906,35.19823],[-93.70882,35.19871],[-93.70873,35.19904],[-93.70864,35.19947],[-93.70863,35.19969],[-93.70864,35.20008],[-93.70868,35.20057],[-93.70875,35.20122],[-93.7086,35.20146],[-93.70845,35.20152],[-93.70831,35.2016],[-93.70811,35.20176],[-93.70807,35.20189],[-93.70798,35.20197],[-93.70762,35.20223],[-93.70746,35.20243],[-93.7074,35.20259],[-93.7074,35.20296],[-93.70732,35.2032],[-93.70725,35.20335],[-93.70696,35.20364],[-93.70647,35.20405],[-93.70606,35.20444],[-93.70559,35.20493],[-93.70539,35.20514],[-93.70526,35.2053],[-93.70513,35.20546],[-93.70497,35.20554],[-93.70451,35.20561],[-93.7043,35.20569],[-93.70421,35.20587],[-93.70414,35.20609],[-93.7041,35.20631],[-93.70399,35.2065],[-93.70386,35.20673],[-93.7037,35.20696],[-93.70355,35.20725]]},"properties":{"layer":"roads_100ft_buffer","name":"Wicked Creek Road","description":"AGFC WMA road Wicked Creek Road (Gravel, USFS). 100-ft no-hunt setback applies. Source: AGFC FeatureServer/8.","ftype":"Gravel","owner":"USFS","feature_role":"road_centerline"}},{"type":"Feature","geometry":{"type":"LineString","coordinates":[[-93.43237,35.16294],[-93.43238,35.16295],[-93.43255,35.16365],[-93.4327,35.16433],[-93.433,35.16562],[-93.43324,35.16671],[-93.43329,35.16695],[-93.43332,35.16717],[-93.4334,35.16749],[-93.4334,35.16783],[-93.43332,35.16824],[-93.43324,35.1687],[-93.43311,35.17004],[-93.43323,35.17077],[-93.43324,35.17107],[-93.43317,35.17137],[-93.43305,35.17168],[-93.43288,35.1719],[-93.43244,35.17245],[-93.43234,35.17264],[-93.4323,35.17278],[-93.43228,35.17328],[-93.43228,35.17364],[-93.43224,35.17379],[-93.43207,35.17406],[-93.43191,35.17427],[-93.4318,35.17446],[-93.43149,35.17513],[-93.43146,35.17526],[-93.43145,35.17549],[-93.43158,35.17594],[-93.43189,35.17654],[-93.43218,35.17696],[-93.43252,35.17731],[-93.43342,35.17805],[-93.43435,35.17879],[-93.43535,35.17953],[-93.43571,35.17989],[-93.43606,35.1803],[-93.43642,35.18066],[-93.43722,35.18135],[-93.43761,35.18178],[-93.43774,35.18189],[-93.43777,35.18219],[-93.43775,35.18291],[-93.43782,35.18345],[-93.43819,35.18413],[-93.43892,35.18539],[-93.4392,35.18576],[-93.4392,35.18576],[-93.43944,35.18596],[-93.4397,35.18606],[-93.43995,35.18613],[-93.44029,35.18621],[-93.44045,35.18624],[-93.44116,35.18637],[-93.44182,35.18644],[-93.44199,35.18644],[-93.44276,35.18648],[-93.4435,35.1865],[-93.44429,35.18653],[-93.44497,35.18654],[-93.44596,35.18657],[-93.44675,35.1866],[-93.44772,35.18663],[-93.44803,35.18666],[-93.44813,35.18664],[-93.44841,35.18666],[-93.44866,35.18665],[-93.449,35.18656],[-93.44935,35.18643],[-93.44958,35.18637],[-93.44985,35.1863],[-93.45005,35.18626],[-93.45018,35.18623],[-93.45031,35.18622],[-93.45045,35.18622],[-93.45064,35.18622],[-93.45078,35.18624],[-93.45093,35.18627],[-93.45115,35.18636],[-93.45197,35.18666],[-93.45235,35.18679],[-93.4526,35.18685],[-93.45269,35.18685],[-93.45275,35.18686],[-93.45348,35.18683],[-93.45405,35.18684],[-93.45433,35.18685],[-93.45456,35.18687],[-93.45476,35.18689],[-93.45515,35.18699],[-93.45552,35.1871],[-93.45581,35.18719],[-93.45596,35.18719],[-93.4561,35.18718],[-93.45643,35.18709],[-93.45664,35.18703],[-93.45682,35.18699],[-93.45707,35.18697],[-93.45734,35.18694],[-93.45775,35.18694],[-93.45814,35.18692],[-93.45866,35.18693],[-93.45919,35.18695],[-93.45964,35.187],[-93.46037,35.187],[-93.46078,35.187],[-93.46178,35.18703],[-93.4628,35.18707],[-93.46342,35.1871],[-93.46457,35.18707],[-93.46577,35.18703],[-93.46636,35.187],[-93.46673,35.18698],[-93.46719,35.18698],[-93.46747,35.18696],[-93.46761,35.18692],[-93.46777,35.18683],[-93.46807,35.18664],[-93.46833,35.18646],[-93.46857,35.18635],[-93.46887,35.18625],[-93.46915,35.18621],[-93.46961,35.18614],[-93.47026,35.186],[-93.47067,35.18594],[-93.471,35.18589],[-93.47123,35.1859],[-93.47152,35.18599],[-93.47192,35.18618],[-93.47266,35.18667],[-93.47332,35.18712],[-93.47394,35.18766],[-93.47419,35.18784],[-93.47441,35.18795],[-93.47461,35.18803],[-93.4749,35.18805],[-93.4752,35.18805],[-93.47541,35.18805],[-93.47557,35.18812],[-93.4758,35.18822],[-93.47598,35.18827],[-93.47615,35.1883],[-93.47643,35.18828],[-93.47668,35.18825],[-93.47696,35.18825],[-93.47724,35.1883],[-93.47746,35.18834],[-93.47767,35.18841],[-93.47795,35.18856],[-93.47854,35.18889],[-93.47886,35.18904],[-93.47917,35.18925],[-93.47952,35.18943],[-93.47996,35.18952],[-93.48027,35.18957],[-93.48048,35.1896],[-93.48065,35.18961],[-93.48087,35.1896],[-93.481,35.18957],[-93.48114,35.18962],[-93.48136,35.1897],[-93.48156,35.18982],[-93.4817,35.18993],[-93.48211,35.19043],[-93.48234,35.1907],[-93.48305,35.19119],[-93.48436,35.19202],[-93.48489,35.19236],[-93.48529,35.19262],[-93.48563,35.19285],[-93.48586,35.19298],[-93.48609,35.19307],[-93.48721,35.19339],[-93.48803,35.19359],[-93.48841,35.19365],[-93.48981,35.19381],[-93.49036,35.19388],[-93.49076,35.19395],[-93.49139,35.19408],[-93.49183,35.19415],[-93.49254,35.19423],[-93.49382,35.19435],[-93.49492,35.19447],[-93.49564,35.19457],[-93.49628,35.19465],[-93.49658,35.19469],[-93.49676,35.19475],[-93.49706,35.19488],[-93.49743,35.1951],[-93.49754,35.19518],[-93.4977,35.19527],[-93.49792,35.19536],[-93.49841,35.19556],[-93.49971,35.19598],[-93.50245,35.19682],[-93.50335,35.19711],[-93.50368,35.19721],[-93.50397,35.19729],[-93.5041,35.19732],[-93.50431,35.19737],[-93.50476,35.19742],[-93.50533,35.19748],[-93.506,35.19755],[-93.50674,35.19761],[-93.5071,35.19765],[-93.50738,35.19768],[-93.50765,35.19773],[-93.50823,35.1979],[-93.50874,35.1981],[-93.50936,35.19834],[-93.5095,35.1984],[-93.50952,35.19841],[-93.51042,35.19882],[-93.51066,35.19889],[-93.5109,35.19894],[-93.51111,35.19895],[-93.51127,35.19894],[-93.51195,35.19882],[-93.51221,35.19878],[-93.51239,35.19879],[-93.51271,35.19883],[-93.51306,35.1989],[-93.51461,35.19929],[-93.51643,35.19974],[-93.51685,35.19983],[-93.51762,35.19991],[-93.51831,35.19994],[-93.51939,35.19993],[-93.5214,35.20015],[-93.5217,35.20017],[-93.52194,35.20016],[-93.52219,35.20013],[-93.52299,35.19993],[-93.52322,35.19988],[-93.52432,35.19957],[-93.52467,35.19944],[-93.52496,35.19928],[-93.52522,35.19912],[-93.52538,35.19898],[-93.52555,35.19876],[-93.526,35.1981],[-93.52612,35.19796],[-93.52632,35.19777],[-93.52695,35.19723],[-93.52731,35.19695],[-93.52751,35.19686],[-93.52775,35.19679],[-93.52796,35.19676],[-93.52824,35.19675],[-93.52846,35.19673],[-93.52876,35.19668],[-93.52918,35.19659],[-93.53007,35.19648],[-93.5305,35.1964],[-93.53081,35.19637],[-93.53107,35.19638],[-93.53135,35.19643],[-93.53168,35.19649],[-93.53215,35.19651],[-93.53299,35.1965],[-93.5332,35.19649],[-93.53366,35.19649],[-93.53433,35.1965],[-93.53484,35.19653],[-93.53552,35.19658],[-93.53582,35.19658],[-93.5365,35.19659],[-93.53725,35.19658],[-93.53759,35.19657],[-93.5379,35.19659],[-93.53903,35.19674],[-93.53952,35.19677],[-93.54052,35.19694],[-93.541,35.19702],[-93.54123,35.19702],[-93.54145,35.19698],[-93.54162,35.19692],[-93.54184,35.19683],[-93.54252,35.19641],[-93.54276,35.19631],[-93.54339,35.19621],[-93.54362,35.19612],[-93.54382,35.19599],[-93.54414,35.1957],[-93.54467,35.19529],[-93.54534,35.19479],[-93.54569,35.19456],[-93.54596,35.19445],[-93.54615,35.19441],[-93.54645,35.1944],[-93.54679,35.19441],[-93.54719,35.19443],[-93.54752,35.19449],[-93.54783,35.1946],[-93.54856,35.19505],[-93.55062,35.19635],[-93.55164,35.19701],[-93.55185,35.19711],[-93.55203,35.19718],[-93.55223,35.19722],[-93.55239,35.19724],[-93.55303,35.19732],[-93.55351,35.19739],[-93.5538,35.19745],[-93.554,35.19751],[-93.55414,35.19762],[-93.55424,35.19772],[-93.55446,35.19846],[-93.55459,35.19873],[-93.55478,35.199],[-93.555,35.19924],[-93.55659,35.20049],[-93.5583,35.20187],[-93.55862,35.20209],[-93.55896,35.20222],[-93.56021,35.20266],[-93.56065,35.20281],[-93.56091,35.20288],[-93.56114,35.20293],[-93.56149,35.20299],[-93.56242,35.20307],[-93.56281,35.20313],[-93.56305,35.20319],[-93.56328,35.20328],[-93.56373,35.2035],[-93.56436,35.20379],[-93.56469,35.20389],[-93.56503,35.2039],[-93.56625,35.20375],[-93.56674,35.20374],[-93.56728,35.20375],[-93.56833,35.20388],[-93.56911,35.20399],[-93.57086,35.20422],[-93.57147,35.20425],[-93.5722,35.20419],[-93.57301,35.20408],[-93.5743,35.20403],[-93.57483,35.20401],[-93.57661,35.20395],[-93.57714,35.20393],[-93.57738,35.20388],[-93.57816,35.20363],[-93.57878,35.20344],[-93.57973,35.20323],[-93.58037,35.20311],[-93.58094,35.2031],[-93.5822,35.20329],[-93.58306,35.20345],[-93.58385,35.20368],[-93.58508,35.20411],[-93.58598,35.20446],[-93.58693,35.20478],[-93.5882,35.20516],[-93.58897,35.20534],[-93.58934,35.20539],[-93.58971,35.20538],[-93.59176,35.20515],[-93.59377,35.2049],[-93.59557,35.20467],[-93.59609,35.20462],[-93.59634,35.20462],[-93.597,35.20468],[-93.59771,35.20476],[-93.59807,35.20476],[-93.59838,35.20469],[-93.59897,35.20441],[-93.6,35.2038],[-93.60153,35.20295],[-93.60198,35.20266],[-93.60248,35.20221],[-93.60287,35.20182],[-93.60314,35.20148],[-93.60328,35.2013],[-93.60334,35.20115],[-93.60335,35.20103],[-93.60333,35.20082],[-93.6032,35.19987],[-93.60317,35.19966],[-93.60325,35.19934],[-93.60335,35.19908],[-93.60354,35.19883],[-93.6039,35.19862],[-93.60441,35.19842],[-93.60472,35.19826],[-93.60487,35.19813],[-93.60496,35.19799],[-93.60499,35.19784],[-93.60497,35.19769],[-93.60487,35.19733],[-93.6048,35.19697],[-93.60478,35.19684],[-93.60482,35.19659],[-93.60488,35.19639],[-93.60496,35.19616],[-93.60503,35.19602],[-93.60519,35.19564],[-93.60528,35.19543],[-93.60548,35.19517],[-93.60591,35.19464],[-93.60648,35.19399],[-93.60695,35.1936],[-93.6073,35.19335],[-93.60761,35.19313],[-93.60788,35.19299],[-93.60807,35.19295],[-93.60833,35.19291],[-93.60869,35.19288],[-93.61025,35.1925],[-93.61149,35.19228],[-93.61195,35.19221],[-93.61242,35.19218],[-93.61426,35.19223],[-93.61636,35.19235],[-93.61745,35.19241],[-93.61797,35.19237],[-93.61869,35.19216],[-93.61924,35.19203],[-93.61952,35.19203],[-93.6199,35.19212],[-93.62069,35.19237],[-93.62111,35.19258],[-93.6215,35.19283],[-93.62197,35.1931],[-93.62257,35.19335],[-93.62318,35.19352],[-93.62393,35.19366],[-93.62499,35.19375],[-93.6257,35.19377],[-93.6264,35.19382],[-93.62751,35.19393],[-93.62833,35.19405],[-93.62965,35.19421],[-93.63031,35.19429],[-93.63059,35.19431],[-93.63076,35.19431],[-93.63091,35.19424],[-93.63099,35.19418]]},"properties":{"layer":"roads_100ft_buffer","name":"Spring Lake Road","description":"AGFC WMA road Spring Lake Road (Gravel, County). 100-ft no-hunt setback applies. Source: AGFC FeatureServer/8.","ftype":"Gravel","owner":"County","feature_role":"road_centerline"}},{"type":"Feature","geometry":{"type":"MultiLineString","coordinates":[[[-93.42329,35.15595],[-93.42345,35.15588],[-93.42349,35.15586],[-93.42364,35.15583],[-93.42376,35.15574],[-93.42394,35.15563],[-93.42405,35.15555],[-93.42423,35.15545],[-93.42438,35.15539],[-93.42453,35.15535],[-93.4247,35.15533],[-93.42505,35.15531],[-93.42535,35.15529],[-93.42553,35.15527],[-93.42555,35.15527],[-93.42585,35.15525],[-93.42614,35.15521],[-93.42636,35.15515],[-93.42647,35.15508],[-93.42657,35.15498],[-93.42664,35.15484],[-93.42665,35.15469],[-93.42659,35.15446],[-93.42643,35.15421],[-93.42613,35.15388],[-93.42589,35.15359],[-93.42583,35.15351],[-93.42567,35.15342],[-93.42557,35.15335],[-93.4254,35.15329],[-93.42511,35.15315],[-93.42446,35.15288],[-93.4243,35.15283],[-93.42406,35.1528],[-93.42382,35.15279],[-93.42365,35.15281],[-93.42307,35.15285],[-93.4223,35.15294],[-93.42181,35.15299],[-93.42129,35.15302],[-93.42085,35.15301],[-93.42043,35.15297],[-93.42025,35.15294],[-93.41985,35.15283],[-93.41922,35.15264],[-93.41885,35.15247],[-93.41855,35.15228],[-93.41844,35.1522],[-93.41836,35.15212],[-93.4183,35.15203],[-93.4183,35.15192],[-93.41829,35.15182],[-93.41833,35.15175],[-93.41857,35.15149],[-93.41894,35.15118],[-93.41919,35.15101],[-93.41938,35.15091],[-93.41964,35.15082],[-93.41984,35.15078],[-93.42008,35.15075],[-93.42035,35.15075],[-93.42154,35.15088],[-93.42208,35.15098],[-93.42236,35.15106],[-93.42245,35.15106],[-93.42268,35.15102],[-93.42293,35.1509],[-93.42315,35.15075],[-93.42345,35.15052],[-93.42364,35.15038],[-93.42391,35.1502],[-93.42406,35.15012],[-93.42461,35.15015],[-93.42486,35.15017],[-93.42504,35.15017],[-93.4252,35.15015],[-93.42527,35.15005],[-93.42528,35.14988],[-93.42528,35.14973],[-93.42529,35.14967],[-93.42523,35.14951]],[[-93.42349,35.1561],[-93.42364,35.15583]]]},"properties":{"layer":"roads_100ft_buffer","name":"County Road 438","description":"AGFC WMA road County Road 438 (Gravel, USFS). 100-ft no-hunt setback applies. Source: AGFC FeatureServer/8.","ftype":"Gravel","owner":"USFS","feature_role":"road_centerline"}},{"type":"Feature","geometry":{"type":"LineString","coordinates":[[-93.63838,35.24012],[-93.6399,35.24222],[-93.64255,35.24588],[-93.64273,35.24609],[-93.64296,35.24627],[-93.64324,35.24643],[-93.64372,35.24659],[-93.64408,35.24663],[-93.64673,35.24671],[-93.65161,35.24686],[-93.65176,35.24686]]},"properties":{"layer":"roads_100ft_buffer","name":"AR Hwy 309","description":"AGFC WMA road AR Hwy 309 (Paved, Other). 100-ft no-hunt setback applies. Source: AGFC FeatureServer/8.","ftype":"Paved","owner":"Other","feature_role":"road_centerline"}},{"type":"Feature","geometry":{"type":"LineString","coordinates":[[-93.55678,35.13595],[-93.55588,35.136],[-93.55524,35.13602],[-93.5546,35.13602],[-93.55415,35.13599],[-93.55323,35.13592],[-93.55232,35.1358],[-93.55157,35.13573],[-93.55091,35.13567],[-93.55046,35.1356],[-93.55014,35.13549],[-93.54989,35.13531],[-93.54951,35.135],[-93.54927,35.13477],[-93.54906,35.13467],[-93.54884,35.13461],[-93.54849,35.13453],[-93.54825,35.13447],[-93.54815,35.13443]]},"properties":{"layer":"roads_100ft_buffer","name":"West Cedar Piney Road","description":"AGFC WMA road West Cedar Piney Road (Gravel, County). 100-ft no-hunt setback applies. Source: AGFC FeatureServer/8.","ftype":"Gravel","owner":"County","feature_role":"road_centerline"}},{"type":"Feature","geometry":{"type":"LineString","coordinates":[[-93.62731,35.14385],[-93.62732,35.14397],[-93.62734,35.14406],[-93.62739,35.14416],[-93.62746,35.14429],[-93.62754,35.14438],[-93.62763,35.14447],[-93.6277,35.14454],[-93.62773,35.14464],[-93.62776,35.14473],[-93.6278,35.14496],[-93.62787,35.14517],[-93.62793,35.14537],[-93.62793,35.14549],[-93.62793,35.14563],[-93.6279,35.14578],[-93.6279,35.14593],[-93.62792,35.14602],[-93.62804,35.14628],[-93.62809,35.14638],[-93.62812,35.14657],[-93.62813,35.14673],[-93.6281,35.14694],[-93.62811,35.14713],[-93.62816,35.14731],[-93.62823,35.14755],[-93.62829,35.1478],[-93.62829,35.14796],[-93.62824,35.14815],[-93.62815,35.1484],[-93.62813,35.14855],[-93.62805,35.14865],[-93.62794,35.14868],[-93.62767,35.14866],[-93.62736,35.14864],[-93.62693,35.14862],[-93.62639,35.14857],[-93.62625,35.14857],[-93.62614,35.1486],[-93.62612,35.14865],[-93.62615,35.14876],[-93.62624,35.14889],[-93.62632,35.14901],[-93.62689,35.1494],[-93.62727,35.14981],[-93.62746,35.15008],[-93.62754,35.15028],[-93.62756,35.15037],[-93.62756,35.15044],[-93.62751,35.1505],[-93.62743,35.15049],[-93.62737,35.15046],[-93.62727,35.1504],[-93.62717,35.15035],[-93.62703,35.15028],[-93.62693,35.15024],[-93.62679,35.1502],[-93.62663,35.15016],[-93.62642,35.15012],[-93.6262,35.15009],[-93.62604,35.15009],[-93.6259,35.15014],[-93.6256,35.15025],[-93.62535,35.15035],[-93.62518,35.15044],[-93.6249,35.15052],[-93.62469,35.15058],[-93.62457,35.15061],[-93.62451,35.15062],[-93.62443,35.1506],[-93.62436,35.15057],[-93.62427,35.1505],[-93.6242,35.15044],[-93.6241,35.15037],[-93.62398,35.15033],[-93.62387,35.15031],[-93.62368,35.15029],[-93.62368,35.15028]]},"properties":{"layer":"roads_100ft_buffer","name":"FS 1678A","description":"AGFC WMA road FS 1678A (Gravel, USFS). 100-ft no-hunt setback applies. Source: AGFC FeatureServer/8.","ftype":"Gravel","owner":"USFS","feature_role":"road_centerline"}},{"type":"Feature","geometry":{"type":"LineString","coordinates":[[-93.65663,35.21528],[-93.65648,35.21537],[-93.65625,35.21545],[-93.65583,35.21547],[-93.65527,35.21548],[-93.65465,35.21548],[-93.65407,35.21548],[-93.65364,35.21538],[-93.65326,35.21525],[-93.65314,35.21524],[-93.65304,35.21525],[-93.65291,35.21531],[-93.65281,35.21539],[-93.65263,35.21559],[-93.65239,35.21591],[-93.65224,35.21605],[-93.65209,35.21614],[-93.652,35.21617],[-93.65184,35.2162],[-93.65169,35.2162],[-93.65145,35.21617],[-93.65107,35.21608],[-93.65065,35.216],[-93.65051,35.21598],[-93.64992,35.21611],[-93.6492,35.21629],[-93.64872,35.2164],[-93.64838,35.21649],[-93.64812,35.21661],[-93.64794,35.21671],[-93.64786,35.21679],[-93.64782,35.21692],[-93.64781,35.2171],[-93.64779,35.2172],[-93.6477,35.2173],[-93.64758,35.21734],[-93.64715,35.21735],[-93.64567,35.21733],[-93.64435,35.21733],[-93.64427,35.21731],[-93.6442,35.21727],[-93.64417,35.21724],[-93.64409,35.21716],[-93.64407,35.21706],[-93.64405,35.21696],[-93.644,35.21689],[-93.64385,35.21681],[-93.64375,35.21678],[-93.64363,35.21664],[-93.64314,35.21602],[-93.64308,35.21591],[-93.64305,35.21577],[-93.64303,35.21548],[-93.64301,35.21431],[-93.64299,35.2137],[-93.64296,35.21364],[-93.64289,35.2136]]},"properties":{"layer":"roads_100ft_buffer","name":"Gutter Rock Road","description":"AGFC WMA road Gutter Rock Road (Gravel, USFS). 100-ft no-hunt setback applies. Source: AGFC FeatureServer/8.","ftype":"Gravel","owner":"USFS","feature_role":"road_centerline"}},{"type":"Feature","geometry":{"type":"LineString","coordinates":[[-93.35158,35.15524],[-93.36037,35.15546]]},"properties":{"layer":"roads_100ft_buffer","name":"Spring Lake Road","description":"AGFC WMA road Spring Lake Road (Gravel, County). 100-ft no-hunt setback applies. Source: AGFC FeatureServer/8.","ftype":"Gravel","owner":"County","feature_role":"road_centerline"}},{"type":"Feature","geometry":{"type":"LineString","coordinates":[[-93.63458,35.21331],[-93.63157,35.21323],[-93.62816,35.21314],[-93.62651,35.21308],[-93.62634,35.21309],[-93.626,35.21309],[-93.62576,35.21307],[-93.62445,35.21302],[-93.62365,35.21299],[-93.62335,35.21297],[-93.62239,35.21293],[-93.62155,35.21291],[-93.62062,35.21288],[-93.61996,35.21286],[-93.61954,35.21286],[-93.61899,35.21285],[-93.61848,35.21289],[-93.61825,35.21289],[-93.61804,35.21288],[-93.61785,35.21285],[-93.61762,35.21279],[-93.61726,35.21266],[-93.61652,35.21243],[-93.61622,35.21231],[-93.61605,35.21216],[-93.61588,35.21203],[-93.61581,35.21197],[-93.61568,35.21192],[-93.61555,35.21189],[-93.61543,35.21187],[-93.61532,35.21183],[-93.61519,35.21176],[-93.61513,35.21171],[-93.61509,35.21109],[-93.61502,35.21079],[-93.61493,35.21061]]},"properties":{"layer":"roads_100ft_buffer","name":"Community Center Road","description":"AGFC WMA road Community Center Road (Gravel, USFS). 100-ft no-hunt setback applies. Source: AGFC FeatureServer/8.","ftype":"Gravel","owner":"USFS","feature_role":"road_centerline"}},{"type":"Feature","geometry":{"type":"MultiLineString","coordinates":[[[-93.58157,35.13416],[-93.58123,35.13409],[-93.5809,35.13404],[-93.58057,35.13403],[-93.58029,35.13404],[-93.58,35.13407],[-93.57984,35.13407],[-93.57974,35.13404],[-93.57961,35.13397],[-93.57952,35.13389],[-93.57925,35.13362],[-93.57912,35.13352],[-93.579,35.13344],[-93.5789,35.1334]],[[-93.60073,35.13317],[-93.60111,35.13293],[-93.60145,35.13274],[-93.60178,35.13268],[-93.60212,35.13268],[-93.60287,35.13267],[-93.60516,35.13273]]]},"properties":{"layer":"roads_100ft_buffer","name":"Piney Road","description":"AGFC WMA road Piney Road (Gravel, County). 100-ft no-hunt setback applies. Source: AGFC FeatureServer/8.","ftype":"Gravel","owner":"County","feature_role":"road_centerline"}},{"type":"Feature","geometry":{"type":"MultiLineString","coordinates":[[[-93.62189,35.22319],[-93.62177,35.22302],[-93.62158,35.22283],[-93.62148,35.22272],[-93.62138,35.22266],[-93.62123,35.22268],[-93.6211,35.22273],[-93.62099,35.22284],[-93.62102,35.22298],[-93.62097,35.22311],[-93.62123,35.2233],[-93.62127,35.22344],[-93.62139,35.22359],[-93.62132,35.22421],[-93.6215,35.22441],[-93.62185,35.22432],[-93.62204,35.22419],[-93.62247,35.22375]],[[-93.62439,35.22503],[-93.62439,35.22503]],[[-93.62439,35.22503],[-93.62439,35.22503],[-93.62435,35.22494],[-93.62417,35.22489],[-93.62393,35.22489],[-93.62376,35.22491],[-93.62354,35.22497],[-93.62328,35.22507],[-93.62309,35.22513],[-93.62296,35.22517],[-93.62289,35.22527],[-93.62289,35.22543],[-93.62296,35.22556],[-93.62312,35.22571],[-93.62324,35.22578],[-93.62346,35.22586],[-93.62379,35.22611],[-93.62389,35.22617],[-93.62396,35.22621],[-93.62408,35.22624],[-93.62412,35.22631],[-93.62418,35.22634],[-93.62426,35.22634],[-93.62434,35.22633],[-93.62438,35.22628],[-93.62438,35.22621],[-93.62434,35.22609],[-93.62431,35.22597],[-93.6243,35.22586],[-93.62436,35.22574],[-93.62441,35.22563],[-93.62445,35.22556],[-93.62448,35.22547],[-93.62444,35.22532],[-93.6244,35.2252],[-93.62437,35.22512],[-93.62439,35.22503]],[[-93.62503,35.2252],[-93.62503,35.22514],[-93.62506,35.22495],[-93.62506,35.22491],[-93.62501,35.22484],[-93.62496,35.22473],[-93.62487,35.22465],[-93.62475,35.22457],[-93.62459,35.22451],[-93.62426,35.2244],[-93.623,35.22401],[-93.6227,35.22389],[-93.62247,35.22375],[-93.62234,35.2236],[-93.6222,35.22348],[-93.622,35.22332]],[[-93.62503,35.2252],[-93.62487,35.22515],[-93.62465,35.22511],[-93.6245,35.22509],[-93.62439,35.22503]],[[-93.62862,35.23003],[-93.62842,35.22989],[-93.62835,35.22979],[-93.62828,35.22972],[-93.62827,35.22963],[-93.62827,35.22954],[-93.62831,35.2294],[-93.62835,35.2293],[-93.62838,35.2292],[-93.62843,35.22912],[-93.62845,35.22905],[-93.62852,35.22893],[-93.62853,35.22885],[-93.62852,35.22877],[-93.62846,35.22867],[-93.62838,35.22853],[-93.62831,35.22843],[-93.62823,35.22831],[-93.62811,35.22819],[-93.62802,35.22811],[-93.6276,35.22775],[-93.62742,35.22753],[-93.62711,35.22723],[-93.62697,35.22707],[-93.62671,35.22691],[-93.62642,35.22676],[-93.62621,35.22657],[-93.626,35.22629],[-93.6259,35.22616],[-93.62581,35.22605],[-93.62566,35.22596],[-93.62549,35.22588],[-93.62526,35.22578],[-93.62512,35.22563],[-93.62504,35.22549],[-93.62503,35.22536],[-93.62504,35.22525],[-93.62503,35.2252]]]},"properties":{"layer":"roads_100ft_buffer","name":"Cove Lake Loop","description":"AGFC WMA road Cove Lake Loop (Paved, USFS). 100-ft no-hunt setback applies. Source: AGFC FeatureServer/8.","ftype":"Paved","owner":"USFS","feature_role":"road_centerline"}},{"type":"Feature","geometry":{"type":"LineString","coordinates":[[-93.70185,35.2066],[-93.70179,35.20662],[-93.70156,35.20662],[-93.70041,35.20665],[-93.69965,35.20673],[-93.69895,35.20686],[-93.69871,35.20688],[-93.69848,35.20683],[-93.69796,35.20667],[-93.69768,35.2066],[-93.69755,35.20656],[-93.69742,35.20645],[-93.69719,35.20626],[-93.69688,35.20603],[-93.69652,35.20577],[-93.69618,35.20556],[-93.69607,35.20551],[-93.6959,35.20546],[-93.69572,35.20543],[-93.6956,35.20541],[-93.6955,35.20541],[-93.69542,35.20543],[-93.69533,35.20548],[-93.69525,35.20558],[-93.69507,35.20608],[-93.69492,35.20643],[-93.69488,35.20666],[-93.69493,35.20696],[-93.69481,35.20733],[-93.69458,35.20792],[-93.69449,35.20818],[-93.69446,35.2085],[-93.69448,35.20878],[-93.69479,35.20933],[-93.69492,35.20963],[-93.69498,35.20978],[-93.69498,35.20996],[-93.69494,35.2101]]},"properties":{"layer":"roads_100ft_buffer","name":"UnKnown Road","description":"AGFC WMA road UnKnown Road (Gravel, USFS). 100-ft no-hunt setback applies. Source: AGFC FeatureServer/8.","ftype":"Gravel","owner":"USFS","feature_role":"road_centerline"}},{"type":"Feature","geometry":{"type":"LineString","coordinates":[[-93.63065,35.23112],[-93.63063,35.23095],[-93.6306,35.23088],[-93.63054,35.2308],[-93.63043,35.2307],[-93.63031,35.23062],[-93.63022,35.23058],[-93.63015,35.23053],[-93.63007,35.23047],[-93.62977,35.23028],[-93.62955,35.23018],[-93.62927,35.23009],[-93.62902,35.23003],[-93.62879,35.23002],[-93.62862,35.23003],[-93.62856,35.23004],[-93.62847,35.23005],[-93.6284,35.23007],[-93.62834,35.23009],[-93.62827,35.23012],[-93.62821,35.23013],[-93.62808,35.23012],[-93.62799,35.23009],[-93.62786,35.23003],[-93.62779,35.22997],[-93.62777,35.22988],[-93.62777,35.22973],[-93.62777,35.22962],[-93.62779,35.22953],[-93.62784,35.22944],[-93.62785,35.22935],[-93.62786,35.22918],[-93.62777,35.22903],[-93.62753,35.22882],[-93.62734,35.22872],[-93.62716,35.22864],[-93.62694,35.22862],[-93.62687,35.22864],[-93.62677,35.22866],[-93.62664,35.22867],[-93.62653,35.2287],[-93.62642,35.2287],[-93.62635,35.22871],[-93.62623,35.22868],[-93.62612,35.22859],[-93.62601,35.2285],[-93.6259,35.22842],[-93.62579,35.22831],[-93.62579,35.22823],[-93.62579,35.22813],[-93.62569,35.22799],[-93.62547,35.22774],[-93.62528,35.22754],[-93.62516,35.22743]]},"properties":{"layer":"roads_100ft_buffer","name":"Cove Lake Bathouse Road","description":"AGFC WMA road Cove Lake Bathouse Road (Paved, USFS). 100-ft no-hunt setback applies. Source: AGFC FeatureServer/8.","ftype":"Paved","owner":"USFS","feature_role":"road_centerline"}},{"type":"Feature","geometry":{"type":"MultiLineString","coordinates":[[[-93.68233,35.16397],[-93.68256,35.16395],[-93.68317,35.16394],[-93.68324,35.164],[-93.6833,35.16411],[-93.68331,35.16421],[-93.68327,35.16434],[-93.68314,35.16442],[-93.68304,35.16447],[-93.68291,35.1645],[-93.68279,35.16448],[-93.68267,35.16446],[-93.68261,35.16439],[-93.68252,35.16421],[-93.68247,35.16411],[-93.68233,35.16397]],[[-93.6807,35.16403],[-93.68082,35.16403],[-93.6815,35.16405],[-93.68233,35.16397]],[[-93.67777,35.16406],[-93.6807,35.16403]],[[-93.67777,35.16406],[-93.67796,35.16398],[-93.6785,35.16381],[-93.6791,35.1636],[-93.67966,35.16348],[-93.68007,35.16342],[-93.68048,35.16342],[-93.68084,35.16349],[-93.68112,35.1636],[-93.68116,35.16375],[-93.68111,35.16383],[-93.681,35.16392],[-93.6807,35.16403]],[[-93.63987,35.16652],[-93.63987,35.16665],[-93.63983,35.16698]],[[-93.63941,35.16688],[-93.6394,35.16688]],[[-93.63941,35.16688],[-93.6395,35.16688],[-93.63974,35.16694],[-93.63983,35.16698]],[[-93.63983,35.16698],[-93.63983,35.16698]],[[-93.63983,35.16698],[-93.64013,35.16711],[-93.64036,35.16721],[-93.64047,35.16728],[-93.64057,35.16737],[-93.64066,35.16749],[-93.64074,35.16762],[-93.64082,35.16778],[-93.64085,35.16797],[-93.64091,35.16839],[-93.64098,35.16889],[-93.64101,35.16901],[-93.64105,35.16916],[-93.64114,35.16935],[-93.64123,35.16947],[-93.6413,35.16956],[-93.64146,35.16969],[-93.64161,35.16979],[-93.64195,35.16997],[-93.64248,35.17023],[-93.64277,35.17034],[-93.64295,35.17039],[-93.64314,35.17041],[-93.64341,35.17043],[-93.64409,35.17044],[-93.64476,35.1704],[-93.64507,35.17037],[-93.64548,35.17031],[-93.64844,35.16973],[-93.64893,35.16963],[-93.64942,35.16953],[-93.64967,35.16947],[-93.64998,35.16937],[-93.65038,35.16921],[-93.65087,35.16901],[-93.65112,35.16888],[-93.65124,35.1688],[-93.65124,35.16879]],[[-93.65136,35.16852],[-93.65138,35.1683],[-93.6514,35.16782],[-93.65144,35.16758],[-93.65163,35.16718],[-93.65169,35.16708],[-93.65192,35.16667],[-93.65202,35.16649],[-93.65207,35.16636],[-93.65211,35.16621],[-93.65215,35.16601],[-93.65219,35.16533],[-93.65219,35.16516],[-93.65218,35.16506],[-93.65213,35.16497],[-93.65202,35.16486],[-93.65185,35.16478],[-93.65136,35.1647],[-93.65025,35.16455],[-93.65007,35.16453],[-93.64997,35.16453],[-93.6498,35.16457],[-93.64955,35.16467],[-93.64939,35.16475],[-93.64927,35.16478],[-93.6491,35.1648],[-93.64897,35.16478],[-93.64881,35.16475],[-93.64833,35.16453],[-93.64816,35.16447],[-93.64804,35.16444],[-93.64792,35.16442],[-93.64769,35.16441],[-93.64737,35.16443],[-93.64721,35.16443],[-93.6469,35.16443],[-93.64661,35.16442],[-93.64636,35.1644],[-93.64523,35.16428],[-93.645,35.16426],[-93.64469,35.16426],[-93.64427,35.16428],[-93.64385,35.16429],[-93.64361,35.16428],[-93.64288,35.16422],[-93.64255,35.1642],[-93.6423,35.16421],[-93.64199,35.16422],[-93.64167,35.16426],[-93.64141,35.16433],[-93.64115,35.16444],[-93.64083,35.16463],[-93.6406,35.16482],[-93.6405,35.16494],[-93.64042,35.16506],[-93.64034,35.16519],[-93.64025,35.16542],[-93.64011,35.16584],[-93.63995,35.16634],[-93.63989,35.16649],[-93.63979,35.16665],[-93.63971,35.16672],[-93.6396,35.16678],[-93.63949,35.16683],[-93.63941,35.16688]],[[-93.65136,35.16852],[-93.65156,35.16872]],[[-93.65156,35.16872],[-93.65209,35.16879],[-93.6533,35.16902],[-93.65459,35.16953],[-93.65504,35.16968],[-93.6562,35.16976],[-93.65803,35.16977],[-93.65851,35.16978],[-93.65879,35.16974],[-93.65947,35.16947],[-93.66028,35.16893],[-93.66106,35.16827],[-93.66157,35.16786],[-93.66183,35.16769],[-93.66246,35.16752],[-93.66414,35.16715],[-93.66532,35.16698],[-93.6663,35.16679],[-93.66671,35.16657],[-93.66731,35.1662],[-93.66851,35.16557],[-93.66928,35.16515],[-93.66994,35.1649],[-93.67047,35.16471],[-93.67114,35.1644],[-93.6718,35.16421],[-93.67266,35.16418],[-93.67427,35.16413],[-93.67682,35.16407],[-93.67777,35.16406]],[[-93.65124,35.16879],[-93.65156,35.16872]],[[-93.65124,35.16879],[-93.65131,35.16869],[-93.65135,35.16861],[-93.65136,35.16852]],[[-93.65121,35.1688],[-93.65124,35.16879]],[[-93.61866,35.17412],[-93.6188,35.17415],[-93.61902,35.17415],[-93.61957,35.17409],[-93.62044,35.17397],[-93.62108,35.17383],[-93.62141,35.1738],[-93.62166,35.1738],[-93.62191,35.17385],[-93.62229,35.1739],[-93.62277,35.17396],[-93.62334,35.17397],[-93.6238,35.17392],[-93.62429,35.17387],[-93.62478,35.17373],[-93.62544,35.17345],[-93.62606,35.17314],[-93.62653,35.17291],[-93.62685,35.17278],[-93.62704,35.17275],[-93.62721,35.17277],[-93.6274,35.17283],[-93.62774,35.17299],[-93.62817,35.17318],[-93.62847,35.17327],[-93.6288,35.17331],[-93.62909,35.17331],[-93.62948,35.17333],[-93.62987,35.17332],[-93.63023,35.17324],[-93.63066,35.17315],[-93.63106,35.17302],[-93.63132,35.17286],[-93.63148,35.1727],[-93.63152,35.17261],[-93.63167,35.17236],[-93.63184,35.17196],[-93.63198,35.17151],[-93.63225,35.17085],[-93.63231,35.17074],[-93.63243,35.17063],[-93.63255,35.17055],[-93.63399,35.16984],[-93.63436,35.16964],[-93.63454,35.16953],[-93.63461,35.16941],[-93.63467,35.1693],[-93.63478,35.1686],[-93.6349,35.16841],[-93.63516,35.16812],[-93.63538,35.16794],[-93.63564,35.16776],[-93.63579,35.1677],[-93.63607,35.16766],[-93.63641,35.16767],[-93.63693,35.16771],[-93.63745,35.16771],[-93.63776,35.16762],[-93.63811,35.16744],[-93.63849,35.16719],[-93.63872,35.16704],[-93.63902,35.16692],[-93.63929,35.16687],[-93.63941,35.16688]]]},"properties":{"layer":"roads_100ft_buffer","name":"Mount Magazine Road","description":"AGFC WMA road Mount Magazine Road (Paved, ASP). 100-ft no-hunt setback applies. Source: AGFC FeatureServer/8.","ftype":"Paved","owner":"ASP","feature_role":"road_centerline"}},{"type":"Feature","geometry":{"type":"LineString","coordinates":[[-93.50742,35.14127],[-93.50757,35.14113],[-93.50758,35.14112],[-93.50774,35.141],[-93.50793,35.14089],[-93.50827,35.14071],[-93.50847,35.14065],[-93.50865,35.14058],[-93.50898,35.14053],[-93.50933,35.14043],[-93.50955,35.14034],[-93.50978,35.1402],[-93.51002,35.13997],[-93.51021,35.13975],[-93.51032,35.13955],[-93.51047,35.13934],[-93.51075,35.13894],[-93.5109,35.1388],[-93.51101,35.13864],[-93.51135,35.1381],[-93.51146,35.13795],[-93.51156,35.13782],[-93.5117,35.13771],[-93.51182,35.13761],[-93.51199,35.13753],[-93.5123,35.13738],[-93.51253,35.13728],[-93.51319,35.13692],[-93.51421,35.13636],[-93.51533,35.13565],[-93.51617,35.13514],[-93.51705,35.13468],[-93.5172,35.1346],[-93.51736,35.13454],[-93.51757,35.13454],[-93.51783,35.13448],[-93.51833,35.1344],[-93.51885,35.13429]]},"properties":{"layer":"roads_100ft_buffer","name":"Rocky Point Road","description":"AGFC WMA road Rocky Point Road (Gravel, County). 100-ft no-hunt setback applies. Source: AGFC FeatureServer/8.","ftype":"Gravel","owner":"County","feature_role":"road_centerline"}},{"type":"Feature","geometry":{"type":"LineString","coordinates":[[-93.70175,35.2065],[-93.70141,35.20619],[-93.70125,35.20601],[-93.7012,35.20593],[-93.70116,35.20584],[-93.70117,35.20568],[-93.70124,35.20548],[-93.70138,35.20523],[-93.70144,35.20509],[-93.70149,35.20499],[-93.70153,35.20485],[-93.70155,35.20466],[-93.70157,35.20441],[-93.70157,35.20424],[-93.70157,35.20403],[-93.70159,35.2038],[-93.70156,35.20362],[-93.70153,35.20349],[-93.70143,35.20329],[-93.70118,35.20289],[-93.7011,35.20275],[-93.70102,35.20261],[-93.70095,35.20241],[-93.70069,35.2019],[-93.70063,35.2018],[-93.70055,35.20172],[-93.70016,35.2016],[-93.69995,35.20152],[-93.69965,35.20135],[-93.6993,35.20117],[-93.69907,35.20107],[-93.69874,35.20099],[-93.69851,35.20094],[-93.69834,35.20089],[-93.69827,35.20085],[-93.69823,35.20076],[-93.69822,35.20062],[-93.69825,35.20051],[-93.69833,35.20038],[-93.69847,35.2002],[-93.69857,35.20009],[-93.69872,35.19998],[-93.69898,35.19986],[-93.69942,35.19969],[-93.6997,35.19955],[-93.6998,35.19947],[-93.69989,35.19935],[-93.69997,35.19919],[-93.70013,35.199],[-93.70033,35.19885],[-93.70048,35.19874],[-93.70075,35.19859],[-93.70101,35.19848],[-93.7013,35.19835],[-93.70143,35.19826],[-93.70155,35.19812],[-93.70168,35.1979],[-93.70174,35.19778],[-93.70187,35.19756],[-93.70198,35.1974],[-93.70211,35.19728],[-93.70223,35.19716],[-93.70244,35.19701],[-93.70275,35.19681],[-93.70308,35.1966],[-93.70322,35.19645],[-93.70339,35.1963],[-93.70359,35.19605],[-93.70365,35.19593],[-93.70373,35.19576],[-93.70375,35.19562],[-93.70383,35.19535],[-93.70387,35.19517],[-93.70389,35.19499],[-93.70394,35.19482],[-93.70394,35.19472],[-93.70389,35.1945],[-93.70387,35.19427],[-93.70384,35.19394],[-93.70384,35.19377],[-93.70386,35.19358],[-93.70387,35.19348],[-93.70391,35.19335],[-93.70397,35.19313],[-93.70408,35.19289],[-93.7042,35.19264],[-93.70424,35.19255],[-93.70425,35.19245],[-93.70425,35.19235],[-93.70423,35.19223],[-93.70415,35.19194],[-93.70414,35.19183],[-93.70414,35.19172],[-93.70413,35.19151],[-93.70414,35.19128],[-93.70413,35.19114],[-93.70409,35.19097],[-93.70405,35.19084],[-93.704,35.19073],[-93.70394,35.19065],[-93.70387,35.19057],[-93.70367,35.19025],[-93.70362,35.19015],[-93.70357,35.19006],[-93.70347,35.18975],[-93.70339,35.18958],[-93.70326,35.18944],[-93.70314,35.18935],[-93.70294,35.18926],[-93.70275,35.18919],[-93.70261,35.18915],[-93.70243,35.18913],[-93.70232,35.18915],[-93.70218,35.18923],[-93.70209,35.18931],[-93.702,35.18942],[-93.70198,35.18948],[-93.70192,35.18956],[-93.70182,35.18959],[-93.7017,35.18962],[-93.70149,35.18959],[-93.70125,35.18955],[-93.70092,35.18948],[-93.70054,35.18942],[-93.70028,35.18939],[-93.70011,35.1894],[-93.69997,35.18942],[-93.69979,35.18946],[-93.69948,35.18955],[-93.6993,35.18959],[-93.69915,35.18961],[-93.69898,35.1896],[-93.69869,35.18955],[-93.69851,35.1895],[-93.69831,35.18943],[-93.69819,35.18938],[-93.69806,35.18926],[-93.69788,35.18914],[-93.69767,35.18899],[-93.69743,35.18889],[-93.69713,35.18879],[-93.697,35.18873],[-93.69693,35.18866],[-93.69682,35.18848],[-93.69673,35.18828],[-93.69666,35.18804],[-93.69658,35.18769],[-93.69653,35.1873],[-93.69649,35.18704],[-93.69645,35.18696],[-93.69635,35.18683],[-93.69619,35.18665],[-93.69598,35.18648],[-93.69565,35.18623],[-93.69538,35.18606],[-93.69504,35.18591],[-93.69471,35.18581],[-93.69435,35.18564],[-93.69408,35.18552],[-93.69388,35.18544],[-93.69363,35.18538],[-93.69342,35.18534],[-93.6931,35.18529],[-93.69287,35.18527],[-93.69272,35.18525],[-93.69249,35.1852],[-93.69229,35.18512],[-93.6921,35.18503],[-93.69187,35.1849],[-93.69163,35.1848],[-93.69135,35.18473],[-93.69115,35.18469],[-93.69101,35.18466],[-93.69078,35.18457],[-93.69048,35.18441],[-93.69023,35.18432],[-93.68976,35.18424],[-93.68878,35.18411],[-93.68845,35.18408],[-93.68821,35.18404],[-93.68799,35.184],[-93.68769,35.18383],[-93.68734,35.18364],[-93.68705,35.18349],[-93.68661,35.18328],[-93.68629,35.18314],[-93.68606,35.18306],[-93.68588,35.18301],[-93.68575,35.18299],[-93.6856,35.18302],[-93.68543,35.18308],[-93.68535,35.18313],[-93.68527,35.18319],[-93.68507,35.18339],[-93.68464,35.18398],[-93.68452,35.18403],[-93.68433,35.18408],[-93.68419,35.18411],[-93.68408,35.18414],[-93.684,35.18417],[-93.68392,35.1842],[-93.68373,35.18432],[-93.68353,35.18449],[-93.68338,35.18462],[-93.68325,35.18473],[-93.68306,35.18482],[-93.68292,35.18491],[-93.6827,35.18502],[-93.68253,35.18518],[-93.68233,35.18532],[-93.68203,35.18557],[-93.68185,35.18571],[-93.68172,35.18588],[-93.68154,35.18614],[-93.68146,35.18625],[-93.68142,35.18637],[-93.6813,35.18678],[-93.6812,35.18714],[-93.68101,35.18779],[-93.68064,35.18829],[-93.68018,35.18878],[-93.68,35.18891],[-93.67987,35.18897],[-93.67966,35.18903],[-93.67952,35.18908],[-93.67939,35.18913],[-93.67924,35.18918],[-93.67905,35.18923],[-93.67879,35.18924],[-93.67854,35.18922],[-93.67835,35.18923],[-93.6782,35.18924],[-93.67795,35.18927],[-93.67781,35.18934],[-93.67766,35.18938],[-93.67747,35.18941],[-93.67731,35.18942],[-93.67716,35.18944],[-93.67702,35.18942],[-93.67679,35.18934],[-93.67658,35.18924],[-93.67626,35.18908],[-93.676,35.18898],[-93.67571,35.18887],[-93.67547,35.18879],[-93.67521,35.18871],[-93.67506,35.18867],[-93.67478,35.18862],[-93.6746,35.18859],[-93.67445,35.1885],[-93.6743,35.18839],[-93.67418,35.18829],[-93.67402,35.18818],[-93.67377,35.18812],[-93.67356,35.18811],[-93.67324,35.1881],[-93.67278,35.18804],[-93.67253,35.18802],[-93.6723,35.18799],[-93.67209,35.18797],[-93.67195,35.18792],[-93.67181,35.18786],[-93.67172,35.1878],[-93.67152,35.18769],[-93.67134,35.18756],[-93.67119,35.18742],[-93.67107,35.18725],[-93.6709,35.18696],[-93.67057,35.1864],[-93.67014,35.18569],[-93.66984,35.18519],[-93.6696,35.18485],[-93.66949,35.18474],[-93.66937,35.18467],[-93.66929,35.18465],[-93.66914,35.18462],[-93.66901,35.18464],[-93.6689,35.18467],[-93.66881,35.18471],[-93.66817,35.18505],[-93.66743,35.18554],[-93.66712,35.18575],[-93.66698,35.18583],[-93.66679,35.18588],[-93.66657,35.18593],[-93.66643,35.18594],[-93.66585,35.18596],[-93.66519,35.186],[-93.66489,35.18599],[-93.66454,35.18592],[-93.66426,35.18579],[-93.66398,35.18562],[-93.66376,35.18545],[-93.66357,35.1852],[-93.6635,35.18508],[-93.66333,35.18496],[-93.66313,35.18482],[-93.66293,35.18475],[-93.66281,35.18471],[-93.66268,35.18469],[-93.66257,35.1847],[-93.66245,35.18474],[-93.66229,35.18481],[-93.66202,35.18501],[-93.66182,35.18522],[-93.66169,35.1854],[-93.6616,35.18564],[-93.66155,35.18592],[-93.66151,35.18609],[-93.66139,35.18621],[-93.66119,35.18631],[-93.66102,35.18637],[-93.66054,35.18645],[-93.66028,35.18652],[-93.66014,35.18658],[-93.66003,35.18666],[-93.65995,35.18676],[-93.65988,35.18684],[-93.6598,35.18695],[-93.65974,35.18704],[-93.65968,35.18713],[-93.65959,35.1872],[-93.65946,35.18723],[-93.65933,35.18724],[-93.65922,35.18718],[-93.65912,35.18711],[-93.659,35.187],[-93.65887,35.18685],[-93.65881,35.18675],[-93.65876,35.18662],[-93.6587,35.18651],[-93.65863,35.18643],[-93.65856,35.18635],[-93.65846,35.18623],[-93.65837,35.18615],[-93.65823,35.18607],[-93.65808,35.18601],[-93.65795,35.18603],[-93.65785,35.18604],[-93.6577,35.1861],[-93.65754,35.18624],[-93.65747,35.1864],[-93.65746,35.18651],[-93.65748,35.18666],[-93.65746,35.18687],[-93.65742,35.18715],[-93.65736,35.18737],[-93.65728,35.18752],[-93.6572,35.18763],[-93.65712,35.18773],[-93.65708,35.18787],[-93.65708,35.18802],[-93.65716,35.18816],[-93.6574,35.18852],[-93.6575,35.18871],[-93.65759,35.18891],[-93.65764,35.1891],[-93.65767,35.18945],[-93.65769,35.18972],[-93.65768,35.19001],[-93.65761,35.19012],[-93.65751,35.19023],[-93.65741,35.1903],[-93.6573,35.19032],[-93.65718,35.19035],[-93.65698,35.19034],[-93.65483,35.19018],[-93.65445,35.19017],[-93.65412,35.1902],[-93.65381,35.19025],[-93.65351,35.19029],[-93.65318,35.19034],[-93.6528,35.1904],[-93.65254,35.19044],[-93.65218,35.1905],[-93.65199,35.19055],[-93.65192,35.19057],[-93.65181,35.19064],[-93.65174,35.19073],[-93.65168,35.1908],[-93.65159,35.1909],[-93.65152,35.19097],[-93.65139,35.19105],[-93.65114,35.19111],[-93.65083,35.19111],[-93.65043,35.1911],[-93.64996,35.1911],[-93.64958,35.19115],[-93.64941,35.19117],[-93.64919,35.19127],[-93.64881,35.19145],[-93.64847,35.19162],[-93.64778,35.19196],[-93.64741,35.19214],[-93.64698,35.19229],[-93.64662,35.19243],[-93.64622,35.19256],[-93.64594,35.19264],[-93.64563,35.19267],[-93.64553,35.19263],[-93.6454,35.19257],[-93.64529,35.19251],[-93.64516,35.19241],[-93.64501,35.19231],[-93.64469,35.19218],[-93.64403,35.19198],[-93.64385,35.19189],[-93.64371,35.19178],[-93.64349,35.19155],[-93.64312,35.19111],[-93.64246,35.1904],[-93.64193,35.18987],[-93.64177,35.18969],[-93.64157,35.18955],[-93.6414,35.18946],[-93.64125,35.18939],[-93.64112,35.18936],[-93.64095,35.18934],[-93.64071,35.18933],[-93.64049,35.18937],[-93.64023,35.18938],[-93.63989,35.18937],[-93.63972,35.18933],[-93.63957,35.18927],[-93.63941,35.18917],[-93.639,35.18889],[-93.63866,35.18862],[-93.63846,35.18848],[-93.63836,35.18837],[-93.63814,35.18815],[-93.63799,35.18799],[-93.63787,35.18782],[-93.63769,35.18758],[-93.6375,35.18739],[-93.63733,35.18724],[-93.63717,35.18718],[-93.63704,35.18715],[-93.63689,35.18715],[-93.63676,35.18717],[-93.63663,35.18722],[-93.63652,35.18729],[-93.63637,35.18742],[-93.63629,35.18754],[-93.63623,35.18767],[-93.6362,35.18777],[-93.63617,35.18788],[-93.63618,35.18803],[-93.63622,35.18827],[-93.6363,35.18858],[-93.63635,35.1889],[-93.63634,35.18905],[-93.63629,35.18965],[-93.63628,35.19044],[-93.63624,35.19066],[-93.63616,35.19083],[-93.63596,35.191],[-93.63573,35.1911],[-93.63544,35.19113],[-93.63523,35.19113],[-93.63493,35.19112],[-93.63469,35.19116],[-93.63435,35.19139],[-93.63421,35.19159],[-93.63405,35.19179],[-93.63386,35.19193],[-93.63369,35.19201],[-93.63351,35.19199],[-93.63338,35.19194],[-93.63327,35.19186],[-93.63314,35.19172],[-93.633,35.19157],[-93.63283,35.19138],[-93.63255,35.19111],[-93.63237,35.1909],[-93.63215,35.19067],[-93.63195,35.19044],[-93.63183,35.19032],[-93.63166,35.19018],[-93.63145,35.19016],[-93.63128,35.19021],[-93.63113,35.19033],[-93.63094,35.19059],[-93.63084,35.19076],[-93.63073,35.19091],[-93.63058,35.19109],[-93.63052,35.19121],[-93.63054,35.19143],[-93.63061,35.19226],[-93.63057,35.19308],[-93.63058,35.19346],[-93.63052,35.19367],[-93.63043,35.19382]]},"properties":{"layer":"roads_100ft_buffer","name":"Greenbench Road","description":"AGFC WMA road Greenbench Road (Gravel, County). 100-ft no-hunt setback applies. Source: AGFC FeatureServer/8.","ftype":"Gravel","owner":"County","feature_role":"road_centerline"}},{"type":"Feature","geometry":{"type":"LineString","coordinates":[[-93.64289,35.2136],[-93.6428,35.21359],[-93.63924,35.21345],[-93.63522,35.21334],[-93.63458,35.21331]]},"properties":{"layer":"roads_100ft_buffer","name":"Corley Loop","description":"AGFC WMA road Corley Loop (Gravel, USFS). 100-ft no-hunt setback applies. Source: AGFC FeatureServer/8.","ftype":"Gravel","owner":"USFS","feature_role":"road_centerline"}},{"type":"Feature","geometry":{"type":"LineString","coordinates":[[-93.67333,35.1881],[-93.67328,35.1882],[-93.67314,35.18837],[-93.67264,35.18881],[-93.67247,35.18892],[-93.67235,35.18914],[-93.67224,35.18938],[-93.67204,35.18959],[-93.67169,35.18993],[-93.67125,35.19036],[-93.6712,35.19064],[-93.67111,35.19087],[-93.67087,35.19097],[-93.6707,35.19109],[-93.67035,35.19134],[-93.67007,35.19162],[-93.66997,35.19193],[-93.67001,35.19315],[-93.6701,35.19355],[-93.67017,35.19367],[-93.67073,35.1943],[-93.67077,35.19444],[-93.67081,35.19458],[-93.67082,35.19473],[-93.67069,35.19591],[-93.67068,35.19623],[-93.67069,35.19635],[-93.6708,35.19676],[-93.67086,35.197],[-93.67087,35.19714],[-93.67078,35.19797],[-93.67076,35.19915],[-93.67081,35.19928],[-93.67083,35.19941],[-93.67086,35.20015],[-93.67091,35.20091],[-93.67087,35.20122],[-93.67082,35.20237],[-93.67073,35.2029],[-93.67065,35.20311],[-93.67034,35.20361],[-93.67006,35.20414],[-93.66996,35.2044],[-93.66991,35.20474],[-93.66984,35.20549],[-93.66991,35.20569],[-93.67006,35.20588],[-93.67023,35.20604],[-93.67076,35.20632],[-93.67168,35.20648],[-93.67214,35.20659],[-93.67243,35.20671],[-93.67281,35.20692],[-93.6732,35.20722],[-93.67337,35.20739],[-93.67341,35.20746],[-93.67333,35.20758],[-93.67322,35.20764],[-93.67296,35.20771],[-93.67268,35.20771],[-93.6722,35.20776],[-93.67174,35.208],[-93.67117,35.20827],[-93.67076,35.2084],[-93.67034,35.20848],[-93.67008,35.2086],[-93.67003,35.20874],[-93.67007,35.20903],[-93.67025,35.20953],[-93.67033,35.21011],[-93.67032,35.21047],[-93.67022,35.21077],[-93.67011,35.21098],[-93.6701,35.211],[-93.67009,35.21115],[-93.67023,35.21214],[-93.67022,35.21274],[-93.67016,35.21289],[-93.66999,35.2131],[-93.66969,35.21347],[-93.66965,35.21358],[-93.66969,35.21383],[-93.6699,35.21466],[-93.67,35.21521],[-93.67006,35.21543],[-93.67014,35.21565],[-93.67013,35.21586],[-93.67006,35.216],[-93.67001,35.21618],[-93.67,35.21626],[-93.67003,35.21634],[-93.67025,35.21703],[-93.67035,35.2175],[-93.67063,35.218],[-93.67073,35.21828],[-93.67086,35.21865],[-93.67116,35.21909],[-93.67168,35.21983],[-93.67186,35.22014],[-93.6721,35.22066],[-93.67241,35.2211],[-93.67263,35.22136],[-93.67279,35.22148],[-93.67293,35.22155],[-93.67315,35.22163],[-93.6739,35.22179],[-93.67408,35.22188],[-93.67423,35.222],[-93.67435,35.22213],[-93.67443,35.22229],[-93.67458,35.22265],[-93.67467,35.22276],[-93.67475,35.2228],[-93.67499,35.22294],[-93.67525,35.22312],[-93.6758,35.22389],[-93.6762,35.22445],[-93.67631,35.22467],[-93.67632,35.22489],[-93.67624,35.22518],[-93.67625,35.22538],[-93.67629,35.22553],[-93.67642,35.22586],[-93.67661,35.22615],[-93.67735,35.2267],[-93.67756,35.22692],[-93.67782,35.22725],[-93.678,35.22742],[-93.67854,35.22784],[-93.67897,35.22826],[-93.6791,35.22844],[-93.67915,35.22855],[-93.67917,35.22875],[-93.67915,35.22915],[-93.67919,35.22934],[-93.67925,35.22956],[-93.6793,35.22973],[-93.67932,35.2299],[-93.67931,35.23014],[-93.67932,35.2304],[-93.67933,35.23045],[-93.67939,35.23055],[-93.6795,35.23067],[-93.67966,35.23077],[-93.68013,35.23108],[-93.6805,35.23126],[-93.6814,35.23165],[-93.68205,35.23188],[-93.6825,35.23203],[-93.68281,35.23209],[-93.68305,35.23208],[-93.68333,35.23208],[-93.68347,35.23212],[-93.68361,35.23224],[-93.68375,35.23245],[-93.68377,35.23262],[-93.6837,35.23294],[-93.68366,35.23325],[-93.68365,35.23366],[-93.68365,35.23462],[-93.68366,35.23506],[-93.68361,35.23591],[-93.68357,35.23674],[-93.6835,35.23732],[-93.6834,35.23768],[-93.68333,35.23774],[-93.68324,35.23779],[-93.68299,35.23781],[-93.68276,35.23783],[-93.6825,35.23784],[-93.68225,35.23792],[-93.68198,35.23803],[-93.68172,35.23821],[-93.68157,35.23834],[-93.6815,35.23839],[-93.68148,35.23849],[-93.68146,35.23859],[-93.68154,35.23869],[-93.68166,35.23877],[-93.68184,35.23887],[-93.68206,35.23899],[-93.68245,35.23914],[-93.68316,35.23939],[-93.68395,35.23962],[-93.68461,35.23982],[-93.68507,35.23995],[-93.68538,35.24],[-93.6856,35.24006],[-93.6857,35.24014],[-93.68572,35.24024],[-93.68573,35.24037],[-93.68567,35.2405],[-93.68557,35.24065],[-93.68545,35.24084],[-93.6854,35.24098],[-93.68536,35.24114],[-93.68538,35.24132],[-93.68543,35.24149],[-93.68554,35.2416],[-93.68572,35.2417],[-93.68587,35.24186],[-93.68597,35.24197],[-93.686,35.24204],[-93.68602,35.24209],[-93.68602,35.24214],[-93.68599,35.24219],[-93.68594,35.24227],[-93.68587,35.24232],[-93.68574,35.24238],[-93.68559,35.24241],[-93.6855,35.24245],[-93.68539,35.24248],[-93.68532,35.24248],[-93.68521,35.24247],[-93.68513,35.24248],[-93.68506,35.2425],[-93.68504,35.24257],[-93.68506,35.24266],[-93.6851,35.24279],[-93.68514,35.24289],[-93.68518,35.24302],[-93.68521,35.24314],[-93.68524,35.24326],[-93.68529,35.24343],[-93.68552,35.24423],[-93.68562,35.24458],[-93.68568,35.24477],[-93.68574,35.2449],[-93.68583,35.24503],[-93.68597,35.2452],[-93.68624,35.24548],[-93.68652,35.24579],[-93.68664,35.24594],[-93.68672,35.24602],[-93.68675,35.24612],[-93.68676,35.24621],[-93.68672,35.24637],[-93.68649,35.24704],[-93.68641,35.24731],[-93.68634,35.24768],[-93.68593,35.24963],[-93.68596,35.24978],[-93.68614,35.2501],[-93.68626,35.25045],[-93.68627,35.251],[-93.68627,35.25124],[-93.68623,35.25145],[-93.68608,35.25173],[-93.68583,35.25197],[-93.68551,35.25224],[-93.68529,35.25241],[-93.68503,35.25255],[-93.68476,35.25258],[-93.68459,35.25252],[-93.68397,35.25232],[-93.68312,35.25198],[-93.68279,35.25184],[-93.68263,35.2518],[-93.68246,35.25177],[-93.68231,35.25179],[-93.68218,35.25181],[-93.68187,35.25189],[-93.68143,35.25194],[-93.68115,35.25197],[-93.68089,35.25202],[-93.68051,35.25212],[-93.68009,35.25224],[-93.67974,35.25234],[-93.6794,35.25242],[-93.67914,35.25246],[-93.67879,35.25251],[-93.67861,35.25253]]},"properties":{"layer":"roads_100ft_buffer","name":"Robert Hill Road","description":"AGFC WMA road Robert Hill Road (Gravel, County). 100-ft no-hunt setback applies. Source: AGFC FeatureServer/8.","ftype":"Gravel","owner":"County","feature_role":"road_centerline"}},{"type":"Feature","geometry":{"type":"LineString","coordinates":[[-93.78212,35.21131],[-93.78224,35.21138],[-93.78232,35.21145],[-93.78237,35.21152],[-93.78248,35.21161],[-93.7826,35.2117]]},"properties":{"layer":"roads_100ft_buffer","name":"Unknown Road","description":"AGFC WMA road Unknown Road (Gravel, USFS). 100-ft no-hunt setback applies. Source: AGFC FeatureServer/8.","ftype":"Gravel","owner":"USFS","feature_role":"road_centerline"}},{"type":"Feature","geometry":{"type":"LineString","coordinates":[[-93.54815,35.13443],[-93.54798,35.13441],[-93.54767,35.13445],[-93.54676,35.13454],[-93.54605,35.13458],[-93.54573,35.1346],[-93.54536,35.13462],[-93.54504,35.13469],[-93.54473,35.13475],[-93.54446,35.13486],[-93.54415,35.13501],[-93.54339,35.13519],[-93.54261,35.13542],[-93.54224,35.13554],[-93.54197,35.13559],[-93.54158,35.13558],[-93.54012,35.13556],[-93.53933,35.13559],[-93.53872,35.13566],[-93.53808,35.13579],[-93.53778,35.13583],[-93.53752,35.13584],[-93.53725,35.13582],[-93.53671,35.13579],[-93.53611,35.13582],[-93.53567,35.13585],[-93.5353,35.13595],[-93.53497,35.1361],[-93.53472,35.13628],[-93.53388,35.13714],[-93.53355,35.13747],[-93.53336,35.13768],[-93.53328,35.13782],[-93.53308,35.13811],[-93.53301,35.1383],[-93.53279,35.13846],[-93.53241,35.13877],[-93.53208,35.13896],[-93.53111,35.13961],[-93.53014,35.14009],[-93.53004,35.14021],[-93.52998,35.14035],[-93.52989,35.14059],[-93.52984,35.14083],[-93.52978,35.14116],[-93.52972,35.1415],[-93.52966,35.14166],[-93.52953,35.14178],[-93.52934,35.14186],[-93.52903,35.14191],[-93.52859,35.14196],[-93.52837,35.14201],[-93.528,35.14199],[-93.5277,35.14194],[-93.52738,35.14186],[-93.52703,35.14183],[-93.52619,35.1418],[-93.52532,35.14176],[-93.52337,35.14175],[-93.522,35.14173],[-93.52138,35.1417],[-93.52096,35.14163],[-93.5204,35.14153],[-93.51985,35.14142],[-93.5193,35.14143],[-93.51909,35.14149],[-93.51893,35.14153],[-93.51868,35.14157],[-93.51854,35.14161],[-93.51804,35.14169],[-93.51774,35.14169],[-93.51732,35.14166],[-93.51678,35.14165],[-93.51605,35.14164],[-93.51454,35.14161],[-93.51255,35.1416],[-93.51104,35.14157],[-93.51035,35.14154],[-93.51002,35.14149],[-93.50904,35.14102],[-93.50888,35.14093],[-93.50872,35.14084],[-93.50862,35.14076],[-93.50849,35.14067],[-93.50847,35.14065]]},"properties":{"layer":"roads_100ft_buffer","name":"East Cedar Piney Road","description":"AGFC WMA road East Cedar Piney Road (Gravel, County). 100-ft no-hunt setback applies. Source: AGFC FeatureServer/8.","ftype":"Gravel","owner":"County","feature_role":"road_centerline"}},{"type":"Feature","geometry":{"type":"LineString","coordinates":[[-93.36037,35.15546],[-93.36058,35.15547],[-93.36936,35.15568],[-93.38004,35.15589],[-93.38206,35.15592],[-93.38628,35.15597],[-93.38777,35.15593],[-93.39154,35.15578],[-93.3942,35.1556],[-93.39553,35.15552],[-93.39907,35.15537],[-93.40151,35.15531],[-93.40614,35.15522],[-93.40826,35.15517],[-93.41125,35.15498],[-93.41217,35.15491],[-93.41409,35.15505],[-93.41511,35.15517],[-93.41727,35.15546],[-93.41997,35.1559],[-93.42043,35.15591],[-93.42149,35.15592],[-93.42295,35.15592],[-93.42322,35.15593],[-93.42329,35.15595],[-93.42337,35.15597],[-93.42348,35.15607],[-93.42349,35.1561],[-93.42354,35.15617],[-93.42359,35.15636],[-93.42361,35.15651],[-93.42368,35.15668],[-93.42382,35.15683],[-93.42396,35.15694],[-93.4241,35.15702],[-93.42424,35.15706],[-93.42446,35.15708],[-93.42461,35.15709],[-93.42488,35.15709],[-93.42501,35.1571],[-93.4251,35.15712],[-93.42517,35.15713],[-93.42532,35.15718],[-93.42544,35.15724],[-93.42565,35.15742],[-93.42574,35.15753],[-93.42582,35.15769],[-93.42584,35.15787],[-93.42584,35.15798],[-93.42581,35.15818],[-93.42566,35.15853],[-93.42554,35.15879],[-93.42523,35.15929],[-93.42512,35.15946],[-93.425,35.15967],[-93.42493,35.15985],[-93.42487,35.16018],[-93.42484,35.1604],[-93.42486,35.1605],[-93.42495,35.16073],[-93.42512,35.16111],[-93.42531,35.16134],[-93.42547,35.16148],[-93.42564,35.1616],[-93.4258,35.16169],[-93.42607,35.16177],[-93.42635,35.16183],[-93.42664,35.16186],[-93.42687,35.16192],[-93.42714,35.16202],[-93.42735,35.16214],[-93.42752,35.16226],[-93.42769,35.16246],[-93.42781,35.16259],[-93.42804,35.16311],[-93.42837,35.16391],[-93.42865,35.16452],[-93.42878,35.16482],[-93.42888,35.16497],[-93.42908,35.16514],[-93.42924,35.16522],[-93.42947,35.16526],[-93.42971,35.16517],[-93.43087,35.16454],[-93.43159,35.16411],[-93.43197,35.16383],[-93.43216,35.16358],[-93.4323,35.16329],[-93.43236,35.16316],[-93.43238,35.16302],[-93.43238,35.16295],[-93.43237,35.16262],[-93.43226,35.16153],[-93.4322,35.16107],[-93.43224,35.16078],[-93.43233,35.16057],[-93.43237,35.16052],[-93.43256,35.16033],[-93.43292,35.16021],[-93.4331,35.16015],[-93.43325,35.16006],[-93.43341,35.15996],[-93.43353,35.15972],[-93.43358,35.15955],[-93.43358,35.15929],[-93.43357,35.15902],[-93.43348,35.15875],[-93.43335,35.15854],[-93.43319,35.15832],[-93.43291,35.15809],[-93.43257,35.15788],[-93.43169,35.1574],[-93.43108,35.15706],[-93.4303,35.15664],[-93.43003,35.15649],[-93.42968,35.1563],[-93.42949,35.15618],[-93.42938,35.15611],[-93.42926,35.15599],[-93.42921,35.15592],[-93.42916,35.15581],[-93.42914,35.15569],[-93.42915,35.15559],[-93.42926,35.15532],[-93.42941,35.15505],[-93.42967,35.15469],[-93.42985,35.15447],[-93.42992,35.15429],[-93.42998,35.15413],[-93.43005,35.1539],[-93.43008,35.15376],[-93.43014,35.15367],[-93.4302,35.15358],[-93.43042,35.15345],[-93.43056,35.15335],[-93.43066,35.15325],[-93.43072,35.15305],[-93.4308,35.15267],[-93.43083,35.15247],[-93.43087,35.15213],[-93.43095,35.15183],[-93.43099,35.1517],[-93.43107,35.1516],[-93.43121,35.15148],[-93.43137,35.15141],[-93.43155,35.15134],[-93.43169,35.15123],[-93.43181,35.15107],[-93.43183,35.15084],[-93.43184,35.15073],[-93.43165,35.15053],[-93.43152,35.15045],[-93.4314,35.15039],[-93.43131,35.15036],[-93.43049,35.15028],[-93.42773,35.15005],[-93.42717,35.14998],[-93.42687,35.14985],[-93.42661,35.14969],[-93.4264,35.14951],[-93.42626,35.14927],[-93.42623,35.14902],[-93.42626,35.14888],[-93.42631,35.14865],[-93.42649,35.14841],[-93.42702,35.14791],[-93.42728,35.14774],[-93.42775,35.14743],[-93.42806,35.14717],[-93.42838,35.14677],[-93.42868,35.1462]]},"properties":{"layer":"roads_100ft_buffer","name":"Spring Lake Road","description":"AGFC WMA road Spring Lake Road (Gravel, County). 100-ft no-hunt setback applies. Source: AGFC FeatureServer/8.","ftype":"Gravel","owner":"County","feature_role":"road_centerline"}},{"type":"Feature","geometry":{"type":"LineString","coordinates":[[-93.72408,35.14469],[-93.72439,35.14537],[-93.72459,35.14576],[-93.72468,35.14586],[-93.72481,35.14593],[-93.725,35.14601],[-93.72547,35.14611],[-93.7258,35.14622],[-93.72604,35.14641],[-93.72616,35.14655],[-93.7262,35.14668],[-93.72622,35.14689],[-93.72619,35.14717],[-93.72621,35.1475],[-93.72628,35.14769],[-93.7265,35.14791],[-93.72675,35.1481],[-93.72683,35.14826],[-93.72693,35.14851],[-93.72695,35.14879],[-93.72696,35.14903],[-93.72704,35.14992],[-93.72711,35.1504],[-93.72721,35.1507],[-93.7273,35.15091],[-93.72766,35.15154],[-93.72785,35.15191],[-93.7279,35.15208],[-93.7279,35.15217],[-93.72787,35.1523],[-93.72785,35.1524],[-93.72772,35.15253],[-93.72763,35.15264],[-93.72733,35.15282],[-93.72708,35.15295]]},"properties":{"layer":"roads_100ft_buffer","name":"Wicked Creek Road","description":"AGFC WMA road Wicked Creek Road (Gravel, USFS). 100-ft no-hunt setback applies. Source: AGFC FeatureServer/8.","ftype":"Gravel","owner":"USFS","feature_role":"road_centerline"}},{"type":"Feature","geometry":{"type":"LineString","coordinates":[[-93.35149,35.19413],[-93.35148,35.19323],[-93.3515,35.19244],[-93.35149,35.19091],[-93.35155,35.18861],[-93.35158,35.18631],[-93.35163,35.18562]]},"properties":{"layer":"roads_100ft_buffer","name":"Pig Valley Road","description":"AGFC WMA road Pig Valley Road (Gravel, USFS). 100-ft no-hunt setback applies. Source: AGFC FeatureServer/8.","ftype":"Gravel","owner":"USFS","feature_role":"road_centerline"}},{"type":"Feature","geometry":{"type":"LineString","coordinates":[[-93.62217,35.14204],[-93.622,35.14182],[-93.62194,35.14171],[-93.62191,35.14156],[-93.62155,35.14051],[-93.62145,35.1403],[-93.62151,35.14023],[-93.62149,35.1401],[-93.62144,35.13986],[-93.62133,35.1397],[-93.62125,35.13958],[-93.6212,35.13949],[-93.62117,35.13939],[-93.62113,35.13922],[-93.62103,35.13909],[-93.62075,35.13883],[-93.62069,35.13871],[-93.62061,35.13846],[-93.62049,35.13804],[-93.62046,35.13781],[-93.62048,35.13771],[-93.6205,35.13761],[-93.62048,35.13752],[-93.62036,35.13715],[-93.62034,35.13706],[-93.62036,35.13699],[-93.62046,35.1366],[-93.62048,35.13646],[-93.62044,35.13627],[-93.62035,35.13614],[-93.62023,35.13605],[-93.62007,35.13598],[-93.6197,35.13587],[-93.61963,35.13581],[-93.61961,35.13574],[-93.61952,35.13544],[-93.61951,35.13536],[-93.61953,35.13527],[-93.61969,35.13513]]},"properties":{"layer":"roads_100ft_buffer","name":"FS 1678D","description":"AGFC WMA road FS 1678D (Gravel, USFS). 100-ft no-hunt setback applies. Source: AGFC FeatureServer/8.","ftype":"Gravel","owner":"USFS","feature_role":"road_centerline"}},{"type":"Feature","geometry":{"type":"LineString","coordinates":[[-93.65176,35.24686],[-93.65349,35.24691],[-93.65377,35.24696],[-93.65476,35.24735],[-93.65609,35.24792],[-93.65679,35.24814],[-93.65738,35.24827],[-93.65831,35.24859],[-93.65914,35.24897],[-93.65948,35.2492],[-93.65991,35.2496],[-93.66021,35.24989],[-93.66037,35.25009],[-93.66062,35.25025],[-93.66087,35.25035],[-93.66175,35.25053],[-93.66268,35.25065],[-93.66349,35.25077],[-93.66412,35.25094],[-93.66447,35.25112],[-93.6648,35.25141],[-93.66526,35.25184],[-93.66525,35.25184]]},"properties":{"layer":"roads_100ft_buffer","name":"AR Hwy 309","description":"AGFC WMA road AR Hwy 309 (Paved, Other). 100-ft no-hunt setback applies. Source: AGFC FeatureServer/8.","ftype":"Paved","owner":"Other","feature_role":"road_centerline"}},{"type":"Feature","geometry":{"type":"LineString","coordinates":[[-93.63745,35.2464],[-93.63544,35.24633],[-93.63413,35.24634],[-93.63367,35.2464],[-93.63295,35.24645],[-93.6311,35.24652],[-93.62985,35.24666],[-93.62916,35.24677],[-93.62893,35.24684],[-93.62857,35.24707],[-93.62696,35.24851],[-93.62652,35.2489],[-93.62614,35.24939],[-93.6255,35.25025],[-93.6254,35.25034],[-93.62525,35.2504],[-93.62509,35.25044],[-93.62494,35.25047],[-93.62466,35.25044],[-93.62212,35.25046],[-93.62118,35.25045],[-93.61866,35.25031],[-93.61704,35.25022],[-93.61657,35.25019],[-93.61601,35.25007],[-93.61548,35.24991],[-93.61522,35.24981],[-93.61495,35.24965],[-93.61385,35.24874],[-93.61345,35.24851],[-93.61319,35.24838],[-93.61296,35.2483],[-93.61249,35.24823],[-93.61051,35.24806],[-93.60701,35.24793],[-93.60323,35.24778],[-93.6013,35.24773],[-93.60071,35.24768],[-93.60005,35.24759],[-93.59971,35.24749],[-93.59944,35.24739],[-93.59852,35.24692],[-93.59741,35.24632],[-93.59719,35.24622],[-93.59697,35.24616],[-93.5966,35.24613],[-93.59555,35.24613],[-93.59477,35.24611],[-93.59418,35.24611],[-93.59026,35.24588],[-93.59014,35.24586],[-93.59004,35.24583],[-93.58995,35.24578],[-93.58988,35.24565],[-93.58985,35.24553],[-93.58986,35.24506],[-93.58996,35.24304],[-93.58996,35.24209],[-93.58989,35.24111],[-93.58978,35.24004],[-93.58957,35.23875],[-93.58955,35.23822],[-93.58955,35.23789],[-93.58953,35.23753],[-93.58936,35.23657],[-93.58903,35.23519],[-93.58898,35.23499],[-93.58891,35.23475],[-93.58834,35.23353],[-93.58787,35.23241],[-93.58755,35.23157],[-93.58742,35.23117],[-93.58734,35.23093],[-93.58724,35.23075],[-93.58659,35.22977],[-93.5864,35.22953],[-93.58593,35.2291],[-93.58521,35.22853],[-93.58444,35.2279],[-93.58352,35.22704],[-93.58333,35.2269],[-93.58284,35.22647],[-93.58256,35.22627],[-93.58228,35.2261],[-93.58191,35.22594],[-93.58011,35.22518],[-93.57968,35.22503],[-93.57879,35.22483],[-93.57771,35.22452],[-93.57703,35.22431],[-93.57671,35.22422],[-93.5765,35.22421],[-93.57613,35.22421],[-93.57557,35.2243],[-93.57532,35.22437],[-93.57497,35.22455],[-93.57463,35.22479],[-93.57445,35.22486],[-93.57428,35.22489],[-93.57414,35.22489],[-93.57395,35.22485],[-93.57379,35.22481],[-93.57369,35.22476],[-93.57354,35.22465],[-93.57302,35.224],[-93.57286,35.22379],[-93.57279,35.22367],[-93.57276,35.22336],[-93.5727,35.2223],[-93.57272,35.22006],[-93.57273,35.21819],[-93.57271,35.21736],[-93.57263,35.21624],[-93.5726,35.21596],[-93.57262,35.21585],[-93.57265,35.21569],[-93.57269,35.21551],[-93.57272,35.2154],[-93.57273,35.21523],[-93.57271,35.21439],[-93.57271,35.21419],[-93.57235,35.21396],[-93.57198,35.21383],[-93.5716,35.21374],[-93.57139,35.21369],[-93.57124,35.21364],[-93.57102,35.21352],[-93.57064,35.2133],[-93.5702,35.21301],[-93.56992,35.21283],[-93.56982,35.21274],[-93.56977,35.21268],[-93.56974,35.2126],[-93.56974,35.21249],[-93.56975,35.21237],[-93.56977,35.21205],[-93.56994,35.21128],[-93.56998,35.21101],[-93.57001,35.21079],[-93.57001,35.21028],[-93.57001,35.20984],[-93.56999,35.20928],[-93.57003,35.20885],[-93.57003,35.2087],[-93.56999,35.20853],[-93.56985,35.20804],[-93.56947,35.20711],[-93.56934,35.20666],[-93.56927,35.20638],[-93.56925,35.20588],[-93.56924,35.20542],[-93.5692,35.20503],[-93.56914,35.20478],[-93.56909,35.20465],[-93.56899,35.20452],[-93.56868,35.20422],[-93.56844,35.20399],[-93.56833,35.20388]]},"properties":{"layer":"roads_100ft_buffer","name":"Rich Mountain Road","description":"AGFC WMA road Rich Mountain Road (Gravel, County). 100-ft no-hunt setback applies. Source: AGFC FeatureServer/8.","ftype":"Gravel","owner":"County","feature_role":"road_centerline"}},{"type":"Feature","geometry":{"type":"LineString","coordinates":[[-93.60287,35.13267],[-93.60285,35.13288],[-93.6029,35.13324],[-93.60299,35.13379],[-93.60298,35.13393],[-93.60283,35.1346],[-93.6028,35.13487],[-93.60265,35.13717],[-93.60262,35.13746],[-93.60259,35.13769],[-93.6025,35.13788],[-93.60232,35.13815],[-93.60224,35.13832],[-93.60217,35.13847],[-93.60212,35.13865],[-93.60197,35.14014],[-93.60197,35.14036],[-93.60204,35.14054],[-93.60214,35.14079],[-93.60222,35.14095],[-93.60231,35.14104],[-93.60243,35.14113],[-93.60263,35.14124],[-93.60289,35.1413],[-93.60349,35.1413],[-93.60379,35.14126],[-93.60392,35.14121],[-93.60409,35.1411],[-93.60431,35.14095],[-93.60435,35.14089],[-93.60446,35.14085],[-93.60553,35.14054],[-93.60604,35.14041],[-93.60706,35.14015],[-93.60767,35.13998],[-93.60791,35.13993],[-93.60833,35.13989],[-93.6087,35.13982],[-93.60901,35.13971],[-93.6095,35.13963],[-93.61006,35.13958],[-93.61045,35.13954],[-93.61088,35.13953],[-93.61129,35.13949],[-93.61222,35.13932],[-93.61296,35.13921],[-93.61381,35.13919],[-93.61419,35.13919],[-93.61434,35.1392],[-93.61449,35.13924],[-93.61535,35.13984],[-93.61648,35.14069],[-93.61738,35.14131],[-93.61762,35.14148],[-93.61782,35.14157],[-93.61808,35.14166],[-93.61833,35.14175],[-93.61852,35.14179],[-93.61874,35.1418],[-93.61893,35.14181],[-93.62034,35.14168],[-93.62048,35.14168],[-93.62069,35.14169],[-93.62095,35.14174],[-93.62156,35.14194],[-93.62187,35.14203],[-93.6221,35.14206],[-93.62213,35.14206],[-93.62242,35.14204],[-93.62262,35.14205],[-93.62276,35.14208],[-93.6232,35.14222],[-93.62364,35.14222],[-93.624,35.14222],[-93.62408,35.14222],[-93.62423,35.14227],[-93.62613,35.14329],[-93.62704,35.14371],[-93.62731,35.14385],[-93.62735,35.14387],[-93.62752,35.14396],[-93.62763,35.14399],[-93.62773,35.14399],[-93.62775,35.14399],[-93.62784,35.14396],[-93.62799,35.14388],[-93.62812,35.1438],[-93.62825,35.1437],[-93.6286,35.1434],[-93.62884,35.14324],[-93.62909,35.14307],[-93.62926,35.14298],[-93.62948,35.14291],[-93.62982,35.14285],[-93.63062,35.14279],[-93.6318,35.14272],[-93.63239,35.14266],[-93.63265,35.14264],[-93.63352,35.1427],[-93.63451,35.14279],[-93.63482,35.14282],[-93.63503,35.14286],[-93.63569,35.14307],[-93.63596,35.14321],[-93.63619,35.14339],[-93.63643,35.14352],[-93.6367,35.14359],[-93.63697,35.14362],[-93.63723,35.14359],[-93.63753,35.14348],[-93.63781,35.14339],[-93.63796,35.14339],[-93.63811,35.14342],[-93.63823,35.1435],[-93.6385,35.14384],[-93.6386,35.14402],[-93.63869,35.14411],[-93.63878,35.14414],[-93.63887,35.14417],[-93.63897,35.14418],[-93.63907,35.14417],[-93.63919,35.14412],[-93.63925,35.14405],[-93.63932,35.14393],[-93.63935,35.14373],[-93.63939,35.1436],[-93.63943,35.14347],[-93.63949,35.14335],[-93.63982,35.143],[-93.64022,35.14263],[-93.64038,35.14252],[-93.64049,35.14246],[-93.64114,35.14234],[-93.64201,35.14228],[-93.64245,35.14227],[-93.64282,35.14232],[-93.64341,35.14246],[-93.64381,35.14261],[-93.64428,35.14281],[-93.64454,35.14293],[-93.64472,35.14296],[-93.64495,35.14299],[-93.64516,35.14301],[-93.64533,35.14305],[-93.64548,35.14312],[-93.6457,35.14326],[-93.64581,35.14336],[-93.64591,35.1434],[-93.64596,35.14343],[-93.64607,35.14342],[-93.64615,35.1434],[-93.64622,35.14335],[-93.64631,35.14326],[-93.6467,35.1429],[-93.64686,35.1428],[-93.64698,35.14274],[-93.64721,35.1427],[-93.648,35.14265],[-93.64993,35.14249],[-93.65009,35.14251],[-93.65019,35.14255],[-93.6503,35.14261],[-93.65047,35.14268],[-93.65059,35.14273],[-93.6507,35.14276],[-93.65081,35.14277],[-93.65095,35.14272],[-93.65108,35.14269],[-93.6512,35.14263],[-93.65131,35.14256],[-93.65136,35.14248],[-93.65132,35.14201],[-93.65136,35.14186],[-93.65142,35.14172],[-93.65153,35.1416],[-93.65173,35.14146],[-93.65193,35.1414],[-93.6521,35.14135],[-93.65223,35.14137],[-93.65231,35.14141],[-93.65246,35.14149],[-93.65258,35.14151],[-93.65272,35.14152],[-93.65288,35.14148],[-93.65385,35.14114],[-93.65417,35.14105],[-93.65431,35.14097],[-93.65435,35.14091],[-93.65444,35.14076],[-93.65448,35.14067],[-93.65458,35.14053],[-93.65471,35.14038],[-93.6548,35.14026],[-93.65492,35.14011],[-93.65505,35.13999],[-93.65517,35.1399],[-93.6553,35.13984],[-93.65541,35.13982],[-93.65555,35.13982],[-93.65571,35.13985],[-93.65592,35.13987],[-93.65615,35.13986],[-93.65643,35.13989],[-93.65658,35.13992],[-93.65696,35.14002],[-93.65703,35.14009],[-93.65712,35.14018],[-93.65726,35.14031],[-93.65758,35.14044],[-93.65786,35.14056],[-93.65813,35.14071],[-93.65831,35.14078],[-93.65841,35.14081]]},"properties":{"layer":"roads_100ft_buffer","name":"FS 1678","description":"AGFC WMA road FS 1678 (Gravel, USFS). 100-ft no-hunt setback applies. Source: AGFC FeatureServer/8.","ftype":"Gravel","owner":"USFS","feature_role":"road_centerline"}},{"type":"Feature","geometry":{"type":"LineString","coordinates":[[-93.51266,35.17042],[-93.51266,35.17038],[-93.51269,35.1702],[-93.51274,35.17003],[-93.51279,35.16989],[-93.51284,35.16978],[-93.51292,35.16967],[-93.51299,35.16956],[-93.51315,35.16939],[-93.51326,35.16928],[-93.51337,35.16922],[-93.51355,35.16914],[-93.51383,35.16905],[-93.51409,35.16898],[-93.51418,35.16894],[-93.51428,35.16887],[-93.5143,35.16882],[-93.51431,35.16873],[-93.51427,35.16869],[-93.51419,35.16863],[-93.51371,35.16838],[-93.51331,35.16821],[-93.51313,35.16815],[-93.51302,35.16809],[-93.51293,35.16801],[-93.51281,35.16785],[-93.5127,35.16772],[-93.51255,35.1676],[-93.51246,35.1675],[-93.5124,35.16742],[-93.51235,35.16731],[-93.51233,35.16716],[-93.51234,35.16696],[-93.51235,35.16662],[-93.51235,35.16643],[-93.51237,35.16632],[-93.51242,35.16623],[-93.51248,35.16613],[-93.5128,35.16575],[-93.51291,35.16561],[-93.51303,35.16551],[-93.51315,35.1654],[-93.51321,35.16536],[-93.51328,35.16531],[-93.51342,35.16528],[-93.51352,35.16525],[-93.5136,35.16522],[-93.51366,35.16518],[-93.5137,35.16512],[-93.51372,35.16506],[-93.5137,35.16499],[-93.51367,35.16491],[-93.51351,35.16458],[-93.51338,35.16427],[-93.51334,35.16414],[-93.51331,35.16391],[-93.51332,35.16356],[-93.51329,35.16323],[-93.51325,35.16302],[-93.5131,35.16264],[-93.51289,35.16215],[-93.51279,35.16183],[-93.51268,35.16136],[-93.51253,35.16077],[-93.51227,35.15967],[-93.51207,35.15872],[-93.51194,35.15822],[-93.51184,35.15793],[-93.51179,35.15779],[-93.51179,35.15766],[-93.51178,35.15753],[-93.51176,35.15735],[-93.51177,35.15701],[-93.51186,35.15677],[-93.51227,35.15645],[-93.51296,35.15595],[-93.51333,35.15568],[-93.51353,35.15554],[-93.51366,35.15534],[-93.51375,35.15511],[-93.51377,35.15482],[-93.51376,35.15454],[-93.51375,35.1542],[-93.51379,35.15399],[-93.51386,35.15383],[-93.514,35.15361],[-93.51414,35.15339],[-93.51427,35.15322],[-93.5144,35.15304],[-93.51444,35.153],[-93.51447,35.15283],[-93.51442,35.15264],[-93.5144,35.15255],[-93.51436,35.15247],[-93.51429,35.1524],[-93.51415,35.15234]]},"properties":{"layer":"roads_100ft_buffer","name":"FR 1607","description":"AGFC WMA road FR 1607 (Gravel, USFS). 100-ft no-hunt setback applies. Source: AGFC FeatureServer/8.","ftype":"Gravel","owner":"USFS","feature_role":"road_centerline"}},{"type":"Feature","geometry":{"type":"LineString","coordinates":[[-93.76931,35.22444],[-93.76934,35.22434],[-93.76937,35.22423],[-93.76943,35.22414],[-93.7695,35.22406],[-93.76961,35.22398],[-93.7698,35.22389],[-93.77003,35.22378],[-93.77024,35.2237],[-93.77047,35.22361],[-93.77067,35.22351],[-93.77087,35.22338],[-93.7711,35.22325],[-93.77127,35.22315],[-93.77138,35.22304],[-93.77142,35.22293],[-93.77142,35.22286],[-93.77141,35.22275],[-93.7713,35.22242],[-93.77121,35.22208],[-93.77111,35.2216],[-93.77107,35.22138],[-93.77106,35.22125],[-93.77117,35.2211],[-93.77117,35.2211]]},"properties":{"layer":"roads_100ft_buffer","name":"Unknown Road","description":"AGFC WMA road Unknown Road (Gravel, USFS). 100-ft no-hunt setback applies. Source: AGFC FeatureServer/8.","ftype":"Gravel","owner":"USFS","feature_role":"road_centerline"}},{"type":"Feature","geometry":{"type":"LineString","coordinates":[[-93.51738,35.17395],[-93.51745,35.17404],[-93.51749,35.1741],[-93.5175,35.17418],[-93.51749,35.17423],[-93.51742,35.17433],[-93.51728,35.17448],[-93.51717,35.17459],[-93.51713,35.17466],[-93.51713,35.17471],[-93.51713,35.17475],[-93.51715,35.1748],[-93.51721,35.17487],[-93.5173,35.17492],[-93.51779,35.17513],[-93.518,35.17521],[-93.51815,35.17529],[-93.51832,35.1754],[-93.51929,35.17615],[-93.51939,35.17627],[-93.51942,35.17635],[-93.51944,35.17642],[-93.51943,35.17649],[-93.51938,35.17659],[-93.51934,35.17667],[-93.51933,35.17673],[-93.51934,35.17679],[-93.51937,35.17683],[-93.5194,35.17685],[-93.51944,35.17687],[-93.5195,35.17688],[-93.5196,35.17687],[-93.5197,35.17686],[-93.51986,35.17681],[-93.52003,35.17676],[-93.52023,35.17671],[-93.52037,35.17669],[-93.52056,35.1767],[-93.5208,35.17672],[-93.52103,35.17673],[-93.52126,35.17672],[-93.52139,35.17672],[-93.52152,35.17674],[-93.52161,35.17677],[-93.52172,35.17682],[-93.52183,35.1769],[-93.52193,35.17702],[-93.52202,35.17715],[-93.52209,35.17723],[-93.52216,35.17729],[-93.52222,35.17731],[-93.52229,35.17734],[-93.52236,35.17735],[-93.52242,35.17735],[-93.52249,35.17733],[-93.52258,35.1773],[-93.52263,35.17726],[-93.52279,35.17707],[-93.52284,35.17701],[-93.52291,35.17689],[-93.52293,35.17684],[-93.523,35.17665],[-93.52319,35.17608],[-93.52323,35.17596],[-93.52324,35.17591],[-93.52325,35.17584],[-93.52325,35.17576],[-93.52326,35.17562],[-93.52328,35.17551],[-93.52329,35.17539],[-93.52332,35.1753],[-93.52335,35.17524],[-93.52339,35.17515],[-93.52345,35.17508],[-93.52351,35.17499],[-93.52378,35.1747],[-93.52409,35.17434],[-93.52426,35.17414],[-93.52431,35.17411],[-93.52436,35.17407],[-93.52443,35.17404],[-93.5245,35.17402],[-93.52456,35.17401],[-93.52464,35.174],[-93.52473,35.174],[-93.52488,35.174],[-93.52502,35.17401],[-93.52521,35.17402],[-93.52529,35.17402],[-93.5254,35.17401],[-93.52552,35.17399],[-93.52584,35.1739],[-93.52617,35.1738],[-93.52627,35.17376],[-93.52638,35.1737],[-93.5265,35.1736],[-93.52661,35.17348],[-93.5269,35.17314],[-93.52701,35.17303],[-93.52715,35.1729],[-93.52731,35.17278],[-93.52754,35.17264],[-93.52779,35.17251],[-93.52794,35.17242],[-93.52812,35.17235],[-93.52832,35.17228],[-93.5285,35.17221],[-93.52857,35.17216],[-93.52863,35.17212],[-93.52868,35.17205],[-93.52874,35.17198],[-93.5288,35.17192],[-93.52886,35.17186],[-93.52893,35.1718],[-93.52901,35.17174],[-93.52908,35.1717],[-93.52918,35.17164],[-93.5293,35.1716],[-93.52942,35.17159],[-93.52959,35.17158],[-93.52974,35.17157],[-93.5301,35.17155],[-93.53051,35.17153],[-93.5307,35.17151],[-93.53089,35.17147],[-93.53106,35.17139],[-93.53116,35.17133],[-93.53123,35.17127],[-93.53145,35.17104],[-93.53162,35.17087],[-93.532,35.17053],[-93.53227,35.17028],[-93.53238,35.17018],[-93.53246,35.17012],[-93.53254,35.17008],[-93.53262,35.17005],[-93.53268,35.17004],[-93.53282,35.17006],[-93.53301,35.1701],[-93.53309,35.17011],[-93.53322,35.1701],[-93.53339,35.17008],[-93.53352,35.17005],[-93.53378,35.16997],[-93.53401,35.1699],[-93.53414,35.16986],[-93.53425,35.16983],[-93.53444,35.16979],[-93.53464,35.16975],[-93.5348,35.16972],[-93.53485,35.16969],[-93.53489,35.16966],[-93.53493,35.16964],[-93.53495,35.1696],[-93.53498,35.16955],[-93.53499,35.16951],[-93.53499,35.16948],[-93.53507,35.1692],[-93.5351,35.16909],[-93.5351,35.16898],[-93.53509,35.16889],[-93.53505,35.1687],[-93.53501,35.16853],[-93.53499,35.16842],[-93.53499,35.16835],[-93.535,35.16828],[-93.53502,35.16823],[-93.53504,35.16816],[-93.53507,35.1681],[-93.5351,35.16805],[-93.53512,35.168],[-93.53516,35.16794],[-93.5352,35.16789],[-93.53526,35.16781],[-93.53536,35.16771],[-93.53541,35.16767],[-93.53554,35.16759],[-93.53571,35.16751],[-93.53586,35.16743],[-93.53596,35.16737],[-93.53603,35.16731],[-93.53612,35.16723],[-93.53617,35.16718],[-93.53622,35.16712],[-93.53628,35.16706],[-93.53633,35.16699],[-93.5364,35.16691],[-93.53643,35.16685],[-93.53652,35.16675],[-93.5366,35.16668],[-93.53665,35.16662],[-93.53668,35.16657],[-93.5367,35.16653],[-93.53673,35.16648],[-93.53673,35.16643],[-93.53674,35.1664],[-93.53673,35.16632],[-93.53674,35.16626],[-93.53676,35.16619],[-93.53678,35.16614],[-93.53681,35.16609],[-93.53687,35.16602],[-93.53693,35.16596],[-93.53696,35.16594],[-93.53702,35.1659],[-93.53708,35.16586],[-93.53717,35.16582],[-93.53728,35.16578],[-93.53747,35.16574],[-93.53778,35.16571],[-93.53799,35.16568],[-93.53823,35.16565],[-93.53835,35.16564],[-93.53843,35.16564],[-93.5385,35.16565],[-93.53871,35.1657],[-93.53891,35.16576],[-93.53914,35.16582],[-93.53933,35.16584],[-93.53945,35.16585],[-93.53956,35.16587],[-93.53969,35.16592],[-93.5398,35.16598],[-93.53991,35.16605],[-93.53999,35.1661]]},"properties":{"layer":"roads_100ft_buffer","name":"Unnamed road","description":"AGFC WMA road Unnamed road (Gravel, USFS). 100-ft no-hunt setback applies. Source: AGFC FeatureServer/8.","ftype":"Gravel","owner":"USFS","feature_role":"road_centerline"}},{"type":"Feature","geometry":{"type":"LineString","coordinates":[[-93.55059,35.16045],[-93.55054,35.16057],[-93.55027,35.16124],[-93.55021,35.16148],[-93.55018,35.16171],[-93.55015,35.1621],[-93.55013,35.1625],[-93.55013,35.16308],[-93.55012,35.16327],[-93.55008,35.16358],[-93.55004,35.1639],[-93.55002,35.16407],[-93.54998,35.16419],[-93.54994,35.1644],[-93.54986,35.16461],[-93.54977,35.16482],[-93.5497,35.16497],[-93.54961,35.16513],[-93.54949,35.16526],[-93.54916,35.1655],[-93.54889,35.16567],[-93.54857,35.16583],[-93.54834,35.16592],[-93.54811,35.16594],[-93.54794,35.16589],[-93.54774,35.16581],[-93.54759,35.16581],[-93.5474,35.16582],[-93.54714,35.16584],[-93.54677,35.16582],[-93.54606,35.16583],[-93.54577,35.16584],[-93.54538,35.16579],[-93.54449,35.16567],[-93.54342,35.16552],[-93.5431,35.16548],[-93.54275,35.16546],[-93.54249,35.1655],[-93.54223,35.16553],[-93.54191,35.1656],[-93.54174,35.16561],[-93.54135,35.16563],[-93.54126,35.16563],[-93.54096,35.1656],[-93.54083,35.16561],[-93.54072,35.16566],[-93.54047,35.16579],[-93.54024,35.16592],[-93.54007,35.16606],[-93.53999,35.1661],[-93.54001,35.16614],[-93.54002,35.16625],[-93.53999,35.16642],[-93.53997,35.16657],[-93.53992,35.16671],[-93.53982,35.16682],[-93.5397,35.16691],[-93.53962,35.16694],[-93.53906,35.16719],[-93.53889,35.16731],[-93.53878,35.1674],[-93.53864,35.16755],[-93.53849,35.16777],[-93.53836,35.16796],[-93.53823,35.1683],[-93.53811,35.16861],[-93.53805,35.16876],[-93.53785,35.16922],[-93.53779,35.16946],[-93.53774,35.16961],[-93.53773,35.1698],[-93.53774,35.17006],[-93.53772,35.17047],[-93.53774,35.1706],[-93.53771,35.17083],[-93.53764,35.17096],[-93.53756,35.17105],[-93.53743,35.17115],[-93.53723,35.17125],[-93.5363,35.17172],[-93.536,35.17183],[-93.53582,35.17186],[-93.53572,35.17188],[-93.53552,35.17196],[-93.5334,35.17291],[-93.53316,35.17307],[-93.53303,35.17321],[-93.53299,35.17328],[-93.53289,35.17343],[-93.53283,35.17357],[-93.5327,35.17382],[-93.53254,35.17409],[-93.53246,35.17422],[-93.53229,35.17443],[-93.53192,35.17488],[-93.5316,35.17531],[-93.53081,35.17612],[-93.52975,35.17705],[-93.52942,35.17739],[-93.52909,35.17783],[-93.52892,35.1781],[-93.52888,35.17826],[-93.52888,35.17857],[-93.52888,35.1796],[-93.52882,35.17983],[-93.52844,35.18039],[-93.52814,35.1807],[-93.52749,35.18128],[-93.52699,35.18177],[-93.52679,35.18204],[-93.52669,35.18223],[-93.52658,35.18251],[-93.52656,35.1827],[-93.52655,35.18281],[-93.52643,35.18369],[-93.52622,35.18423],[-93.52533,35.18594],[-93.52497,35.18656],[-93.52478,35.18707],[-93.52471,35.18749],[-93.5247,35.1877],[-93.5248,35.18815],[-93.52485,35.18842],[-93.52483,35.18859],[-93.52469,35.18873],[-93.52446,35.1888],[-93.52423,35.18884],[-93.52387,35.18874],[-93.52358,35.1886],[-93.5234,35.18844],[-93.52323,35.1883],[-93.52306,35.18817],[-93.52284,35.18802],[-93.52266,35.188],[-93.52242,35.18808],[-93.52223,35.18821],[-93.5221,35.18834],[-93.522,35.18845],[-93.52181,35.18858],[-93.52161,35.18866],[-93.52145,35.18871],[-93.52113,35.18879],[-93.52068,35.18887],[-93.52034,35.18894],[-93.51985,35.18912],[-93.51955,35.18929],[-93.51933,35.18944],[-93.51914,35.18953],[-93.5188,35.18972],[-93.51848,35.1899],[-93.51828,35.19003],[-93.51805,35.19017],[-93.51796,35.19029],[-93.51781,35.19053],[-93.51776,35.19069],[-93.51771,35.19081],[-93.51759,35.19101],[-93.51745,35.19115],[-93.51738,35.19123],[-93.51684,35.19144],[-93.51642,35.19171],[-93.51601,35.19201],[-93.51565,35.19221],[-93.51533,35.19229],[-93.51492,35.19235],[-93.51439,35.19244],[-93.51352,35.19271],[-93.51276,35.19299],[-93.51218,35.19311],[-93.51167,35.19317],[-93.51154,35.19319]]},"properties":{"layer":"roads_100ft_buffer","name":"Valentine Ridge Road","description":"AGFC WMA road Valentine Ridge Road (Gravel, USFS). 100-ft no-hunt setback applies. Source: AGFC FeatureServer/8.","ftype":"Gravel","owner":"USFS","feature_role":"road_centerline"}},{"type":"Feature","geometry":{"type":"LineString","coordinates":[[-93.35134,35.17287],[-93.3524,35.17314],[-93.35299,35.17328],[-93.35346,35.17338],[-93.35458,35.17349],[-93.35492,35.17352],[-93.35626,35.17356],[-93.35684,35.17355],[-93.35746,35.17356],[-93.35996,35.17359],[-93.36197,35.17365],[-93.36356,35.17367],[-93.36527,35.17373],[-93.36689,35.17379],[-93.36871,35.17386],[-93.36992,35.17387],[-93.37286,35.17389],[-93.37336,35.1739],[-93.37486,35.17426],[-93.37789,35.17498],[-93.37867,35.17518],[-93.37976,35.17555],[-93.37991,35.17559],[-93.38091,35.1758],[-93.38237,35.17598],[-93.38296,35.17606],[-93.38436,35.17636],[-93.3856,35.17668],[-93.3865,35.17692],[-93.38692,35.17696],[-93.38744,35.17689],[-93.38797,35.17691],[-93.38833,35.177],[-93.38876,35.1772],[-93.3901,35.17773],[-93.3917,35.17835],[-93.39216,35.17854],[-93.39236,35.17862],[-93.39242,35.17865],[-93.39243,35.17875],[-93.39245,35.17923],[-93.39248,35.1793],[-93.39251,35.17935],[-93.3926,35.17939],[-93.39323,35.17961],[-93.39387,35.17973],[-93.39417,35.17975],[-93.39484,35.17969],[-93.39521,35.17966],[-93.39554,35.1797],[-93.39694,35.17994],[-93.39834,35.1802],[-93.39917,35.18035],[-93.39978,35.18045],[-93.39991,35.18049],[-93.40003,35.18063],[-93.40014,35.1809],[-93.40019,35.1811],[-93.40025,35.18115],[-93.40043,35.18133],[-93.40078,35.18158],[-93.40094,35.18168],[-93.40118,35.1818],[-93.40164,35.18193],[-93.40227,35.18202],[-93.40266,35.18208],[-93.40278,35.18211],[-93.40314,35.18223],[-93.40355,35.18234],[-93.40373,35.18237],[-93.40456,35.18248],[-93.40501,35.18251],[-93.4057,35.18253],[-93.40678,35.1825],[-93.40704,35.18251],[-93.40719,35.18255],[-93.40738,35.18262],[-93.40751,35.18269],[-93.40826,35.18289],[-93.40841,35.18292],[-93.40876,35.18297],[-93.40941,35.18307],[-93.41014,35.18316],[-93.41146,35.18327],[-93.4119,35.18329],[-93.41205,35.18326],[-93.41258,35.18304],[-93.41282,35.1829],[-93.41301,35.18275],[-93.41324,35.18263],[-93.41342,35.18256],[-93.41402,35.18237],[-93.41426,35.18234],[-93.41462,35.18234],[-93.41491,35.18225],[-93.41528,35.18215],[-93.41565,35.18204],[-93.41596,35.18198],[-93.41618,35.18195],[-93.41641,35.18196],[-93.41674,35.18201],[-93.41708,35.18213],[-93.41727,35.18222],[-93.41822,35.18276],[-93.42011,35.18387],[-93.42065,35.18418],[-93.42094,35.1843],[-93.42126,35.18436],[-93.42195,35.18438],[-93.42284,35.18446],[-93.42433,35.18455],[-93.42524,35.18465],[-93.42662,35.18476],[-93.4286,35.18492],[-93.43017,35.18505],[-93.43074,35.18509],[-93.43783,35.18564],[-93.43909,35.18575],[-93.4392,35.18576],[-93.43921,35.18576]]},"properties":{"layer":"roads_100ft_buffer","name":"County Road 431","description":"AGFC WMA road County Road 431 (Gravel, USFS). 100-ft no-hunt setback applies. Source: AGFC FeatureServer/8.","ftype":"Gravel","owner":"USFS","feature_role":"road_centerline"}},{"type":"Feature","geometry":{"type":"LineString","coordinates":[[-93.56508,35.15747],[-93.56515,35.1575],[-93.5656,35.15755],[-93.5665,35.1575],[-93.56726,35.15748],[-93.56804,35.15739],[-93.56886,35.15714],[-93.56975,35.15695],[-93.57039,35.15688],[-93.57277,35.15692],[-93.57676,35.15728],[-93.57722,35.1573],[-93.57803,35.15723],[-93.57901,35.15714],[-93.57973,35.15711],[-93.58001,35.15706],[-93.58042,35.15688],[-93.58097,35.15661],[-93.5813,35.15645],[-93.5815,35.15637],[-93.58169,35.15633],[-93.58187,35.15633],[-93.58205,35.15633],[-93.58214,35.15631],[-93.58223,35.15625],[-93.5823,35.15618],[-93.58237,35.15609],[-93.58238,35.15602],[-93.58238,35.15594]]},"properties":{"layer":"roads_100ft_buffer","name":"Barber Ridge Road","description":"AGFC WMA road Barber Ridge Road (Gravel, County). 100-ft no-hunt setback applies. Source: AGFC FeatureServer/8.","ftype":"Gravel","owner":"County","feature_role":"road_centerline"}},{"type":"Feature","geometry":{"type":"LineString","coordinates":[[-93.37791,35.18853],[-93.37807,35.18852],[-93.37839,35.18853],[-93.37883,35.18856],[-93.37942,35.18861],[-93.37983,35.18863],[-93.38054,35.18864],[-93.38131,35.18864],[-93.38164,35.18866],[-93.38211,35.18871],[-93.38259,35.18878],[-93.38307,35.18889],[-93.38379,35.18903],[-93.38412,35.18909],[-93.38492,35.18924],[-93.38605,35.18945],[-93.38661,35.18953],[-93.38799,35.18983],[-93.38889,35.19],[-93.38968,35.19023],[-93.39098,35.1907],[-93.39224,35.19103],[-93.39285,35.19117],[-93.39319,35.19126],[-93.39355,35.1914],[-93.39424,35.19172],[-93.39473,35.19193],[-93.3953,35.19209],[-93.39581,35.19222],[-93.39627,35.1923],[-93.39669,35.1924],[-93.39702,35.19254],[-93.3974,35.19272],[-93.39775,35.19293],[-93.39889,35.19367],[-93.40026,35.19461],[-93.40074,35.19493],[-93.4012,35.19518],[-93.4019,35.19552],[-93.40273,35.19594],[-93.40355,35.19636],[-93.40426,35.19671],[-93.40471,35.19693],[-93.40535,35.19719],[-93.40614,35.19756],[-93.40663,35.19782],[-93.40716,35.19811],[-93.40759,35.1984],[-93.40847,35.19915],[-93.40899,35.19972],[-93.40935,35.20007],[-93.40964,35.20044],[-93.40988,35.20085],[-93.41024,35.20169],[-93.41043,35.20248],[-93.4105,35.20296],[-93.41065,35.20328],[-93.41104,35.20382],[-93.41115,35.20402],[-93.41127,35.20448],[-93.41129,35.2046],[-93.41135,35.20493],[-93.41158,35.20543],[-93.41234,35.20662],[-93.41271,35.20723],[-93.41287,35.2077],[-93.41298,35.20885],[-93.41315,35.20969],[-93.4133,35.21022],[-93.41353,35.2108],[-93.41387,35.21141],[-93.41417,35.21178],[-93.41463,35.2122],[-93.41489,35.21248],[-93.41526,35.21293],[-93.41583,35.21377],[-93.41623,35.21432],[-93.41649,35.21466],[-93.41662,35.21483],[-93.41669,35.21505],[-93.41671,35.21549],[-93.4166,35.21693],[-93.41647,35.21882],[-93.41646,35.22012],[-93.41642,35.22105],[-93.4164,35.22141],[-93.41635,35.2225],[-93.4163,35.22298],[-93.41631,35.22328],[-93.41638,35.2238],[-93.41642,35.22413],[-93.41641,35.22499],[-93.41642,35.22567]]},"properties":{"layer":"roads_100ft_buffer","name":"Harkey Valley Road","description":"AGFC WMA road Harkey Valley Road (Gravel, USFS). 100-ft no-hunt setback applies. Source: AGFC FeatureServer/8.","ftype":"Gravel","owner":"USFS","feature_role":"road_centerline"}},{"type":"Feature","geometry":{"type":"LineString","coordinates":[[-93.72663,35.24493],[-93.723,35.24483],[-93.72263,35.24482],[-93.7224,35.24484],[-93.72223,35.24493],[-93.72208,35.24502],[-93.72182,35.24516],[-93.72158,35.24522],[-93.72129,35.24528],[-93.72117,35.24526],[-93.72099,35.24519],[-93.72084,35.24515],[-93.72059,35.2452],[-93.7203,35.24526],[-93.71974,35.24534],[-93.71948,35.2454],[-93.71929,35.24546],[-93.71919,35.24552],[-93.71874,35.24545],[-93.71831,35.24539],[-93.71809,35.24533],[-93.71791,35.24526],[-93.71781,35.24507],[-93.71758,35.24492],[-93.71696,35.2449],[-93.71658,35.2449],[-93.71614,35.24494],[-93.71512,35.24484],[-93.71464,35.24483],[-93.71379,35.24481],[-93.71359,35.24481],[-93.71325,35.24486],[-93.71243,35.24485],[-93.71201,35.24492],[-93.71189,35.24492],[-93.71156,35.24484],[-93.71104,35.24483],[-93.71076,35.24485],[-93.71049,35.24491],[-93.71008,35.2449],[-93.70936,35.24481],[-93.70916,35.24476],[-93.70902,35.24467],[-93.70882,35.24442],[-93.70856,35.24404],[-93.70832,35.24373],[-93.70814,35.24345],[-93.70806,35.24323],[-93.70781,35.24285],[-93.70772,35.2426],[-93.70767,35.24235],[-93.70762,35.24215],[-93.70748,35.24185],[-93.7073,35.24168],[-93.70706,35.24157],[-93.70633,35.24137],[-93.70601,35.24128],[-93.70573,35.24123],[-93.70507,35.24115],[-93.70411,35.24109],[-93.70387,35.24105],[-93.70354,35.24094],[-93.70327,35.24083],[-93.70284,35.24066],[-93.7024,35.24059],[-93.70204,35.24058],[-93.70152,35.24062],[-93.70078,35.24071],[-93.70026,35.24072],[-93.69964,35.2407],[-93.69938,35.24061],[-93.69928,35.24054],[-93.69913,35.24041],[-93.69886,35.24007],[-93.69856,35.23972],[-93.69843,35.23957],[-93.69834,35.23945],[-93.69828,35.23928],[-93.69832,35.23865],[-93.69827,35.23847],[-93.69814,35.2383],[-93.69796,35.23812],[-93.69777,35.23794],[-93.69752,35.23773],[-93.69724,35.2376],[-93.69691,35.23746],[-93.69639,35.23724],[-93.69615,35.23715],[-93.69595,35.23711],[-93.69558,35.23707],[-93.69477,35.237],[-93.6944,35.23696],[-93.69403,35.23691],[-93.69377,35.23688],[-93.69318,35.23688],[-93.69237,35.23688],[-93.69158,35.23687],[-93.69114,35.2369],[-93.69086,35.23687],[-93.69049,35.2368],[-93.69005,35.23659],[-93.68953,35.23634],[-93.68927,35.23619],[-93.68908,35.23608],[-93.6887,35.23601],[-93.68814,35.23591],[-93.6879,35.23585],[-93.68767,35.23577],[-93.68688,35.23536],[-93.68644,35.23513],[-93.68625,35.23499],[-93.68598,35.23469],[-93.68575,35.23451],[-93.68557,35.23448],[-93.6854,35.2345],[-93.6852,35.23453],[-93.68495,35.23461],[-93.6846,35.23481],[-93.68433,35.23491],[-93.68392,35.23502],[-93.68366,35.23506]]},"properties":{"layer":"roads_100ft_buffer","name":"Zelon Young Road","description":"AGFC WMA road Zelon Young Road (Gravel, USFS). 100-ft no-hunt setback applies. Source: AGFC FeatureServer/8.","ftype":"Gravel","owner":"USFS","feature_role":"road_centerline"}},{"type":"Feature","geometry":{"type":"LineString","coordinates":[[-93.64324,35.24643],[-93.6431,35.24654],[-93.6429,35.2466],[-93.64266,35.2466],[-93.6396,35.24647],[-93.63745,35.2464]]},"properties":{"layer":"roads_100ft_buffer","name":"Rich Mountain Road","description":"AGFC WMA road Rich Mountain Road (Gravel, County). 100-ft no-hunt setback applies. Source: AGFC FeatureServer/8.","ftype":"Gravel","owner":"County","feature_role":"road_centerline"}},{"type":"Feature","geometry":{"type":"LineString","coordinates":[[-93.43003,35.15649],[-93.43021,35.15647],[-93.43027,35.15644],[-93.4304,35.15644],[-93.43065,35.15647],[-93.43091,35.15646],[-93.43118,35.1564],[-93.43141,35.1563],[-93.4317,35.15621],[-93.43225,35.15621],[-93.43257,35.15621],[-93.43324,35.15619],[-93.43426,35.15617],[-93.43478,35.15617],[-93.43543,35.15615],[-93.43588,35.15618],[-93.43624,35.15617],[-93.43661,35.15614],[-93.43694,35.15611],[-93.43744,35.1561],[-93.43799,35.15608],[-93.43837,35.15606],[-93.43875,35.1561],[-93.43896,35.15612],[-93.43967,35.15623],[-93.44059,35.15635],[-93.44131,35.15645],[-93.44235,35.1566],[-93.44397,35.15679],[-93.44425,35.15682],[-93.44463,35.15687],[-93.44506,35.15695],[-93.44542,35.15703],[-93.44568,35.1571],[-93.44584,35.15718],[-93.44594,35.15728],[-93.44608,35.15764],[-93.44614,35.15782],[-93.44615,35.15795],[-93.44613,35.15811],[-93.44609,35.15834],[-93.44609,35.15853],[-93.44612,35.15884],[-93.44612,35.15908],[-93.44611,35.15918],[-93.44614,35.15962],[-93.44625,35.15988],[-93.44632,35.16008],[-93.44631,35.16035],[-93.44632,35.16058],[-93.44635,35.16083],[-93.44645,35.16103],[-93.44652,35.16117],[-93.44677,35.16145],[-93.44705,35.16175],[-93.44729,35.16196],[-93.44763,35.16225],[-93.44779,35.16237],[-93.44795,35.16244],[-93.44815,35.16251],[-93.4485,35.16258],[-93.44881,35.16265],[-93.4491,35.16276],[-93.4494,35.16291],[-93.4497,35.16301],[-93.44992,35.16306],[-93.45052,35.16307],[-93.45132,35.16308],[-93.45183,35.16309],[-93.45269,35.16314],[-93.45379,35.16318],[-93.45433,35.1632],[-93.45492,35.16325],[-93.4554,35.16328],[-93.45576,35.16328],[-93.45632,35.16325],[-93.45692,35.16322],[-93.45745,35.16317],[-93.45794,35.16318],[-93.45868,35.16313],[-93.45927,35.16309],[-93.45945,35.16308],[-93.45968,35.16311],[-93.46029,35.16321],[-93.46084,35.16331],[-93.46109,35.16335],[-93.46134,35.16333],[-93.46158,35.16326],[-93.46191,35.16313],[-93.46208,35.16307],[-93.46224,35.16302],[-93.4624,35.16298],[-93.46247,35.16296],[-93.46298,35.16301],[-93.46389,35.16317],[-93.46506,35.16336],[-93.46621,35.16356],[-93.46683,35.16365],[-93.46723,35.16372],[-93.46756,35.16385],[-93.46786,35.16391],[-93.4682,35.16394],[-93.46841,35.16393],[-93.46861,35.16388],[-93.46877,35.16379],[-93.46884,35.16374],[-93.46933,35.16323],[-93.46974,35.16287],[-93.47006,35.16259],[-93.4703,35.16241],[-93.4705,35.16229],[-93.4707,35.16221],[-93.47102,35.16212],[-93.47132,35.16206],[-93.47168,35.16202],[-93.47194,35.16204],[-93.47234,35.16204],[-93.47316,35.16208],[-93.47416,35.16211],[-93.47503,35.16213],[-93.47549,35.16214],[-93.47613,35.16211],[-93.47681,35.16205],[-93.47744,35.1619],[-93.47794,35.16174],[-93.47816,35.16163],[-93.47836,35.16151],[-93.47842,35.16146],[-93.47869,35.1611],[-93.47885,35.16095],[-93.47899,35.16081],[-93.47911,35.16073],[-93.4793,35.16065],[-93.47951,35.16059],[-93.47991,35.16059],[-93.48055,35.16064],[-93.48096,35.16067],[-93.48124,35.16069],[-93.4815,35.16071],[-93.48186,35.16073],[-93.48211,35.16077],[-93.48232,35.16083],[-93.48256,35.16094],[-93.48279,35.16103],[-93.48299,35.16108],[-93.48321,35.16109],[-93.48342,35.16107],[-93.48392,35.16098],[-93.48512,35.16073],[-93.48646,35.16046],[-93.48746,35.16024],[-93.48809,35.16012],[-93.48841,35.16006],[-93.48861,35.16004],[-93.48877,35.16005],[-93.48893,35.16007],[-93.48912,35.16014],[-93.48929,35.1602],[-93.48951,35.16029],[-93.48969,35.16036],[-93.48988,35.1604],[-93.49017,35.16042],[-93.49054,35.16041],[-93.49078,35.16042],[-93.49103,35.16044],[-93.49121,35.16046],[-93.49167,35.16057],[-93.49213,35.1607],[-93.49251,35.16079],[-93.49272,35.16083],[-93.49347,35.16103],[-93.49375,35.1611],[-93.49389,35.16114],[-93.49403,35.16113],[-93.4942,35.16106],[-93.49453,35.16088],[-93.49482,35.16073],[-93.49497,35.16067],[-93.49529,35.16056],[-93.49538,35.1605],[-93.49546,35.16042],[-93.49561,35.16019],[-93.49581,35.15986],[-93.49595,35.15966],[-93.4961,35.15951],[-93.49643,35.15931],[-93.49672,35.15917],[-93.49696,35.15909],[-93.49716,35.15901],[-93.49729,35.15892],[-93.49747,35.15871],[-93.49752,35.1586],[-93.49753,35.15849],[-93.49749,35.1584],[-93.49731,35.15821],[-93.49706,35.15801],[-93.49689,35.15783],[-93.49677,35.1575],[-93.49668,35.15718],[-93.49661,35.15692],[-93.4964,35.15658],[-93.49621,35.15642],[-93.49586,35.1563],[-93.49565,35.15622],[-93.49534,35.15603],[-93.49511,35.15592],[-93.49489,35.15586],[-93.49406,35.15582],[-93.49342,35.15578],[-93.49279,35.15579],[-93.49244,35.15579],[-93.49218,35.15575],[-93.49185,35.15567],[-93.4913,35.15562],[-93.49086,35.15554],[-93.49033,35.15554],[-93.48996,35.1555],[-93.48963,35.15547],[-93.48919,35.15542],[-93.48892,35.15537],[-93.48843,35.15527],[-93.48811,35.15525],[-93.4879,35.15526],[-93.48747,35.15528],[-93.48718,35.15527],[-93.48689,35.15526],[-93.48651,35.15524],[-93.48608,35.15523],[-93.48574,35.15519],[-93.48549,35.15518],[-93.48519,35.15519],[-93.4848,35.15522],[-93.48439,35.15526],[-93.4842,35.15527],[-93.48404,35.15524],[-93.48365,35.15517],[-93.48342,35.15514],[-93.48308,35.15513],[-93.48285,35.15511],[-93.48257,35.15504],[-93.48191,35.15478],[-93.48157,35.15463],[-93.48123,35.15446],[-93.48092,35.1543],[-93.48065,35.15417],[-93.48041,35.15409],[-93.48006,35.15402],[-93.47986,35.15396],[-93.47967,35.15385],[-93.47954,35.15374],[-93.47922,35.1534],[-93.47891,35.15305],[-93.4786,35.15273],[-93.47838,35.15239],[-93.47812,35.15203],[-93.47793,35.15174],[-93.47771,35.15149],[-93.47742,35.15126],[-93.477,35.15102],[-93.47677,35.15092],[-93.47667,35.15085],[-93.47658,35.15074],[-93.47654,35.15066],[-93.47654,35.15051],[-93.4766,35.15037],[-93.47666,35.15027],[-93.47677,35.1502],[-93.47686,35.15015],[-93.47706,35.15011],[-93.47731,35.15011],[-93.47775,35.15012],[-93.4781,35.15012],[-93.47841,35.15008],[-93.47874,35.14998],[-93.47894,35.14988],[-93.47918,35.14975],[-93.47935,35.14971],[-93.47954,35.14972],[-93.47979,35.14977],[-93.48005,35.1498],[-93.48052,35.15004],[-93.48086,35.15022]]},"properties":{"layer":"roads_100ft_buffer","name":"Hickory Grove Road","description":"AGFC WMA road Hickory Grove Road (Gravel, USFS). 100-ft no-hunt setback applies. Source: AGFC FeatureServer/8.","ftype":"Gravel","owner":"USFS","feature_role":"road_centerline"}},{"type":"Feature","geometry":{"type":"LineString","coordinates":[[-93.67011,35.21098],[-93.66965,35.21072],[-93.66909,35.21041],[-93.66883,35.21025],[-93.66858,35.21011],[-93.6682,35.20996],[-93.66786,35.20981],[-93.66763,35.2097],[-93.66743,35.20957],[-93.66722,35.20944],[-93.66715,35.20939],[-93.667,35.20934],[-93.66676,35.20924],[-93.66657,35.20917],[-93.66639,35.20907],[-93.66623,35.20895],[-93.66612,35.20881],[-93.66592,35.20845],[-93.6658,35.20815],[-93.66573,35.20798],[-93.66566,35.20784],[-93.66558,35.20773],[-93.66549,35.20763],[-93.66528,35.20746],[-93.66512,35.20731],[-93.66503,35.20722],[-93.66498,35.20719],[-93.66492,35.20718],[-93.66486,35.2072],[-93.66482,35.20723],[-93.66479,35.20727],[-93.66474,35.2074],[-93.66471,35.20749],[-93.6647,35.20758],[-93.6647,35.20774],[-93.6647,35.20785],[-93.66468,35.20796],[-93.6646,35.20808],[-93.66427,35.20844],[-93.66414,35.20859],[-93.66407,35.20867],[-93.66398,35.2087],[-93.66389,35.2087],[-93.66376,35.20867],[-93.66353,35.2086],[-93.66298,35.20855],[-93.66258,35.20855],[-93.66233,35.20851],[-93.66197,35.20839],[-93.6618,35.2083],[-93.66162,35.20824],[-93.66148,35.20822],[-93.66135,35.20822],[-93.6612,35.20826],[-93.66108,35.20832],[-93.66101,35.20839],[-93.66097,35.2085],[-93.66096,35.20862],[-93.66103,35.20874],[-93.66114,35.20892],[-93.6612,35.20908],[-93.66123,35.20918],[-93.66123,35.20925],[-93.66121,35.20938],[-93.66115,35.20952],[-93.66106,35.2096],[-93.66076,35.20988],[-93.6606,35.21003],[-93.66039,35.21023],[-93.66021,35.21031],[-93.65993,35.21044],[-93.65961,35.21067],[-93.65927,35.21096],[-93.65918,35.21105],[-93.6591,35.21122],[-93.65903,35.21134],[-93.65898,35.21144],[-93.65889,35.21154],[-93.65881,35.2116],[-93.65875,35.21162],[-93.65862,35.21164],[-93.6585,35.21164],[-93.65839,35.21158],[-93.65829,35.21153],[-93.65817,35.2115],[-93.65804,35.21144],[-93.65795,35.2114],[-93.65789,35.21138],[-93.65784,35.21134],[-93.65764,35.21108],[-93.65751,35.21091],[-93.65742,35.21084],[-93.65735,35.21079],[-93.65728,35.21076],[-93.6572,35.21077],[-93.65713,35.2108],[-93.6571,35.21085],[-93.65683,35.21129],[-93.65669,35.21178],[-93.65655,35.21231],[-93.6565,35.21261],[-93.65648,35.21289],[-93.65653,35.21319],[-93.65665,35.21366],[-93.65683,35.2142],[-93.6569,35.21445],[-93.6569,35.21465],[-93.65688,35.21482],[-93.65675,35.21509],[-93.65663,35.21528]]},"properties":{"layer":"roads_100ft_buffer","name":"Forest Road","description":"AGFC WMA road Forest Road (Gravel, USFS). 100-ft no-hunt setback applies. Source: AGFC FeatureServer/8.","ftype":"Gravel","owner":"USFS","feature_role":"road_centerline"}},{"type":"Feature","geometry":{"type":"LineString","coordinates":[[-93.35112,35.19423],[-93.35149,35.19413],[-93.35161,35.1941],[-93.35229,35.19386],[-93.35263,35.1938],[-93.35304,35.19369],[-93.35347,35.19364],[-93.35369,35.19362],[-93.3542,35.19358],[-93.35453,35.19354],[-93.35504,35.19345],[-93.3555,35.19338],[-93.35612,35.19335],[-93.35666,35.19329],[-93.357,35.19325],[-93.35726,35.19319],[-93.35778,35.1931],[-93.35823,35.19305],[-93.35879,35.19298],[-93.35926,35.19293],[-93.35956,35.19285],[-93.35995,35.19272],[-93.3603,35.1926],[-93.36084,35.19243],[-93.36159,35.19219],[-93.36258,35.19197],[-93.36298,35.19187],[-93.36344,35.1918],[-93.36454,35.19163],[-93.36523,35.19151],[-93.36641,35.1914],[-93.36777,35.19128],[-93.36828,35.19122],[-93.3689,35.19117],[-93.36909,35.19114],[-93.36985,35.19081],[-93.37087,35.19043],[-93.37167,35.19011],[-93.37241,35.18983],[-93.37293,35.18965],[-93.3735,35.18947],[-93.37463,35.18922],[-93.37601,35.1889],[-93.37643,35.18882],[-93.37677,35.18875],[-93.37718,35.18871],[-93.37752,35.18869],[-93.37773,35.18864],[-93.37785,35.18858],[-93.37791,35.18853]]},"properties":{"layer":"roads_100ft_buffer","name":"Slo Fork Road","description":"AGFC WMA road Slo Fork Road (Gravel, USFS). 100-ft no-hunt setback applies. Source: AGFC FeatureServer/8.","ftype":"Gravel","owner":"USFS","feature_role":"road_centerline"}},{"type":"Feature","geometry":{"type":"LineString","coordinates":[[-93.38054,35.18864],[-93.38054,35.18884],[-93.38051,35.18926],[-93.38055,35.18948],[-93.38057,35.18959],[-93.38072,35.18986],[-93.38085,35.19004],[-93.38143,35.19052],[-93.3818,35.19086],[-93.38199,35.19109],[-93.38229,35.1917],[-93.38267,35.19255],[-93.38296,35.19301],[-93.38322,35.19353],[-93.38344,35.19393],[-93.38394,35.19491],[-93.38408,35.19524],[-93.38413,35.19538],[-93.38415,35.19555],[-93.38412,35.19571],[-93.38404,35.19595],[-93.38373,35.19655],[-93.38367,35.19672],[-93.3836,35.19693],[-93.38359,35.19708],[-93.38366,35.19755],[-93.38366,35.19777],[-93.38362,35.19799],[-93.38348,35.19839],[-93.38347,35.1986],[-93.38337,35.1993],[-93.38331,35.20028],[-93.38329,35.2007],[-93.38321,35.20089],[-93.38302,35.20112],[-93.38287,35.2012],[-93.38265,35.20126],[-93.38148,35.20139],[-93.38064,35.20148],[-93.38003,35.20153],[-93.37961,35.20159],[-93.37942,35.20163],[-93.37913,35.20173],[-93.37888,35.20185],[-93.37866,35.202],[-93.37852,35.2021],[-93.37838,35.20223],[-93.37825,35.20245],[-93.37809,35.20291],[-93.37777,35.20341],[-93.37732,35.20389],[-93.37705,35.20417],[-93.3769,35.20426],[-93.37613,35.20454],[-93.37543,35.20477],[-93.37522,35.20487],[-93.375,35.20504],[-93.37473,35.20527],[-93.37457,35.20537],[-93.3744,35.20541],[-93.37426,35.20542],[-93.37415,35.20539],[-93.37394,35.20532],[-93.3737,35.20521],[-93.37349,35.20516],[-93.37209,35.20503],[-93.37182,35.20502],[-93.37161,35.20505],[-93.3714,35.2051],[-93.37119,35.20518],[-93.371,35.20528],[-93.3708,35.20544],[-93.37045,35.20586],[-93.36987,35.2066],[-93.36963,35.2069],[-93.36953,35.20708],[-93.36949,35.20719],[-93.36948,35.20736],[-93.36957,35.20755],[-93.36978,35.2078],[-93.36987,35.20803],[-93.36993,35.20827],[-93.36994,35.20856],[-93.36989,35.20872],[-93.36977,35.20895],[-93.36963,35.20925],[-93.36957,35.20944],[-93.36958,35.20963],[-93.36964,35.20978],[-93.36976,35.20989],[-93.37008,35.21005],[-93.37144,35.21067],[-93.3715,35.21084],[-93.37155,35.21097],[-93.37158,35.21125],[-93.37166,35.21144],[-93.37176,35.21159],[-93.3721,35.21187],[-93.3723,35.21207],[-93.37247,35.21235],[-93.37283,35.21312],[-93.37308,35.21377],[-93.37307,35.21399],[-93.37279,35.21447],[-93.37261,35.21473],[-93.37257,35.21487],[-93.37248,35.2155],[-93.37245,35.21621],[-93.37257,35.21713],[-93.37263,35.21733],[-93.37278,35.21752],[-93.37308,35.21773],[-93.37342,35.21786],[-93.3737,35.2179],[-93.37404,35.21782],[-93.37466,35.21759],[-93.37502,35.21753],[-93.37528,35.21753],[-93.37558,35.2176],[-93.37577,35.21768],[-93.37596,35.21783],[-93.37615,35.21803],[-93.37627,35.21823],[-93.37657,35.21907],[-93.37708,35.22071],[-93.37729,35.22113],[-93.37731,35.2213],[-93.37729,35.22148],[-93.37704,35.2221],[-93.37681,35.22267],[-93.37662,35.22307],[-93.37639,35.22333],[-93.37614,35.22363],[-93.37604,35.22382],[-93.37602,35.22399],[-93.37601,35.2242],[-93.37611,35.2247],[-93.37624,35.22502],[-93.37631,35.2252],[-93.37657,35.22547],[-93.37694,35.22577],[-93.37731,35.22604],[-93.37752,35.22626],[-93.37772,35.22647],[-93.3778,35.22666],[-93.37789,35.22694],[-93.37804,35.22716],[-93.37836,35.22742],[-93.37846,35.2275],[-93.37872,35.22766],[-93.37887,35.22768],[-93.37914,35.22769],[-93.37948,35.22768],[-93.37984,35.2277],[-93.38074,35.22776],[-93.38107,35.22771],[-93.38143,35.22763],[-93.38174,35.22758],[-93.38188,35.2276],[-93.38232,35.22764],[-93.3829,35.22777],[-93.38329,35.22784],[-93.3836,35.22784],[-93.38443,35.22779],[-93.38481,35.2277],[-93.385,35.2276],[-93.38515,35.22755],[-93.38534,35.22755],[-93.38556,35.2276],[-93.38579,35.22767],[-93.38629,35.2278],[-93.38725,35.22793],[-93.38779,35.22801],[-93.38798,35.22801],[-93.38871,35.22796],[-93.39105,35.22799],[-93.39153,35.22802],[-93.39201,35.22812],[-93.39228,35.22823],[-93.39241,35.22833],[-93.39269,35.22864],[-93.393,35.22892],[-93.39326,35.22903],[-93.39356,35.22904],[-93.39399,35.22901],[-93.39418,35.22901],[-93.39455,35.22892],[-93.39485,35.2288],[-93.39511,35.22877],[-93.39536,35.22876],[-93.39563,35.22879],[-93.39642,35.22905],[-93.39689,35.22919],[-93.39718,35.22926],[-93.39799,35.22919],[-93.39836,35.22914],[-93.39905,35.22894],[-93.39955,35.22882],[-93.40005,35.22872],[-93.40044,35.2287],[-93.40098,35.22871],[-93.40125,35.22868],[-93.40176,35.22856],[-93.4023,35.22843],[-93.40244,35.22844],[-93.40274,35.22852],[-93.40312,35.22866],[-93.40336,35.22871],[-93.4036,35.22871],[-93.40385,35.22866],[-93.40416,35.22849],[-93.40492,35.22808],[-93.40525,35.22788],[-93.40578,35.22754],[-93.40613,35.22727],[-93.40637,35.22704],[-93.40661,35.22677],[-93.4068,35.22649],[-93.40693,35.22624],[-93.40708,35.22587],[-93.40722,35.22554],[-93.40729,35.22521],[-93.40732,35.22441],[-93.40734,35.2242],[-93.4074,35.22408],[-93.40755,35.22393],[-93.40766,35.22386],[-93.4078,35.2238],[-93.40799,35.22377],[-93.40829,35.22377],[-93.40874,35.22378],[-93.40896,35.22377],[-93.40929,35.22367],[-93.40961,35.22355],[-93.40984,35.2234],[-93.40998,35.22323],[-93.41013,35.22296],[-93.41029,35.22265],[-93.4105,35.22232],[-93.41074,35.22208],[-93.411,35.22188],[-93.41126,35.22175],[-93.41146,35.22169],[-93.41167,35.22166],[-93.41194,35.22165],[-93.41242,35.22164],[-93.41269,35.22165],[-93.41296,35.22165],[-93.41322,35.22157],[-93.41347,35.22144],[-93.41364,35.2213],[-93.41382,35.22121],[-93.41406,35.22113],[-93.41446,35.22104],[-93.41491,35.22094],[-93.41527,35.22092],[-93.41554,35.22092],[-93.416,35.22099],[-93.41642,35.22105]]},"properties":{"layer":"roads_100ft_buffer","name":"Carter Mountan Rd","description":"AGFC WMA road Carter Mountan Rd (Gravel, USFS). 100-ft no-hunt setback applies. Source: AGFC FeatureServer/8.","ftype":"Gravel","owner":"USFS","feature_role":"road_centerline"}}]}